split,image_path,mask_path,width,height,image_channels,mask_channels,image_format,mask_format,image_size_kb,mask_size_kb,masked_pixels,mask_ratio
train,train/images/nail_train_000001.jpg,train/masks/nail_train_000001.png,640,640,3,1,JPEG,PNG,30.79,1.53,5821,0.014211
train,train/images/nail_train_000002.jpg,train/masks/nail_train_000002.png,640,640,3,1,JPEG,PNG,40.24,1.54,6634,0.016196
train,train/images/nail_train_000003.jpg,train/masks/nail_train_000003.png,640,640,3,1,JPEG,PNG,28.13,2.08,16648,0.040645
train,train/images/nail_train_000004.jpg,train/masks/nail_train_000004.png,640,640,3,1,JPEG,PNG,27.7,2.23,16678,0.040718
train,train/images/nail_train_000008.jpg,train/masks/nail_train_000008.png,640,640,3,1,JPEG,PNG,29.4,1.19,4607,0.011248
train,train/images/nail_train_000009.jpg,train/masks/nail_train_000009.png,640,640,3,1,JPEG,PNG,29.48,2.38,18728,0.045723
train,train/images/nail_train_000010.jpg,train/masks/nail_train_000010.png,640,640,3,1,JPEG,PNG,30.97,2.44,18681,0.045608
train,train/images/nail_train_000012.jpg,train/masks/nail_train_000012.png,640,640,3,1,JPEG,PNG,30.1,1.54,6940,0.016943
train,train/images/nail_train_000013.jpg,train/masks/nail_train_000013.png,640,640,3,1,JPEG,PNG,30.34,1.63,10349,0.025266
train,train/images/nail_train_000014.jpg,train/masks/nail_train_000014.png,640,640,3,1,JPEG,PNG,29.22,2.06,10317,0.025188
train,train/images/nail_train_000015.jpg,train/masks/nail_train_000015.png,640,640,3,1,JPEG,PNG,25.63,1.31,5246,0.012808
train,train/images/nail_train_000016.jpg,train/masks/nail_train_000016.png,640,640,3,1,JPEG,PNG,30.75,1.28,5247,0.01281
train,train/images/nail_train_000017.jpg,train/masks/nail_train_000017.png,640,640,3,1,JPEG,PNG,18.88,1.61,9907,0.024187
train,train/images/nail_train_000019.jpg,train/masks/nail_train_000019.png,640,640,3,1,JPEG,PNG,27.05,1.49,4959,0.012107
train,train/images/nail_train_000020.jpg,train/masks/nail_train_000020.png,640,640,3,1,JPEG,PNG,34.49,1.42,4937,0.012053
train,train/images/nail_train_000021.jpg,train/masks/nail_train_000021.png,640,640,3,1,JPEG,PNG,17.67,1.51,5030,0.01228
train,train/images/nail_train_000022.jpg,train/masks/nail_train_000022.png,640,640,3,1,JPEG,PNG,22.85,1.36,5006,0.012222
train,train/images/nail_train_000023.jpg,train/masks/nail_train_000023.png,640,640,3,1,JPEG,PNG,27.48,1.81,10756,0.02626
train,train/images/nail_train_000024.jpg,train/masks/nail_train_000024.png,640,640,3,1,JPEG,PNG,30.08,1.81,10780,0.026318
train,train/images/nail_train_000025.jpg,train/masks/nail_train_000025.png,640,640,3,1,JPEG,PNG,26.36,1.56,8095,0.019763
train,train/images/nail_train_000027.jpg,train/masks/nail_train_000027.png,640,640,3,1,JPEG,PNG,33.49,1.7,8450,0.02063
train,train/images/nail_train_000028.jpg,train/masks/nail_train_000028.png,640,640,3,1,JPEG,PNG,32.39,1.69,8495,0.02074
train,train/images/nail_train_000029.jpg,train/masks/nail_train_000029.png,640,640,3,1,JPEG,PNG,32.06,1.72,6987,0.017058
train,train/images/nail_train_000031.jpg,train/masks/nail_train_000031.png,640,640,3,1,JPEG,PNG,31.15,3.81,59900,0.14624
train,train/images/nail_train_000032.jpg,train/masks/nail_train_000032.png,640,640,3,1,JPEG,PNG,31.83,3.46,59840,0.146094
train,train/images/nail_train_000033.jpg,train/masks/nail_train_000033.png,640,640,3,1,JPEG,PNG,31.83,1.75,12281,0.029983
train,train/images/nail_train_000034.jpg,train/masks/nail_train_000034.png,640,640,3,1,JPEG,PNG,29.21,1.9,12245,0.029895
train,train/images/nail_train_000035.jpg,train/masks/nail_train_000035.png,640,640,3,1,JPEG,PNG,36.33,2.63,21393,0.052229
train,train/images/nail_train_000036.jpg,train/masks/nail_train_000036.png,640,640,3,1,JPEG,PNG,37.29,2.27,21459,0.05239
train,train/images/nail_train_000037.jpg,train/masks/nail_train_000037.png,640,640,3,1,JPEG,PNG,23.46,2.34,28450,0.069458
train,train/images/nail_train_000039.jpg,train/masks/nail_train_000039.png,640,640,3,1,JPEG,PNG,32.94,2,14159,0.034568
train,train/images/nail_train_000040.jpg,train/masks/nail_train_000040.png,640,640,3,1,JPEG,PNG,29.4,2.01,14134,0.034507
train,train/images/nail_train_000041.jpg,train/masks/nail_train_000041.png,640,640,3,1,JPEG,PNG,25.78,2,15721,0.038381
train,train/images/nail_train_000042.jpg,train/masks/nail_train_000042.png,640,640,3,1,JPEG,PNG,25.41,1.95,15714,0.038364
train,train/images/nail_train_000043.jpg,train/masks/nail_train_000043.png,640,640,3,1,JPEG,PNG,48.62,1.18,3359,0.008201
train,train/images/nail_train_000044.jpg,train/masks/nail_train_000044.png,640,640,3,1,JPEG,PNG,38.12,1.32,3361,0.008206
train,train/images/nail_train_000045.jpg,train/masks/nail_train_000045.png,640,640,3,1,JPEG,PNG,27.06,2.1,16060,0.039209
train,train/images/nail_train_000047.jpg,train/masks/nail_train_000047.png,640,640,3,1,JPEG,PNG,25.74,1.9,12747,0.031121
train,train/images/nail_train_000048.jpg,train/masks/nail_train_000048.png,640,640,3,1,JPEG,PNG,32.66,1.91,12732,0.031084
train,train/images/nail_train_000049.jpg,train/masks/nail_train_000049.png,640,640,3,1,JPEG,PNG,30.23,2.68,22278,0.05439
train,train/images/nail_train_000050.jpg,train/masks/nail_train_000050.png,640,640,3,1,JPEG,PNG,26.98,2.68,22211,0.054226
train,train/images/nail_train_000052.jpg,train/masks/nail_train_000052.png,640,640,3,1,JPEG,PNG,28.51,2.05,24567,0.059978
train,train/images/nail_train_000053.jpg,train/masks/nail_train_000053.png,640,640,3,1,JPEG,PNG,23.83,1.67,15044,0.036729
train,train/images/nail_train_000054.jpg,train/masks/nail_train_000054.png,640,640,3,1,JPEG,PNG,24.1,1.69,15659,0.03823
train,train/images/nail_train_000055.jpg,train/masks/nail_train_000055.png,640,640,3,1,JPEG,PNG,24.23,1.97,13623,0.033259
train,train/images/nail_train_000056.jpg,train/masks/nail_train_000056.png,640,640,3,1,JPEG,PNG,24.93,1.96,13639,0.033298
train,train/images/nail_train_000057.jpg,train/masks/nail_train_000057.png,640,640,3,1,JPEG,PNG,29.06,2.49,26082,0.063677
train,train/images/nail_train_000058.jpg,train/masks/nail_train_000058.png,640,640,3,1,JPEG,PNG,30.03,2.37,26141,0.063821
train,train/images/nail_train_000059.jpg,train/masks/nail_train_000059.png,640,640,3,1,JPEG,PNG,34.87,1.94,11281,0.027542
train,train/images/nail_train_000060.jpg,train/masks/nail_train_000060.png,640,640,3,1,JPEG,PNG,38.08,1.95,11317,0.027629
train,train/images/nail_train_000061.jpg,train/masks/nail_train_000061.png,640,640,3,1,JPEG,PNG,33.17,1.96,15891,0.038796
train,train/images/nail_train_000062.jpg,train/masks/nail_train_000062.png,640,640,3,1,JPEG,PNG,34.71,2.19,15900,0.038818
train,train/images/nail_train_000063.jpg,train/masks/nail_train_000063.png,640,640,3,1,JPEG,PNG,29.28,2.09,13337,0.032561
train,train/images/nail_train_000064.jpg,train/masks/nail_train_000064.png,640,640,3,1,JPEG,PNG,32.02,1.91,13343,0.032576
train,train/images/nail_train_000065.jpg,train/masks/nail_train_000065.png,640,640,3,1,JPEG,PNG,23.81,2.17,9341,0.022805
train,train/images/nail_train_000066.jpg,train/masks/nail_train_000066.png,640,640,3,1,JPEG,PNG,23.47,2.08,9300,0.022705
train,train/images/nail_train_000068.jpg,train/masks/nail_train_000068.png,640,640,3,1,JPEG,PNG,22.78,1.79,20499,0.050046
train,train/images/nail_train_000069.jpg,train/masks/nail_train_000069.png,640,640,3,1,JPEG,PNG,23.58,3.07,37885,0.092493
train,train/images/nail_train_000070.jpg,train/masks/nail_train_000070.png,640,640,3,1,JPEG,PNG,21.42,3.09,37839,0.09238
train,train/images/nail_train_000071.jpg,train/masks/nail_train_000071.png,640,640,3,1,JPEG,PNG,36.33,3.68,40433,0.098713
train,train/images/nail_train_000072.jpg,train/masks/nail_train_000072.png,640,640,3,1,JPEG,PNG,35.46,3.26,40592,0.099102
train,train/images/nail_train_000073.jpg,train/masks/nail_train_000073.png,640,640,3,1,JPEG,PNG,30.69,1.96,14621,0.035696
train,train/images/nail_train_000074.jpg,train/masks/nail_train_000074.png,640,640,3,1,JPEG,PNG,29.36,1.9,14730,0.035962
train,train/images/nail_train_000075.jpg,train/masks/nail_train_000075.png,640,640,3,1,JPEG,PNG,29.53,3.52,66809,0.163108
train,train/images/nail_train_000076.jpg,train/masks/nail_train_000076.png,640,640,3,1,JPEG,PNG,31.06,3.99,66498,0.162349
train,train/images/nail_train_000077.jpg,train/masks/nail_train_000077.png,640,640,3,1,JPEG,PNG,29.93,1.52,9103,0.022224
train,train/images/nail_train_000078.jpg,train/masks/nail_train_000078.png,640,640,3,1,JPEG,PNG,27.79,1.55,9125,0.022278
train,train/images/nail_train_000081.jpg,train/masks/nail_train_000081.png,640,640,3,1,JPEG,PNG,51.99,1.56,6220,0.015186
train,train/images/nail_train_000082.jpg,train/masks/nail_train_000082.png,640,640,3,1,JPEG,PNG,47.55,1.53,6202,0.015142
train,train/images/nail_train_000083.jpg,train/masks/nail_train_000083.png,640,640,3,1,JPEG,PNG,32.43,1.29,3340,0.008154
train,train/images/nail_train_000084.jpg,train/masks/nail_train_000084.png,640,640,3,1,JPEG,PNG,30.82,1.23,3344,0.008164
train,train/images/nail_train_000085.jpg,train/masks/nail_train_000085.png,640,640,3,1,JPEG,PNG,30.9,1.51,4557,0.011125
train,train/images/nail_train_000086.jpg,train/masks/nail_train_000086.png,640,640,3,1,JPEG,PNG,21.01,1.49,4572,0.011162
train,train/images/nail_train_000087.jpg,train/masks/nail_train_000087.png,640,640,3,1,JPEG,PNG,28.98,3.03,39175,0.095642
train,train/images/nail_train_000088.jpg,train/masks/nail_train_000088.png,640,640,3,1,JPEG,PNG,30.29,3.16,39161,0.095608
train,train/images/nail_train_000089.jpg,train/masks/nail_train_000089.png,640,640,3,1,JPEG,PNG,37.53,1.13,2503,0.006111
train,train/images/nail_train_000090.jpg,train/masks/nail_train_000090.png,640,640,3,1,JPEG,PNG,49.37,1.14,2499,0.006101
train,train/images/nail_train_000092.jpg,train/masks/nail_train_000092.png,640,640,3,1,JPEG,PNG,24.73,1.07,1850,0.004517
train,train/images/nail_train_000093.jpg,train/masks/nail_train_000093.png,640,640,3,1,JPEG,PNG,18.44,1.41,2478,0.00605
train,train/images/nail_train_000094.jpg,train/masks/nail_train_000094.png,640,640,3,1,JPEG,PNG,20.52,1.34,2482,0.00606
train,train/images/nail_train_000095.jpg,train/masks/nail_train_000095.png,640,640,3,1,JPEG,PNG,22.01,2.04,8315,0.0203
train,train/images/nail_train_000096.jpg,train/masks/nail_train_000096.png,640,640,3,1,JPEG,PNG,25.13,2.01,8330,0.020337
train,train/images/nail_train_000097.jpg,train/masks/nail_train_000097.png,640,640,3,1,JPEG,PNG,25.77,2.76,25724,0.062803
train,train/images/nail_train_000099.jpg,train/masks/nail_train_000099.png,640,640,3,1,JPEG,PNG,22.29,1.93,9997,0.024407
train,train/images/nail_train_000100.jpg,train/masks/nail_train_000100.png,640,640,3,1,JPEG,PNG,24.85,1.91,9980,0.024365
train,train/images/nail_train_000101.jpg,train/masks/nail_train_000101.png,640,640,3,1,JPEG,PNG,45.63,3.35,52788,0.128877
train,train/images/nail_train_000102.jpg,train/masks/nail_train_000102.png,640,640,3,1,JPEG,PNG,31.8,3.68,52773,0.12884
train,train/images/nail_train_000104.jpg,train/masks/nail_train_000104.png,640,640,3,1,JPEG,PNG,46.47,1.4,4630,0.011304
train,train/images/nail_train_000105.jpg,train/masks/nail_train_000105.png,640,640,3,1,JPEG,PNG,29.36,2.1,19136,0.046719
train,train/images/nail_train_000106.jpg,train/masks/nail_train_000106.png,640,640,3,1,JPEG,PNG,30.51,2,19192,0.046855
train,train/images/nail_train_000107.jpg,train/masks/nail_train_000107.png,640,640,3,1,JPEG,PNG,29.48,2.7,24724,0.060361
train,train/images/nail_train_000108.jpg,train/masks/nail_train_000108.png,640,640,3,1,JPEG,PNG,32.72,2.49,24766,0.060464
train,train/images/nail_train_000109.jpg,train/masks/nail_train_000109.png,640,640,3,1,JPEG,PNG,22.62,3.13,51638,0.126069
train,train/images/nail_train_000110.jpg,train/masks/nail_train_000110.png,640,640,3,1,JPEG,PNG,23.19,2.93,51831,0.126541
train,train/images/nail_train_000111.jpg,train/masks/nail_train_000111.png,640,640,3,1,JPEG,PNG,30.97,1.97,13639,0.033298
train,train/images/nail_train_000113.jpg,train/masks/nail_train_000113.png,640,640,3,1,JPEG,PNG,31.21,1.96,12066,0.029458
train,train/images/nail_train_000114.jpg,train/masks/nail_train_000114.png,640,640,3,1,JPEG,PNG,32.73,1.95,12015,0.029333
train,train/images/nail_train_000116.jpg,train/masks/nail_train_000116.png,640,640,3,1,JPEG,PNG,28.25,3.17,45544,0.111191
train,train/images/nail_train_000118.jpg,train/masks/nail_train_000118.png,640,640,3,1,JPEG,PNG,34.26,1.64,9202,0.022466
train,train/images/nail_train_000119.jpg,train/masks/nail_train_000119.png,640,640,3,1,JPEG,PNG,24.8,1.96,18127,0.044255
train,train/images/nail_train_000120.jpg,train/masks/nail_train_000120.png,640,640,3,1,JPEG,PNG,25.29,2.06,18120,0.044238
train,train/images/nail_train_000121.jpg,train/masks/nail_train_000121.png,640,640,3,1,JPEG,PNG,28.67,1.97,11192,0.027324
train,train/images/nail_train_000122.jpg,train/masks/nail_train_000122.png,640,640,3,1,JPEG,PNG,27.56,1.88,11219,0.02739
train,train/images/nail_train_000123.jpg,train/masks/nail_train_000123.png,640,640,3,1,JPEG,PNG,32.44,2.58,24302,0.059331
train,train/images/nail_train_000124.jpg,train/masks/nail_train_000124.png,640,640,3,1,JPEG,PNG,34.47,2.56,24297,0.059319
train,train/images/nail_train_000127.jpg,train/masks/nail_train_000127.png,640,640,3,1,JPEG,PNG,26.29,3.67,58723,0.143367
train,train/images/nail_train_000128.jpg,train/masks/nail_train_000128.png,640,640,3,1,JPEG,PNG,33.32,3.8,59224,0.14459
train,train/images/nail_train_000129.jpg,train/masks/nail_train_000129.png,640,640,3,1,JPEG,PNG,24.74,2.52,21814,0.053257
train,train/images/nail_train_000130.jpg,train/masks/nail_train_000130.png,640,640,3,1,JPEG,PNG,22.73,2.41,21837,0.053313
train,train/images/nail_train_000132.jpg,train/masks/nail_train_000132.png,640,640,3,1,JPEG,PNG,41.28,1.44,7915,0.019324
train,train/images/nail_train_000133.jpg,train/masks/nail_train_000133.png,640,640,3,1,JPEG,PNG,26.69,2.94,27424,0.066953
train,train/images/nail_train_000134.jpg,train/masks/nail_train_000134.png,640,640,3,1,JPEG,PNG,23.42,2.64,27373,0.066829
train,train/images/nail_train_000137.jpg,train/masks/nail_train_000137.png,640,640,3,1,JPEG,PNG,23.86,3.69,45115,0.110144
train,train/images/nail_train_000138.jpg,train/masks/nail_train_000138.png,640,640,3,1,JPEG,PNG,24.38,3.7,45183,0.11031
train,train/images/nail_train_000139.jpg,train/masks/nail_train_000139.png,640,640,3,1,JPEG,PNG,21.88,2.99,31459,0.076804
train,train/images/nail_train_000140.jpg,train/masks/nail_train_000140.png,640,640,3,1,JPEG,PNG,23.41,2.94,31540,0.077002
train,train/images/nail_train_000141.jpg,train/masks/nail_train_000141.png,640,640,3,1,JPEG,PNG,29.89,3.07,37770,0.092212
train,train/images/nail_train_000142.jpg,train/masks/nail_train_000142.png,640,640,3,1,JPEG,PNG,26.43,3.08,37898,0.092524
train,train/images/nail_train_000143.jpg,train/masks/nail_train_000143.png,640,640,3,1,JPEG,PNG,29.09,2.93,37217,0.090862
train,train/images/nail_train_000144.jpg,train/masks/nail_train_000144.png,640,640,3,1,JPEG,PNG,29.31,3.12,37165,0.090735
train,train/images/nail_train_000145.jpg,train/masks/nail_train_000145.png,640,640,3,1,JPEG,PNG,24.61,3.05,34780,0.084912
train,train/images/nail_train_000146.jpg,train/masks/nail_train_000146.png,640,640,3,1,JPEG,PNG,24.29,2.58,35039,0.085544
train,train/images/nail_train_000147.jpg,train/masks/nail_train_000147.png,640,640,3,1,JPEG,PNG,27.39,2.82,38965,0.095129
train,train/images/nail_train_000148.jpg,train/masks/nail_train_000148.png,640,640,3,1,JPEG,PNG,31.06,2.75,39244,0.095811
train,train/images/nail_train_000149.jpg,train/masks/nail_train_000149.png,640,640,3,1,JPEG,PNG,21.96,2.41,23258,0.056782
train,train/images/nail_train_000150.jpg,train/masks/nail_train_000150.png,640,640,3,1,JPEG,PNG,23.94,2.82,23253,0.05677
train,train/images/nail_train_000151.jpg,train/masks/nail_train_000151.png,640,640,3,1,JPEG,PNG,23.46,1.72,8388,0.020479
train,train/images/nail_train_000152.jpg,train/masks/nail_train_000152.png,640,640,3,1,JPEG,PNG,21.53,1.7,8335,0.020349
train,train/images/nail_train_000153.jpg,train/masks/nail_train_000153.png,640,640,3,1,JPEG,PNG,21.99,2.77,23225,0.056702
train,train/images/nail_train_000154.jpg,train/masks/nail_train_000154.png,640,640,3,1,JPEG,PNG,24.24,2.87,23282,0.056841
train,train/images/nail_train_000155.jpg,train/masks/nail_train_000155.png,640,640,3,1,JPEG,PNG,27.39,2.63,29413,0.071809
train,train/images/nail_train_000156.jpg,train/masks/nail_train_000156.png,640,640,3,1,JPEG,PNG,26.73,2.7,29364,0.071689
train,train/images/nail_train_000157.jpg,train/masks/nail_train_000157.png,640,640,3,1,JPEG,PNG,28.42,2.63,33461,0.081692
train,train/images/nail_train_000158.jpg,train/masks/nail_train_000158.png,640,640,3,1,JPEG,PNG,27.99,2.64,33478,0.081733
train,train/images/nail_train_000159.jpg,train/masks/nail_train_000159.png,640,640,3,1,JPEG,PNG,24.71,1.79,15700,0.03833
train,train/images/nail_train_000160.jpg,train/masks/nail_train_000160.png,640,640,3,1,JPEG,PNG,22.84,2.42,15681,0.038284
train,train/images/nail_train_000161.jpg,train/masks/nail_train_000161.png,640,640,3,1,JPEG,PNG,40.64,1.81,11404,0.027842
train,train/images/nail_train_000162.jpg,train/masks/nail_train_000162.png,640,640,3,1,JPEG,PNG,39.3,1.83,11414,0.027866
train,train/images/nail_train_000163.jpg,train/masks/nail_train_000163.png,640,640,3,1,JPEG,PNG,30.42,2.48,18981,0.04634
train,train/images/nail_train_000164.jpg,train/masks/nail_train_000164.png,640,640,3,1,JPEG,PNG,28.4,2.47,18947,0.046257
train,train/images/nail_train_000166.jpg,train/masks/nail_train_000166.png,640,640,3,1,JPEG,PNG,30.23,1.73,10272,0.025078
train,train/images/nail_train_000167.jpg,train/masks/nail_train_000167.png,640,640,3,1,JPEG,PNG,29.96,1.46,16086,0.039272
train,train/images/nail_train_000168.jpg,train/masks/nail_train_000168.png,640,640,3,1,JPEG,PNG,34.4,1.56,16144,0.039414
train,train/images/nail_train_000169.jpg,train/masks/nail_train_000169.png,640,640,3,1,JPEG,PNG,32.33,1.76,15581,0.03804
train,train/images/nail_train_000170.jpg,train/masks/nail_train_000170.png,640,640,3,1,JPEG,PNG,34.75,2.1,15528,0.03791
train,train/images/nail_train_000171.jpg,train/masks/nail_train_000171.png,640,640,3,1,JPEG,PNG,25.53,1.99,18533,0.045247
train,train/images/nail_train_000172.jpg,train/masks/nail_train_000172.png,640,640,3,1,JPEG,PNG,27.7,2.02,18560,0.045312
train,train/images/nail_train_000173.jpg,train/masks/nail_train_000173.png,640,640,3,1,JPEG,PNG,33.16,1.9,12839,0.031345
train,train/images/nail_train_000174.jpg,train/masks/nail_train_000174.png,640,640,3,1,JPEG,PNG,27.84,1.91,12822,0.031304
train,train/images/nail_train_000175.jpg,train/masks/nail_train_000175.png,640,640,3,1,JPEG,PNG,21.58,1.75,24102,0.058843
train,train/images/nail_train_000176.jpg,train/masks/nail_train_000176.png,640,640,3,1,JPEG,PNG,24.95,1.92,24021,0.058645
train,train/images/nail_train_000177.jpg,train/masks/nail_train_000177.png,640,640,3,1,JPEG,PNG,27.95,2.14,21154,0.051646
train,train/images/nail_train_000180.jpg,train/masks/nail_train_000180.png,640,640,3,1,JPEG,PNG,22.35,2.26,19105,0.046643
train,train/images/nail_train_000181.jpg,train/masks/nail_train_000181.png,640,640,3,1,JPEG,PNG,36.02,2.03,16919,0.041306
train,train/images/nail_train_000182.jpg,train/masks/nail_train_000182.png,640,640,3,1,JPEG,PNG,33.5,2.4,16871,0.041189
train,train/images/nail_train_000183.jpg,train/masks/nail_train_000183.png,640,640,3,1,JPEG,PNG,33.75,3.04,28666,0.069985
train,train/images/nail_train_000184.jpg,train/masks/nail_train_000184.png,640,640,3,1,JPEG,PNG,36.73,3.11,28615,0.069861
train,train/images/nail_train_000186.jpg,train/masks/nail_train_000186.png,640,640,3,1,JPEG,PNG,24.71,2.04,13317,0.032512
train,train/images/nail_train_000187.jpg,train/masks/nail_train_000187.png,640,640,3,1,JPEG,PNG,34.19,2.07,16378,0.039985
train,train/images/nail_train_000188.jpg,train/masks/nail_train_000188.png,640,640,3,1,JPEG,PNG,32.33,2.03,16301,0.039797
train,train/images/nail_train_000189.jpg,train/masks/nail_train_000189.png,640,640,3,1,JPEG,PNG,26.75,1.17,4946,0.012075
train,train/images/nail_train_000190.jpg,train/masks/nail_train_000190.png,640,640,3,1,JPEG,PNG,26.32,1.37,4958,0.012104
train,train/images/nail_train_000191.jpg,train/masks/nail_train_000191.png,640,640,3,1,JPEG,PNG,26.57,1.58,14965,0.036536
train,train/images/nail_train_000192.jpg,train/masks/nail_train_000192.png,640,640,3,1,JPEG,PNG,23.18,1.57,14999,0.036619
train,train/images/nail_train_000193.jpg,train/masks/nail_train_000193.png,640,640,3,1,JPEG,PNG,24.35,2.53,33323,0.081355
train,train/images/nail_train_000194.jpg,train/masks/nail_train_000194.png,640,640,3,1,JPEG,PNG,25.34,2.72,33330,0.081372
train,train/images/nail_train_000195.jpg,train/masks/nail_train_000195.png,640,640,3,1,JPEG,PNG,28.52,3.57,49609,0.121116
train,train/images/nail_train_000196.jpg,train/masks/nail_train_000196.png,640,640,3,1,JPEG,PNG,29.62,3.34,49296,0.120352
train,train/images/nail_train_000197.jpg,train/masks/nail_train_000197.png,640,640,3,1,JPEG,PNG,29.01,2.05,10416,0.02543
train,train/images/nail_train_000198.jpg,train/masks/nail_train_000198.png,640,640,3,1,JPEG,PNG,36.42,2.24,10425,0.025452
train,train/images/nail_train_000199.jpg,train/masks/nail_train_000199.png,640,640,3,1,JPEG,PNG,28.35,1.82,13448,0.032832
train,train/images/nail_train_000200.jpg,train/masks/nail_train_000200.png,640,640,3,1,JPEG,PNG,29.21,1.93,13474,0.032896
train,train/images/nail_train_000201.jpg,train/masks/nail_train_000201.png,640,640,3,1,JPEG,PNG,28.87,2.82,23855,0.05824
train,train/images/nail_train_000202.jpg,train/masks/nail_train_000202.png,640,640,3,1,JPEG,PNG,25.1,1.99,24161,0.058987
train,train/images/nail_train_000203.jpg,train/masks/nail_train_000203.png,640,640,3,1,JPEG,PNG,26.76,2.51,13296,0.032461
train,train/images/nail_train_000204.jpg,train/masks/nail_train_000204.png,640,640,3,1,JPEG,PNG,34.65,2.31,13324,0.032529
train,train/images/nail_train_000205.jpg,train/masks/nail_train_000205.png,640,640,3,1,JPEG,PNG,36.34,1.59,6567,0.016033
train,train/images/nail_train_000206.jpg,train/masks/nail_train_000206.png,640,640,3,1,JPEG,PNG,34.26,1.6,6580,0.016064
train,train/images/nail_train_000207.jpg,train/masks/nail_train_000207.png,640,640,3,1,JPEG,PNG,26.32,2.15,12875,0.031433
train,train/images/nail_train_000208.jpg,train/masks/nail_train_000208.png,640,640,3,1,JPEG,PNG,26.59,1.97,12902,0.031499
train,train/images/nail_train_000209.jpg,train/masks/nail_train_000209.png,640,640,3,1,JPEG,PNG,34.79,1.51,5538,0.013521
train,train/images/nail_train_000210.jpg,train/masks/nail_train_000210.png,640,640,3,1,JPEG,PNG,40.94,1.48,5534,0.013511
train,train/images/nail_train_000212.jpg,train/masks/nail_train_000212.png,640,640,3,1,JPEG,PNG,21.87,1.28,4759,0.011619
train,train/images/nail_train_000213.jpg,train/masks/nail_train_000213.png,640,640,3,1,JPEG,PNG,37.55,3.69,30477,0.074407
train,train/images/nail_train_000215.jpg,train/masks/nail_train_000215.png,640,640,3,1,JPEG,PNG,17.65,1.12,4768,0.011641
train,train/images/nail_train_000216.jpg,train/masks/nail_train_000216.png,640,640,3,1,JPEG,PNG,19.54,1.11,4811,0.011746
train,train/images/nail_train_000217.jpg,train/masks/nail_train_000217.png,640,640,3,1,JPEG,PNG,25.51,1.33,4901,0.011965
train,train/images/nail_train_000218.jpg,train/masks/nail_train_000218.png,640,640,3,1,JPEG,PNG,22.49,1.25,4893,0.011946
train,train/images/nail_train_000219.jpg,train/masks/nail_train_000219.png,640,640,3,1,JPEG,PNG,25.31,3.3,32030,0.078198
train,train/images/nail_train_000220.jpg,train/masks/nail_train_000220.png,640,640,3,1,JPEG,PNG,27.19,3.05,30234,0.073813
train,train/images/nail_train_000221.jpg,train/masks/nail_train_000221.png,640,640,3,1,JPEG,PNG,24.19,1.8,16233,0.039631
train,train/images/nail_train_000222.jpg,train/masks/nail_train_000222.png,640,640,3,1,JPEG,PNG,26.27,2.11,16246,0.039663
train,train/images/nail_train_000223.jpg,train/masks/nail_train_000223.png,640,640,3,1,JPEG,PNG,29.17,2.03,7752,0.018926
train,train/images/nail_train_000224.jpg,train/masks/nail_train_000224.png,640,640,3,1,JPEG,PNG,29.96,1.92,7741,0.018899
train,train/images/nail_train_000225.jpg,train/masks/nail_train_000225.png,640,640,3,1,JPEG,PNG,17.89,1.27,5819,0.014207
train,train/images/nail_train_000226.jpg,train/masks/nail_train_000226.png,640,640,3,1,JPEG,PNG,14.52,1.48,5791,0.014138
train,train/images/nail_train_000227.jpg,train/masks/nail_train_000227.png,640,640,3,1,JPEG,PNG,16.84,1.74,8336,0.020352
train,train/images/nail_train_000228.jpg,train/masks/nail_train_000228.png,640,640,3,1,JPEG,PNG,19.37,1.48,8320,0.020313
train,train/images/nail_train_000230.jpg,train/masks/nail_train_000230.png,640,640,3,1,JPEG,PNG,29.78,2.62,20834,0.050864
train,train/images/nail_train_000231.jpg,train/masks/nail_train_000231.png,640,640,3,1,JPEG,PNG,36,3.17,32730,0.079907
train,train/images/nail_train_000232.jpg,train/masks/nail_train_000232.png,640,640,3,1,JPEG,PNG,34.23,3.14,32675,0.079773
train,train/images/nail_train_000233.jpg,train/masks/nail_train_000233.png,640,640,3,1,JPEG,PNG,19.38,1.63,8226,0.020083
train,train/images/nail_train_000234.jpg,train/masks/nail_train_000234.png,640,640,3,1,JPEG,PNG,21.58,1.7,8260,0.020166
train,train/images/nail_train_000235.jpg,train/masks/nail_train_000235.png,640,640,3,1,JPEG,PNG,14.67,1.11,2608,0.006367
train,train/images/nail_train_000236.jpg,train/masks/nail_train_000236.png,640,640,3,1,JPEG,PNG,17.54,1.03,2627,0.006414
train,train/images/nail_train_000239.jpg,train/masks/nail_train_000239.png,640,640,3,1,JPEG,PNG,27.43,4,101807,0.248552
train,train/images/nail_train_000240.jpg,train/masks/nail_train_000240.png,640,640,3,1,JPEG,PNG,27.01,3.56,101790,0.248511
train,train/images/nail_train_000242.jpg,train/masks/nail_train_000242.png,640,640,3,1,JPEG,PNG,26.1,1.5,6871,0.016775
train,train/images/nail_train_000243.jpg,train/masks/nail_train_000243.png,640,640,3,1,JPEG,PNG,34.21,1.67,11660,0.028467
train,train/images/nail_train_000244.jpg,train/masks/nail_train_000244.png,640,640,3,1,JPEG,PNG,35.15,2.04,11594,0.028306
train,train/images/nail_train_000245.jpg,train/masks/nail_train_000245.png,640,640,3,1,JPEG,PNG,15.84,1.22,3978,0.009712
train,train/images/nail_train_000246.jpg,train/masks/nail_train_000246.png,640,640,3,1,JPEG,PNG,14.86,1.37,3972,0.009697
train,train/images/nail_train_000247.jpg,train/masks/nail_train_000247.png,640,640,3,1,JPEG,PNG,29.11,2.48,14538,0.035493
train,train/images/nail_train_000248.jpg,train/masks/nail_train_000248.png,640,640,3,1,JPEG,PNG,26.26,2.65,14561,0.035549
train,train/images/nail_train_000249.jpg,train/masks/nail_train_000249.png,640,640,3,1,JPEG,PNG,31.95,2.39,40937,0.099944
train,train/images/nail_train_000250.jpg,train/masks/nail_train_000250.png,640,640,3,1,JPEG,PNG,33.22,2.47,40963,0.100007
train,train/images/nail_train_000251.jpg,train/masks/nail_train_000251.png,640,640,3,1,JPEG,PNG,33.82,1.54,5929,0.014475
train,train/images/nail_train_000253.jpg,train/masks/nail_train_000253.png,640,640,3,1,JPEG,PNG,21.32,2.01,7090,0.01731
train,train/images/nail_train_000254.jpg,train/masks/nail_train_000254.png,640,640,3,1,JPEG,PNG,24.38,2.02,7079,0.017283
train,train/images/nail_train_000255.jpg,train/masks/nail_train_000255.png,640,640,3,1,JPEG,PNG,19.75,1.03,2352,0.005742
train,train/images/nail_train_000256.jpg,train/masks/nail_train_000256.png,640,640,3,1,JPEG,PNG,22.88,0.99,2365,0.005774
train,train/images/nail_train_000257.jpg,train/masks/nail_train_000257.png,640,640,3,1,JPEG,PNG,29.24,1.46,6519,0.015916
train,train/images/nail_train_000258.jpg,train/masks/nail_train_000258.png,640,640,3,1,JPEG,PNG,33.96,1.35,6534,0.015952
train,train/images/nail_train_000259.jpg,train/masks/nail_train_000259.png,640,640,3,1,JPEG,PNG,26.1,1.31,4792,0.011699
train,train/images/nail_train_000260.jpg,train/masks/nail_train_000260.png,640,640,3,1,JPEG,PNG,32.29,1.33,4774,0.011655
train,train/images/nail_train_000261.jpg,train/masks/nail_train_000261.png,640,640,3,1,JPEG,PNG,30.06,3,26797,0.065422
train,train/images/nail_train_000263.jpg,train/masks/nail_train_000263.png,640,640,3,1,JPEG,PNG,30.34,2.3,20620,0.050342
train,train/images/nail_train_000264.jpg,train/masks/nail_train_000264.png,640,640,3,1,JPEG,PNG,26.73,2.25,20600,0.050293
train,train/images/nail_train_000265.jpg,train/masks/nail_train_000265.png,640,640,3,1,JPEG,PNG,16.53,1.74,104797,0.255852
train,train/images/nail_train_000266.jpg,train/masks/nail_train_000266.png,640,640,3,1,JPEG,PNG,17.52,2.23,104318,0.254683
train,train/images/nail_train_000267.jpg,train/masks/nail_train_000267.png,640,640,3,1,JPEG,PNG,31.75,4.01,66329,0.161936
train,train/images/nail_train_000268.jpg,train/masks/nail_train_000268.png,640,640,3,1,JPEG,PNG,30.54,3.88,66213,0.161653
train,train/images/nail_train_000269.jpg,train/masks/nail_train_000269.png,640,640,3,1,JPEG,PNG,48.43,2.71,23773,0.05804
train,train/images/nail_train_000270.jpg,train/masks/nail_train_000270.png,640,640,3,1,JPEG,PNG,26.87,3.21,45073,0.110042
train,train/images/nail_train_000272.jpg,train/masks/nail_train_000272.png,640,640,3,1,JPEG,PNG,67.55,2.7,23676,0.057803
train,train/images/nail_train_000273.jpg,train/masks/nail_train_000273.png,640,640,3,1,JPEG,PNG,81.43,1.68,8305,0.020276
train,train/images/nail_train_000274.jpg,train/masks/nail_train_000274.png,640,640,3,1,JPEG,PNG,61.28,1.73,8300,0.020264
train,train/images/nail_train_000275.jpg,train/masks/nail_train_000275.png,640,640,3,1,JPEG,PNG,50.35,2.76,33510,0.081812
train,train/images/nail_train_000276.jpg,train/masks/nail_train_000276.png,640,640,3,1,JPEG,PNG,42.97,2.93,33502,0.081792
train,train/images/nail_train_000277.jpg,train/masks/nail_train_000277.png,640,640,3,1,JPEG,PNG,25.59,0.74,1476,0.003604
train,train/images/nail_train_000278.jpg,train/masks/nail_train_000278.png,640,640,3,1,JPEG,PNG,26.95,0.73,1475,0.003601
train,train/images/nail_train_000279.jpg,train/masks/nail_train_000279.png,640,640,3,1,JPEG,PNG,20.86,1.46,3835,0.009363
train,train/images/nail_train_000280.jpg,train/masks/nail_train_000280.png,640,640,3,1,JPEG,PNG,23.51,1.22,3833,0.009358
train,train/images/nail_train_000281.jpg,train/masks/nail_train_000281.png,640,640,3,1,JPEG,PNG,27.83,3.77,106900,0.260986
train,train/images/nail_train_000282.jpg,train/masks/nail_train_000282.png,640,640,3,1,JPEG,PNG,28.96,4.01,107308,0.261982
train,train/images/nail_train_000284.jpg,train/masks/nail_train_000284.png,640,640,3,1,JPEG,PNG,20.57,1.24,5059,0.012351
train,train/images/nail_train_000286.jpg,train/masks/nail_train_000286.png,640,640,3,1,JPEG,PNG,21.32,1.13,3355,0.008191
train,train/images/nail_train_000287.jpg,train/masks/nail_train_000287.png,640,640,3,1,JPEG,PNG,20.96,1.63,5730,0.013989
train,train/images/nail_train_000288.jpg,train/masks/nail_train_000288.png,640,640,3,1,JPEG,PNG,22.63,1.64,5714,0.01395
train,train/images/nail_train_000289.jpg,train/masks/nail_train_000289.png,640,640,3,1,JPEG,PNG,38.77,0.47,0,0
train,train/images/nail_train_000292.jpg,train/masks/nail_train_000292.png,640,640,3,1,JPEG,PNG,23.17,1.07,2878,0.007026
train,train/images/nail_train_000293.jpg,train/masks/nail_train_000293.png,640,640,3,1,JPEG,PNG,48.55,0.47,0,0
train,train/images/nail_train_000294.jpg,train/masks/nail_train_000294.png,640,640,3,1,JPEG,PNG,38.06,0.47,0,0
train,train/images/nail_train_000295.jpg,train/masks/nail_train_000295.png,640,640,3,1,JPEG,PNG,25.28,1.5,8720,0.021289
train,train/images/nail_train_000296.jpg,train/masks/nail_train_000296.png,640,640,3,1,JPEG,PNG,24.12,1.52,8699,0.021238
train,train/images/nail_train_000298.jpg,train/masks/nail_train_000298.png,640,640,3,1,JPEG,PNG,39.79,1.79,10590,0.025854
train,train/images/nail_train_000299.jpg,train/masks/nail_train_000299.png,640,640,3,1,JPEG,PNG,35.14,0.73,2757,0.006731
train,train/images/nail_train_000300.jpg,train/masks/nail_train_000300.png,640,640,3,1,JPEG,PNG,27.83,0.83,2734,0.006675
train,train/images/nail_train_000301.jpg,train/masks/nail_train_000301.png,640,640,3,1,JPEG,PNG,40.11,1.08,1955,0.004773
train,train/images/nail_train_000302.jpg,train/masks/nail_train_000302.png,640,640,3,1,JPEG,PNG,50.44,1.04,1950,0.004761
train,train/images/nail_train_000303.jpg,train/masks/nail_train_000303.png,640,640,3,1,JPEG,PNG,20.09,1.81,8856,0.021621
train,train/images/nail_train_000304.jpg,train/masks/nail_train_000304.png,640,640,3,1,JPEG,PNG,20.67,1.49,8881,0.021682
train,train/images/nail_train_000305.jpg,train/masks/nail_train_000305.png,640,640,3,1,JPEG,PNG,36.74,2.39,45064,0.11002
train,train/images/nail_train_000306.jpg,train/masks/nail_train_000306.png,640,640,3,1,JPEG,PNG,35.83,2.42,46129,0.11262
train,train/images/nail_train_000308.jpg,train/masks/nail_train_000308.png,640,640,3,1,JPEG,PNG,28.62,2.35,48540,0.118506
train,train/images/nail_train_000309.jpg,train/masks/nail_train_000309.png,640,640,3,1,JPEG,PNG,36.8,2.39,48722,0.11895
train,train/images/nail_train_000310.jpg,train/masks/nail_train_000310.png,640,640,3,1,JPEG,PNG,36.8,2.42,46090,0.112524
train,train/images/nail_train_000311.jpg,train/masks/nail_train_000311.png,640,640,3,1,JPEG,PNG,20.21,0.56,299,0.00073
train,train/images/nail_train_000312.jpg,train/masks/nail_train_000312.png,640,640,3,1,JPEG,PNG,23.32,0.58,299,0.00073
train,train/images/nail_train_000313.jpg,train/masks/nail_train_000313.png,640,640,3,1,JPEG,PNG,64.28,0.71,664,0.001621
train,train/images/nail_train_000314.jpg,train/masks/nail_train_000314.png,640,640,3,1,JPEG,PNG,71.65,0.75,666,0.001626
train,train/images/nail_train_000315.jpg,train/masks/nail_train_000315.png,640,640,3,1,JPEG,PNG,23.34,0.97,3852,0.009404
train,train/images/nail_train_000318.jpg,train/masks/nail_train_000318.png,640,640,3,1,JPEG,PNG,22.41,0.47,0,0
train,train/images/nail_train_000319.jpg,train/masks/nail_train_000319.png,640,640,3,1,JPEG,PNG,22.94,0.62,758,0.001851
train,train/images/nail_train_000321.jpg,train/masks/nail_train_000321.png,640,640,3,1,JPEG,PNG,29.75,0.92,2550,0.006226
train,train/images/nail_train_000322.jpg,train/masks/nail_train_000322.png,640,640,3,1,JPEG,PNG,34.75,0.96,2536,0.006191
train,train/images/nail_train_000323.jpg,train/masks/nail_train_000323.png,640,640,3,1,JPEG,PNG,54.73,0.91,2147,0.005242
train,train/images/nail_train_000324.jpg,train/masks/nail_train_000324.png,640,640,3,1,JPEG,PNG,37.75,0.93,2147,0.005242
train,train/images/nail_train_000325.jpg,train/masks/nail_train_000325.png,640,640,3,1,JPEG,PNG,53.27,1.18,2542,0.006206
train,train/images/nail_train_000326.jpg,train/masks/nail_train_000326.png,640,640,3,1,JPEG,PNG,63.17,1.16,2555,0.006238
train,train/images/nail_train_000327.jpg,train/masks/nail_train_000327.png,640,640,3,1,JPEG,PNG,45.9,1.35,3680,0.008984
train,train/images/nail_train_000328.jpg,train/masks/nail_train_000328.png,640,640,3,1,JPEG,PNG,27.25,1.39,3683,0.008992
train,train/images/nail_train_000329.jpg,train/masks/nail_train_000329.png,640,640,3,1,JPEG,PNG,35.5,1.6,9919,0.024216
train,train/images/nail_train_000330.jpg,train/masks/nail_train_000330.png,640,640,3,1,JPEG,PNG,43.88,1.69,9920,0.024219
train,train/images/nail_train_000331.jpg,train/masks/nail_train_000331.png,640,640,3,1,JPEG,PNG,31.91,1.52,9214,0.022495
train,train/images/nail_train_000332.jpg,train/masks/nail_train_000332.png,640,640,3,1,JPEG,PNG,36.45,1.5,9230,0.022534
train,train/images/nail_train_000334.jpg,train/masks/nail_train_000334.png,640,640,3,1,JPEG,PNG,44.14,2.08,14536,0.035488
train,train/images/nail_train_000336.jpg,train/masks/nail_train_000336.png,640,640,3,1,JPEG,PNG,28.49,1.22,6185,0.0151
train,train/images/nail_train_000337.jpg,train/masks/nail_train_000337.png,640,640,3,1,JPEG,PNG,29.43,2.57,19643,0.047957
train,train/images/nail_train_000338.jpg,train/masks/nail_train_000338.png,640,640,3,1,JPEG,PNG,26.59,2.46,19661,0.048
train,train/images/nail_train_000339.jpg,train/masks/nail_train_000339.png,640,640,3,1,JPEG,PNG,35.8,1.01,2300,0.005615
train,train/images/nail_train_000340.jpg,train/masks/nail_train_000340.png,640,640,3,1,JPEG,PNG,27.25,1.02,2287,0.005583
train,train/images/nail_train_000341.jpg,train/masks/nail_train_000341.png,640,640,3,1,JPEG,PNG,36.76,2.72,23992,0.058574
train,train/images/nail_train_000342.jpg,train/masks/nail_train_000342.png,640,640,3,1,JPEG,PNG,29.84,2.99,24018,0.058638
train,train/images/nail_train_000345.jpg,train/masks/nail_train_000345.png,640,640,3,1,JPEG,PNG,32.35,1.25,3628,0.008857
train,train/images/nail_train_000346.jpg,train/masks/nail_train_000346.png,640,640,3,1,JPEG,PNG,34.47,1.05,3604,0.008799
train,train/images/nail_train_000347.jpg,train/masks/nail_train_000347.png,640,640,3,1,JPEG,PNG,27.79,1.69,8599,0.020994
train,train/images/nail_train_000349.jpg,train/masks/nail_train_000349.png,640,640,3,1,JPEG,PNG,26.36,1.21,6333,0.015461
train,train/images/nail_train_000350.jpg,train/masks/nail_train_000350.png,640,640,3,1,JPEG,PNG,32.24,1.21,6297,0.015374
train,train/images/nail_train_000352.jpg,train/masks/nail_train_000352.png,640,640,3,1,JPEG,PNG,22.31,1.18,3274,0.007993
train,train/images/nail_train_000353.jpg,train/masks/nail_train_000353.png,640,640,3,1,JPEG,PNG,27.46,1.39,4569,0.011155
train,train/images/nail_train_000354.jpg,train/masks/nail_train_000354.png,640,640,3,1,JPEG,PNG,25.2,1.26,4545,0.011096
train,train/images/nail_train_000355.jpg,train/masks/nail_train_000355.png,640,640,3,1,JPEG,PNG,20.43,1.38,6635,0.016199
train,train/images/nail_train_000356.jpg,train/masks/nail_train_000356.png,640,640,3,1,JPEG,PNG,20.95,1.34,6637,0.016204
train,train/images/nail_train_000357.jpg,train/masks/nail_train_000357.png,640,640,3,1,JPEG,PNG,24.33,2.02,14941,0.036477
train,train/images/nail_train_000358.jpg,train/masks/nail_train_000358.png,640,640,3,1,JPEG,PNG,23.82,1.77,15028,0.036689
train,train/images/nail_train_000359.jpg,train/masks/nail_train_000359.png,640,640,3,1,JPEG,PNG,30.14,1.31,4012,0.009795
train,train/images/nail_train_000360.jpg,train/masks/nail_train_000360.png,640,640,3,1,JPEG,PNG,26.67,1.33,3891,0.0095
train,train/images/nail_train_000361.jpg,train/masks/nail_train_000361.png,640,640,3,1,JPEG,PNG,29.39,2.6,68776,0.16791
train,train/images/nail_train_000363.jpg,train/masks/nail_train_000363.png,640,640,3,1,JPEG,PNG,13.42,2.77,196688,0.480195
train,train/images/nail_train_000364.jpg,train/masks/nail_train_000364.png,640,640,3,1,JPEG,PNG,22.08,2.48,129690,0.316626
train,train/images/nail_train_000365.jpg,train/masks/nail_train_000365.png,640,640,3,1,JPEG,PNG,21.84,2.88,154539,0.377292
train,train/images/nail_train_000367.jpg,train/masks/nail_train_000367.png,640,640,3,1,JPEG,PNG,15.54,2.58,197150,0.481323
train,train/images/nail_train_000368.jpg,train/masks/nail_train_000368.png,640,640,3,1,JPEG,PNG,19.68,1.83,55143,0.134626
train,train/images/nail_train_000369.jpg,train/masks/nail_train_000369.png,640,640,3,1,JPEG,PNG,27.72,2.49,68685,0.167688
train,train/images/nail_train_000370.jpg,train/masks/nail_train_000370.png,640,640,3,1,JPEG,PNG,21.26,2.54,129648,0.316523
train,train/images/nail_train_000371.jpg,train/masks/nail_train_000371.png,640,640,3,1,JPEG,PNG,25.17,2.73,36290,0.088599
train,train/images/nail_train_000373.jpg,train/masks/nail_train_000373.png,640,640,3,1,JPEG,PNG,22.88,2.68,36647,0.08947
train,train/images/nail_train_000374.jpg,train/masks/nail_train_000374.png,640,640,3,1,JPEG,PNG,24.42,2.25,36286,0.088589
train,train/images/nail_train_000375.jpg,train/masks/nail_train_000375.png,640,640,3,1,JPEG,PNG,20.7,1.61,8391,0.020486
train,train/images/nail_train_000376.jpg,train/masks/nail_train_000376.png,640,640,3,1,JPEG,PNG,19.01,1.38,8404,0.020518
train,train/images/nail_train_000377.jpg,train/masks/nail_train_000377.png,640,640,3,1,JPEG,PNG,37.74,1.27,4228,0.010322
train,train/images/nail_train_000378.jpg,train/masks/nail_train_000378.png,640,640,3,1,JPEG,PNG,33.31,1.37,4188,0.010225
train,train/images/nail_train_000379.jpg,train/masks/nail_train_000379.png,640,640,3,1,JPEG,PNG,18.64,1.75,8526,0.020815
train,train/images/nail_train_000380.jpg,train/masks/nail_train_000380.png,640,640,3,1,JPEG,PNG,20.97,1.94,8526,0.020815
train,train/images/nail_train_000381.jpg,train/masks/nail_train_000381.png,640,640,3,1,JPEG,PNG,24.34,1.37,6492,0.01585
train,train/images/nail_train_000383.jpg,train/masks/nail_train_000383.png,640,640,3,1,JPEG,PNG,33.06,1.57,6461,0.015774
train,train/images/nail_train_000385.jpg,train/masks/nail_train_000385.png,640,640,3,1,JPEG,PNG,25.57,1.51,6388,0.015596
train,train/images/nail_train_000386.jpg,train/masks/nail_train_000386.png,640,640,3,1,JPEG,PNG,27.91,1.49,6380,0.015576
train,train/images/nail_train_000387.jpg,train/masks/nail_train_000387.png,640,640,3,1,JPEG,PNG,20.54,1.38,6019,0.014695
train,train/images/nail_train_000388.jpg,train/masks/nail_train_000388.png,640,640,3,1,JPEG,PNG,19.77,1.53,6031,0.014724
train,train/images/nail_train_000389.jpg,train/masks/nail_train_000389.png,640,640,3,1,JPEG,PNG,27.34,1.33,4973,0.012141
train,train/images/nail_train_000390.jpg,train/masks/nail_train_000390.png,640,640,3,1,JPEG,PNG,28.3,1.43,4974,0.012144
train,train/images/nail_train_000391.jpg,train/masks/nail_train_000391.png,640,640,3,1,JPEG,PNG,33.21,1.51,6495,0.015857
train,train/images/nail_train_000392.jpg,train/masks/nail_train_000392.png,640,640,3,1,JPEG,PNG,32.98,1.33,6481,0.015823
train,train/images/nail_train_000393.jpg,train/masks/nail_train_000393.png,640,640,3,1,JPEG,PNG,23.6,1.46,5436,0.013271
train,train/images/nail_train_000394.jpg,train/masks/nail_train_000394.png,640,640,3,1,JPEG,PNG,18.81,1.53,5432,0.013262
train,train/images/nail_train_000396.jpg,train/masks/nail_train_000396.png,640,640,3,1,JPEG,PNG,29.71,1.46,4723,0.011531
train,train/images/nail_train_000397.jpg,train/masks/nail_train_000397.png,640,640,3,1,JPEG,PNG,20.92,1.87,11095,0.027087
train,train/images/nail_train_000399.jpg,train/masks/nail_train_000399.png,640,640,3,1,JPEG,PNG,29.96,1.4,4649,0.01135
train,train/images/nail_train_000400.jpg,train/masks/nail_train_000400.png,640,640,3,1,JPEG,PNG,23.49,1.83,11127,0.027166
train,train/images/nail_train_000401.jpg,train/masks/nail_train_000401.png,640,640,3,1,JPEG,PNG,32.39,2.04,10573,0.025813
train,train/images/nail_train_000402.jpg,train/masks/nail_train_000402.png,640,640,3,1,JPEG,PNG,34.37,1.82,10523,0.025691
train,train/images/nail_train_000403.jpg,train/masks/nail_train_000403.png,640,640,3,1,JPEG,PNG,28.96,1.28,5286,0.012905
train,train/images/nail_train_000404.jpg,train/masks/nail_train_000404.png,640,640,3,1,JPEG,PNG,26.88,1.32,5274,0.012876
train,train/images/nail_train_000405.jpg,train/masks/nail_train_000405.png,640,640,3,1,JPEG,PNG,27.19,1.94,13431,0.032791
train,train/images/nail_train_000407.jpg,train/masks/nail_train_000407.png,640,640,3,1,JPEG,PNG,35.89,1.61,10562,0.025786
train,train/images/nail_train_000408.jpg,train/masks/nail_train_000408.png,640,640,3,1,JPEG,PNG,31.33,1.6,10565,0.025793
train,train/images/nail_train_000409.jpg,train/masks/nail_train_000409.png,640,640,3,1,JPEG,PNG,26.97,1.47,6663,0.016267
train,train/images/nail_train_000410.jpg,train/masks/nail_train_000410.png,640,640,3,1,JPEG,PNG,28.1,1.46,6719,0.016404
train,train/images/nail_train_000413.jpg,train/masks/nail_train_000413.png,640,640,3,1,JPEG,PNG,25.94,1.6,11269,0.027512
train,train/images/nail_train_000416.jpg,train/masks/nail_train_000416.png,640,640,3,1,JPEG,PNG,25.36,1.82,15721,0.038381
train,train/images/nail_train_000417.jpg,train/masks/nail_train_000417.png,640,640,3,1,JPEG,PNG,27.28,1.64,12429,0.030344
train,train/images/nail_train_000418.jpg,train/masks/nail_train_000418.png,640,640,3,1,JPEG,PNG,29.27,1.81,12410,0.030298
train,train/images/nail_train_000420.jpg,train/masks/nail_train_000420.png,640,640,3,1,JPEG,PNG,23.32,1.32,4691,0.011453
train,train/images/nail_train_000421.jpg,train/masks/nail_train_000421.png,640,640,3,1,JPEG,PNG,21.26,1.26,3359,0.008201
train,train/images/nail_train_000423.jpg,train/masks/nail_train_000423.png,640,640,3,1,JPEG,PNG,24.55,1.39,6927,0.016912
train,train/images/nail_train_000424.jpg,train/masks/nail_train_000424.png,640,640,3,1,JPEG,PNG,20.24,1.38,6857,0.016741
train,train/images/nail_train_000425.jpg,train/masks/nail_train_000425.png,640,640,3,1,JPEG,PNG,26.72,1.92,16388,0.04001
train,train/images/nail_train_000426.jpg,train/masks/nail_train_000426.png,640,640,3,1,JPEG,PNG,24.94,2.03,16387,0.040007
train,train/images/nail_train_000427.jpg,train/masks/nail_train_000427.png,640,640,3,1,JPEG,PNG,38.25,1.55,7168,0.0175
train,train/images/nail_train_000428.jpg,train/masks/nail_train_000428.png,640,640,3,1,JPEG,PNG,29.68,1.72,7171,0.017507
train,train/images/nail_train_000429.jpg,train/masks/nail_train_000429.png,640,640,3,1,JPEG,PNG,23.17,1.58,7519,0.018357
train,train/images/nail_train_000432.jpg,train/masks/nail_train_000432.png,640,640,3,1,JPEG,PNG,30.9,1.12,3151,0.007693
train,train/images/nail_train_000433.jpg,train/masks/nail_train_000433.png,640,640,3,1,JPEG,PNG,34.98,1.11,3145,0.007678
train,train/images/nail_train_000434.jpg,train/masks/nail_train_000434.png,640,640,3,1,JPEG,PNG,24.17,1.15,5236,0.012783
train,train/images/nail_train_000435.jpg,train/masks/nail_train_000435.png,640,640,3,1,JPEG,PNG,27.33,1.7,8909,0.02175
train,train/images/nail_train_000436.jpg,train/masks/nail_train_000436.png,640,640,3,1,JPEG,PNG,42.03,1.61,8912,0.021758
train,train/images/nail_train_000437.jpg,train/masks/nail_train_000437.png,640,640,3,1,JPEG,PNG,25.19,1,1928,0.004707
train,train/images/nail_train_000438.jpg,train/masks/nail_train_000438.png,640,640,3,1,JPEG,PNG,23.69,1.17,1947,0.004753
train,train/images/nail_train_000439.jpg,train/masks/nail_train_000439.png,640,640,3,1,JPEG,PNG,21.47,1.35,3658,0.008931
train,train/images/nail_train_000440.jpg,train/masks/nail_train_000440.png,640,640,3,1,JPEG,PNG,23.7,1.29,3651,0.008914
train,train/images/nail_train_000441.jpg,train/masks/nail_train_000441.png,640,640,3,1,JPEG,PNG,27.48,1.43,5090,0.012427
train,train/images/nail_train_000442.jpg,train/masks/nail_train_000442.png,640,640,3,1,JPEG,PNG,27.42,1.24,5096,0.012441
train,train/images/nail_train_000444.jpg,train/masks/nail_train_000444.png,640,640,3,1,JPEG,PNG,23.89,1.7,11324,0.027646
train,train/images/nail_train_000445.jpg,train/masks/nail_train_000445.png,640,640,3,1,JPEG,PNG,32.97,1.76,8033,0.019612
train,train/images/nail_train_000447.jpg,train/masks/nail_train_000447.png,640,640,3,1,JPEG,PNG,29.13,0.47,0,0
train,train/images/nail_train_000448.jpg,train/masks/nail_train_000448.png,640,640,3,1,JPEG,PNG,28,0.47,0,0
train,train/images/nail_train_000451.jpg,train/masks/nail_train_000451.png,640,640,3,1,JPEG,PNG,26.71,1.19,3717,0.009075
train,train/images/nail_train_000452.jpg,train/masks/nail_train_000452.png,640,640,3,1,JPEG,PNG,30.58,1.58,5920,0.014453
train,train/images/nail_train_000453.jpg,train/masks/nail_train_000453.png,640,640,3,1,JPEG,PNG,37.41,2.26,15000,0.036621
train,train/images/nail_train_000454.jpg,train/masks/nail_train_000454.png,640,640,3,1,JPEG,PNG,41.77,2.21,14952,0.036504
train,train/images/nail_train_000455.jpg,train/masks/nail_train_000455.png,640,640,3,1,JPEG,PNG,45.51,1.94,15341,0.037454
train,train/images/nail_train_000456.jpg,train/masks/nail_train_000456.png,640,640,3,1,JPEG,PNG,54.82,1.91,15345,0.037463
train,train/images/nail_train_000457.jpg,train/masks/nail_train_000457.png,640,640,3,1,JPEG,PNG,31.81,1.3,5399,0.013181
train,train/images/nail_train_000459.jpg,train/masks/nail_train_000459.png,640,640,3,1,JPEG,PNG,26.97,1.26,5073,0.012385
train,train/images/nail_train_000460.jpg,train/masks/nail_train_000460.png,640,640,3,1,JPEG,PNG,27.87,1.39,5116,0.01249
train,train/images/nail_train_000461.jpg,train/masks/nail_train_000461.png,640,640,3,1,JPEG,PNG,23.25,1.08,4676,0.011416
train,train/images/nail_train_000462.jpg,train/masks/nail_train_000462.png,640,640,3,1,JPEG,PNG,26.17,1.09,4675,0.011414
train,train/images/nail_train_000463.jpg,train/masks/nail_train_000463.png,640,640,3,1,JPEG,PNG,30.97,1.69,13353,0.0326
train,train/images/nail_train_000464.jpg,train/masks/nail_train_000464.png,640,640,3,1,JPEG,PNG,30.77,1.77,13344,0.032578
train,train/images/nail_train_000465.jpg,train/masks/nail_train_000465.png,640,640,3,1,JPEG,PNG,30.98,1.76,8974,0.021909
train,train/images/nail_train_000467.jpg,train/masks/nail_train_000467.png,640,640,3,1,JPEG,PNG,16.93,1.08,3735,0.009119
train,train/images/nail_train_000468.jpg,train/masks/nail_train_000468.png,640,640,3,1,JPEG,PNG,18.84,1.07,3649,0.008909
train,train/images/nail_train_000469.jpg,train/masks/nail_train_000469.png,640,640,3,1,JPEG,PNG,25.69,1.46,11547,0.028191
train,train/images/nail_train_000470.jpg,train/masks/nail_train_000470.png,640,640,3,1,JPEG,PNG,25.07,1.45,11555,0.02821
train,train/images/nail_train_000471.jpg,train/masks/nail_train_000471.png,640,640,3,1,JPEG,PNG,26.79,1.54,8488,0.020723
train,train/images/nail_train_000472.jpg,train/masks/nail_train_000472.png,640,640,3,1,JPEG,PNG,25.53,1.58,8465,0.020667
train,train/images/nail_train_000473.jpg,train/masks/nail_train_000473.png,640,640,3,1,JPEG,PNG,52.9,1.17,4589,0.011204
train,train/images/nail_train_000474.jpg,train/masks/nail_train_000474.png,640,640,3,1,JPEG,PNG,44.88,1.38,4566,0.011147
train,train/images/nail_train_000476.jpg,train/masks/nail_train_000476.png,640,640,3,1,JPEG,PNG,46.41,2.83,37330,0.091138
train,train/images/nail_train_000477.jpg,train/masks/nail_train_000477.png,640,640,3,1,JPEG,PNG,36.22,1.41,14406,0.035171
train,train/images/nail_train_000478.jpg,train/masks/nail_train_000478.png,640,640,3,1,JPEG,PNG,30.85,1.46,14436,0.035244
train,train/images/nail_train_000479.jpg,train/masks/nail_train_000479.png,640,640,3,1,JPEG,PNG,27.03,1.57,6316,0.01542
train,train/images/nail_train_000481.jpg,train/masks/nail_train_000481.png,640,640,3,1,JPEG,PNG,35.77,1.85,10432,0.025469
train,train/images/nail_train_000482.jpg,train/masks/nail_train_000482.png,640,640,3,1,JPEG,PNG,42.66,1.7,10433,0.025471
train,train/images/nail_train_000483.jpg,train/masks/nail_train_000483.png,640,640,3,1,JPEG,PNG,23.82,1.62,6693,0.01634
train,train/images/nail_train_000484.jpg,train/masks/nail_train_000484.png,640,640,3,1,JPEG,PNG,23.97,1.51,6696,0.016348
train,train/images/nail_train_000485.jpg,train/masks/nail_train_000485.png,640,640,3,1,JPEG,PNG,26.8,1.54,6959,0.01699
train,train/images/nail_train_000486.jpg,train/masks/nail_train_000486.png,640,640,3,1,JPEG,PNG,27.05,1.67,6955,0.01698
train,train/images/nail_train_000488.jpg,train/masks/nail_train_000488.png,640,640,3,1,JPEG,PNG,37.12,1.35,5403,0.013191
train,train/images/nail_train_000489.jpg,train/masks/nail_train_000489.png,640,640,3,1,JPEG,PNG,21.6,1.55,10063,0.024568
train,train/images/nail_train_000490.jpg,train/masks/nail_train_000490.png,640,640,3,1,JPEG,PNG,17.2,1.79,10100,0.024658
train,train/images/nail_train_000491.jpg,train/masks/nail_train_000491.png,640,640,3,1,JPEG,PNG,19.83,1.81,8750,0.021362
train,train/images/nail_train_000492.jpg,train/masks/nail_train_000492.png,640,640,3,1,JPEG,PNG,19.1,1.51,8737,0.021331
train,train/images/nail_train_000493.jpg,train/masks/nail_train_000493.png,640,640,3,1,JPEG,PNG,23.25,1.3,5866,0.014321
train,train/images/nail_train_000495.jpg,train/masks/nail_train_000495.png,640,640,3,1,JPEG,PNG,23.34,1.43,6336,0.015469
train,train/images/nail_train_000496.jpg,train/masks/nail_train_000496.png,640,640,3,1,JPEG,PNG,20.51,1.07,6303,0.015388
train,train/images/nail_train_000498.jpg,train/masks/nail_train_000498.png,640,640,3,1,JPEG,PNG,28.97,1.08,3527,0.008611
train,train/images/nail_train_000499.jpg,train/masks/nail_train_000499.png,640,640,3,1,JPEG,PNG,27.77,1.37,7209,0.0176
train,train/images/nail_train_000500.jpg,train/masks/nail_train_000500.png,640,640,3,1,JPEG,PNG,29.78,1.37,7222,0.017632
train,train/images/nail_train_000501.jpg,train/masks/nail_train_000501.png,640,640,3,1,JPEG,PNG,27.27,2.31,21508,0.05251
train,train/images/nail_train_000502.jpg,train/masks/nail_train_000502.png,640,640,3,1,JPEG,PNG,26.69,2.16,21540,0.052588
train,train/images/nail_train_000503.jpg,train/masks/nail_train_000503.png,640,640,3,1,JPEG,PNG,49.53,1.74,9805,0.023938
train,train/images/nail_train_000504.jpg,train/masks/nail_train_000504.png,640,640,3,1,JPEG,PNG,39.42,1.87,9846,0.024038
train,train/images/nail_train_000505.jpg,train/masks/nail_train_000505.png,640,640,3,1,JPEG,PNG,29.12,1.4,5968,0.01457
train,train/images/nail_train_000506.jpg,train/masks/nail_train_000506.png,640,640,3,1,JPEG,PNG,30.7,1.39,5959,0.014548
train,train/images/nail_train_000507.jpg,train/masks/nail_train_000507.png,640,640,3,1,JPEG,PNG,26.1,1.24,5614,0.013706
train,train/images/nail_train_000508.jpg,train/masks/nail_train_000508.png,640,640,3,1,JPEG,PNG,25.79,1.42,5632,0.01375
train,train/images/nail_train_000509.jpg,train/masks/nail_train_000509.png,640,640,3,1,JPEG,PNG,25.23,1.58,7526,0.018374
train,train/images/nail_train_000511.jpg,train/masks/nail_train_000511.png,640,640,3,1,JPEG,PNG,36.16,2.69,26811,0.065457
train,train/images/nail_train_000512.jpg,train/masks/nail_train_000512.png,640,640,3,1,JPEG,PNG,26.08,3.44,26812,0.065459
train,train/images/nail_train_000513.jpg,train/masks/nail_train_000513.png,640,640,3,1,JPEG,PNG,28.63,1.42,4791,0.011697
train,train/images/nail_train_000514.jpg,train/masks/nail_train_000514.png,640,640,3,1,JPEG,PNG,21.78,1.37,4777,0.011663
train,train/images/nail_train_000515.jpg,train/masks/nail_train_000515.png,640,640,3,1,JPEG,PNG,19.74,0.99,2370,0.005786
train,train/images/nail_train_000516.jpg,train/masks/nail_train_000516.png,640,640,3,1,JPEG,PNG,22.69,0.99,2358,0.005757
train,train/images/nail_train_000517.jpg,train/masks/nail_train_000517.png,640,640,3,1,JPEG,PNG,20.16,1.67,5811,0.014187
train,train/images/nail_train_000518.jpg,train/masks/nail_train_000518.png,640,640,3,1,JPEG,PNG,22.86,1.49,5833,0.014241
train,train/images/nail_train_000519.jpg,train/masks/nail_train_000519.png,640,640,3,1,JPEG,PNG,23.22,1.35,6681,0.016311
train,train/images/nail_train_000520.jpg,train/masks/nail_train_000520.png,640,640,3,1,JPEG,PNG,24.5,1.43,6685,0.016321
train,train/images/nail_train_000521.jpg,train/masks/nail_train_000521.png,640,640,3,1,JPEG,PNG,45.53,1.22,5997,0.014641
train,train/images/nail_train_000522.jpg,train/masks/nail_train_000522.png,640,640,3,1,JPEG,PNG,49.73,1.22,6332,0.015459
train,train/images/nail_train_000523.jpg,train/masks/nail_train_000523.png,640,640,3,1,JPEG,PNG,27.04,1.16,3051,0.007449
train,train/images/nail_train_000524.jpg,train/masks/nail_train_000524.png,640,640,3,1,JPEG,PNG,26.45,1.17,3039,0.007419
train,train/images/nail_train_000525.jpg,train/masks/nail_train_000525.png,640,640,3,1,JPEG,PNG,24.17,1.74,12808,0.03127
train,train/images/nail_train_000526.jpg,train/masks/nail_train_000526.png,640,640,3,1,JPEG,PNG,23.93,1.71,12816,0.031289
train,train/images/nail_train_000527.jpg,train/masks/nail_train_000527.png,640,640,3,1,JPEG,PNG,17.37,1.18,5893,0.014387
train,train/images/nail_train_000528.jpg,train/masks/nail_train_000528.png,640,640,3,1,JPEG,PNG,32.47,1.99,9713,0.023713
train,train/images/nail_train_000531.jpg,train/masks/nail_train_000531.png,640,640,3,1,JPEG,PNG,33.09,1.76,10257,0.025042
train,train/images/nail_train_000533.jpg,train/masks/nail_train_000533.png,640,640,3,1,JPEG,PNG,41.91,1.83,7139,0.017429
train,train/images/nail_train_000534.jpg,train/masks/nail_train_000534.png,640,640,3,1,JPEG,PNG,48.23,1.56,7137,0.017424
train,train/images/nail_train_000535.jpg,train/masks/nail_train_000535.png,640,640,3,1,JPEG,PNG,39.44,1.88,11260,0.02749
train,train/images/nail_train_000536.jpg,train/masks/nail_train_000536.png,640,640,3,1,JPEG,PNG,45.35,1.87,11283,0.027546
train,train/images/nail_train_000537.jpg,train/masks/nail_train_000537.png,640,640,3,1,JPEG,PNG,35.37,1.1,3992,0.009746
train,train/images/nail_train_000538.jpg,train/masks/nail_train_000538.png,640,640,3,1,JPEG,PNG,34.01,1.3,4003,0.009773
train,train/images/nail_train_000539.jpg,train/masks/nail_train_000539.png,640,640,3,1,JPEG,PNG,35.06,1.53,12365,0.030188
train,train/images/nail_train_000540.jpg,train/masks/nail_train_000540.png,640,640,3,1,JPEG,PNG,34.12,2.21,12434,0.030356
train,train/images/nail_train_000541.jpg,train/masks/nail_train_000541.png,640,640,3,1,JPEG,PNG,33.02,1.25,4325,0.010559
train,train/images/nail_train_000542.jpg,train/masks/nail_train_000542.png,640,640,3,1,JPEG,PNG,29.95,1.41,4209,0.010276
train,train/images/nail_train_000544.jpg,train/masks/nail_train_000544.png,640,640,3,1,JPEG,PNG,24.1,1.22,5271,0.012869
train,train/images/nail_train_000545.jpg,train/masks/nail_train_000545.png,640,640,3,1,JPEG,PNG,33.54,1.71,10727,0.026189
train,train/images/nail_train_000546.jpg,train/masks/nail_train_000546.png,640,640,3,1,JPEG,PNG,29.55,1.77,10741,0.026223
train,train/images/nail_train_000547.jpg,train/masks/nail_train_000547.png,640,640,3,1,JPEG,PNG,74.04,2.48,21975,0.05365
train,train/images/nail_train_000548.jpg,train/masks/nail_train_000548.png,640,640,3,1,JPEG,PNG,70.86,2.83,21760,0.053125
train,train/images/nail_train_000549.jpg,train/masks/nail_train_000549.png,640,640,3,1,JPEG,PNG,28.56,1.83,14555,0.035535
train,train/images/nail_train_000550.jpg,train/masks/nail_train_000550.png,640,640,3,1,JPEG,PNG,19.8,1.83,14562,0.035552
train,train/images/nail_train_000551.jpg,train/masks/nail_train_000551.png,640,640,3,1,JPEG,PNG,19.08,1.48,6313,0.015413
train,train/images/nail_train_000552.jpg,train/masks/nail_train_000552.png,640,640,3,1,JPEG,PNG,18.51,1.47,6314,0.015415
train,train/images/nail_train_000553.jpg,train/masks/nail_train_000553.png,640,640,3,1,JPEG,PNG,22.86,3.23,223169,0.544846
train,train/images/nail_train_000554.jpg,train/masks/nail_train_000554.png,640,640,3,1,JPEG,PNG,20.12,2.56,168272,0.41082
train,train/images/nail_train_000555.jpg,train/masks/nail_train_000555.png,640,640,3,1,JPEG,PNG,41,1.93,78266,0.191079
train,train/images/nail_train_000556.jpg,train/masks/nail_train_000556.png,640,640,3,1,JPEG,PNG,22.13,3.43,215942,0.527202
train,train/images/nail_train_000557.jpg,train/masks/nail_train_000557.png,640,640,3,1,JPEG,PNG,41.06,2.13,78165,0.190833
train,train/images/nail_train_000558.jpg,train/masks/nail_train_000558.png,640,640,3,1,JPEG,PNG,19.66,2.46,168268,0.410811
train,train/images/nail_train_000559.jpg,train/masks/nail_train_000559.png,640,640,3,1,JPEG,PNG,22.02,3.23,216133,0.527668
train,train/images/nail_train_000560.jpg,train/masks/nail_train_000560.png,640,640,3,1,JPEG,PNG,23.79,2.58,227543,0.555525
train,train/images/nail_train_000561.jpg,train/masks/nail_train_000561.png,640,640,3,1,JPEG,PNG,38.5,2.74,12432,0.030352
train,train/images/nail_train_000562.jpg,train/masks/nail_train_000562.png,640,640,3,1,JPEG,PNG,38.35,2.18,12382,0.030229
train,train/images/nail_train_000563.jpg,train/masks/nail_train_000563.png,640,640,3,1,JPEG,PNG,22.62,1.53,10869,0.026536
train,train/images/nail_train_000564.jpg,train/masks/nail_train_000564.png,640,640,3,1,JPEG,PNG,16.32,1.74,10714,0.026157
train,train/images/nail_train_000565.jpg,train/masks/nail_train_000565.png,640,640,3,1,JPEG,PNG,19.87,1.5,10735,0.026208
train,train/images/nail_train_000566.jpg,train/masks/nail_train_000566.png,640,640,3,1,JPEG,PNG,19.87,1.53,10803,0.026375
train,train/images/nail_train_000567.jpg,train/masks/nail_train_000567.png,640,640,3,1,JPEG,PNG,28.16,1.9,12553,0.030647
train,train/images/nail_train_000568.jpg,train/masks/nail_train_000568.png,640,640,3,1,JPEG,PNG,29.22,1.73,12570,0.030688
train,train/images/nail_train_000570.jpg,train/masks/nail_train_000570.png,640,640,3,1,JPEG,PNG,32.47,1.27,4733,0.011555
train,train/images/nail_train_000571.jpg,train/masks/nail_train_000571.png,640,640,3,1,JPEG,PNG,44.98,1.52,4121,0.010061
train,train/images/nail_train_000572.jpg,train/masks/nail_train_000572.png,640,640,3,1,JPEG,PNG,33.15,1.23,4741,0.011575
train,train/images/nail_train_000573.jpg,train/masks/nail_train_000573.png,640,640,3,1,JPEG,PNG,21.13,1.74,10711,0.02615
train,train/images/nail_train_000574.jpg,train/masks/nail_train_000574.png,640,640,3,1,JPEG,PNG,31.07,1.72,10705,0.026135
train,train/images/nail_train_000575.jpg,train/masks/nail_train_000575.png,640,640,3,1,JPEG,PNG,43.32,1.51,6176,0.015078
train,train/images/nail_train_000578.jpg,train/masks/nail_train_000578.png,640,640,3,1,JPEG,PNG,26.87,1.16,4199,0.010251
train,train/images/nail_train_000579.jpg,train/masks/nail_train_000579.png,640,640,3,1,JPEG,PNG,28.18,0.95,2261,0.00552
train,train/images/nail_train_000580.jpg,train/masks/nail_train_000580.png,640,640,3,1,JPEG,PNG,31.41,0.92,2264,0.005527
train,train/images/nail_train_000581.jpg,train/masks/nail_train_000581.png,640,640,3,1,JPEG,PNG,33,1.62,11644,0.028428
train,train/images/nail_train_000582.jpg,train/masks/nail_train_000582.png,640,640,3,1,JPEG,PNG,37.53,1.64,11662,0.028472
train,train/images/nail_train_000583.jpg,train/masks/nail_train_000583.png,640,640,3,1,JPEG,PNG,29.31,2.47,40664,0.099277
train,train/images/nail_train_000584.jpg,train/masks/nail_train_000584.png,640,640,3,1,JPEG,PNG,39.37,2.53,40448,0.09875
train,train/images/nail_train_000585.jpg,train/masks/nail_train_000585.png,640,640,3,1,JPEG,PNG,30.72,1.63,6897,0.016838
train,train/images/nail_train_000586.jpg,train/masks/nail_train_000586.png,640,640,3,1,JPEG,PNG,27.82,1.36,6895,0.016833
train,train/images/nail_train_000587.jpg,train/masks/nail_train_000587.png,640,640,3,1,JPEG,PNG,30.07,1.49,10095,0.024646
train,train/images/nail_train_000588.jpg,train/masks/nail_train_000588.png,640,640,3,1,JPEG,PNG,27.31,1.86,10093,0.024641
train,train/images/nail_train_000589.jpg,train/masks/nail_train_000589.png,640,640,3,1,JPEG,PNG,28.44,2.04,12361,0.030178
train,train/images/nail_train_000590.jpg,train/masks/nail_train_000590.png,640,640,3,1,JPEG,PNG,32.56,1.76,12396,0.030264
train,train/images/nail_train_000592.jpg,train/masks/nail_train_000592.png,640,640,3,1,JPEG,PNG,37.33,1.07,2408,0.005879
train,train/images/nail_train_000593.jpg,train/masks/nail_train_000593.png,640,640,3,1,JPEG,PNG,32.49,4.35,62389,0.152317
train,train/images/nail_train_000594.jpg,train/masks/nail_train_000594.png,640,640,3,1,JPEG,PNG,31.32,4.67,62462,0.152495
train,train/images/nail_train_000595.jpg,train/masks/nail_train_000595.png,640,640,3,1,JPEG,PNG,39.13,1.33,4380,0.010693
train,train/images/nail_train_000596.jpg,train/masks/nail_train_000596.png,640,640,3,1,JPEG,PNG,48.85,1.26,4351,0.010623
train,train/images/nail_train_000597.jpg,train/masks/nail_train_000597.png,640,640,3,1,JPEG,PNG,75.73,1.65,9907,0.024187
train,train/images/nail_train_000598.jpg,train/masks/nail_train_000598.png,640,640,3,1,JPEG,PNG,58.57,1.83,9910,0.024194
train,train/images/nail_train_000599.jpg,train/masks/nail_train_000599.png,640,640,3,1,JPEG,PNG,23.37,1.02,3577,0.008733
train,train/images/nail_train_000602.jpg,train/masks/nail_train_000602.png,640,640,3,1,JPEG,PNG,26.71,1.29,4962,0.012114
train,train/images/nail_train_000603.jpg,train/masks/nail_train_000603.png,640,640,3,1,JPEG,PNG,19.6,1.66,9727,0.023748
train,train/images/nail_train_000604.jpg,train/masks/nail_train_000604.png,640,640,3,1,JPEG,PNG,19.66,1.56,9764,0.023838
train,train/images/nail_train_000605.jpg,train/masks/nail_train_000605.png,640,640,3,1,JPEG,PNG,39.06,1.53,8014,0.019565
train,train/images/nail_train_000606.jpg,train/masks/nail_train_000606.png,640,640,3,1,JPEG,PNG,33.9,1.34,8010,0.019556
train,train/images/nail_train_000607.jpg,train/masks/nail_train_000607.png,640,640,3,1,JPEG,PNG,36.07,1.28,5071,0.01238
train,train/images/nail_train_000608.jpg,train/masks/nail_train_000608.png,640,640,3,1,JPEG,PNG,29.55,1.27,5103,0.012458
train,train/images/nail_train_000610.jpg,train/masks/nail_train_000610.png,640,640,3,1,JPEG,PNG,26.43,1.45,8233,0.0201
train,train/images/nail_train_000613.jpg,train/masks/nail_train_000613.png,640,640,3,1,JPEG,PNG,30.46,1.03,3147,0.007683
train,train/images/nail_train_000614.jpg,train/masks/nail_train_000614.png,640,640,3,1,JPEG,PNG,30.66,0.89,3135,0.007654
train,train/images/nail_train_000615.jpg,train/masks/nail_train_000615.png,640,640,3,1,JPEG,PNG,48.01,2,15585,0.038049
train,train/images/nail_train_000616.jpg,train/masks/nail_train_000616.png,640,640,3,1,JPEG,PNG,39.01,2.48,15543,0.037947
train,train/images/nail_train_000617.jpg,train/masks/nail_train_000617.png,640,640,3,1,JPEG,PNG,36.28,2.04,15459,0.037742
train,train/images/nail_train_000618.jpg,train/masks/nail_train_000618.png,640,640,3,1,JPEG,PNG,35.3,2.02,15409,0.03762
train,train/images/nail_train_000620.jpg,train/masks/nail_train_000620.png,640,640,3,1,JPEG,PNG,27.55,1.45,7194,0.017563
train,train/images/nail_train_000621.jpg,train/masks/nail_train_000621.png,640,640,3,1,JPEG,PNG,24,1.34,8729,0.021311
train,train/images/nail_train_000622.jpg,train/masks/nail_train_000622.png,640,640,3,1,JPEG,PNG,24.12,1.61,8733,0.021321
train,train/images/nail_train_000623.jpg,train/masks/nail_train_000623.png,640,640,3,1,JPEG,PNG,31.58,1.86,11075,0.027039
train,train/images/nail_train_000625.jpg,train/masks/nail_train_000625.png,640,640,3,1,JPEG,PNG,23.36,1.3,4511,0.011013
train,train/images/nail_train_000626.jpg,train/masks/nail_train_000626.png,640,640,3,1,JPEG,PNG,26.55,1.15,4524,0.011045
train,train/images/nail_train_000627.jpg,train/masks/nail_train_000627.png,640,640,3,1,JPEG,PNG,29,1.96,15746,0.038442
train,train/images/nail_train_000628.jpg,train/masks/nail_train_000628.png,640,640,3,1,JPEG,PNG,31.72,2.02,15709,0.038352
train,train/images/nail_train_000630.jpg,train/masks/nail_train_000630.png,640,640,3,1,JPEG,PNG,23.3,1.82,19457,0.047502
train,train/images/nail_train_000632.jpg,train/masks/nail_train_000632.png,640,640,3,1,JPEG,PNG,27.38,1.33,4355,0.010632
train,train/images/nail_train_000633.jpg,train/masks/nail_train_000633.png,640,640,3,1,JPEG,PNG,34.29,1.35,7397,0.018059
train,train/images/nail_train_000635.jpg,train/masks/nail_train_000635.png,640,640,3,1,JPEG,PNG,28.32,2.05,16114,0.039341
train,train/images/nail_train_000636.jpg,train/masks/nail_train_000636.png,640,640,3,1,JPEG,PNG,28.73,1.37,6743,0.016462
train,train/images/nail_train_000638.jpg,train/masks/nail_train_000638.png,640,640,3,1,JPEG,PNG,28.6,1.36,6774,0.016538
train,train/images/nail_train_000640.jpg,train/masks/nail_train_000640.png,640,640,3,1,JPEG,PNG,26.39,1.5,6504,0.015879
train,train/images/nail_train_000641.jpg,train/masks/nail_train_000641.png,640,640,3,1,JPEG,PNG,36.32,1.48,7257,0.017717
train,train/images/nail_train_000642.jpg,train/masks/nail_train_000642.png,640,640,3,1,JPEG,PNG,33.21,1.88,7255,0.017712
train,train/images/nail_train_000643.jpg,train/masks/nail_train_000643.png,640,640,3,1,JPEG,PNG,23.38,1.16,5874,0.014341
train,train/images/nail_train_000644.jpg,train/masks/nail_train_000644.png,640,640,3,1,JPEG,PNG,25.02,1.44,5863,0.014314
train,train/images/nail_train_000645.jpg,train/masks/nail_train_000645.png,640,640,3,1,JPEG,PNG,25.8,1.31,7716,0.018838
train,train/images/nail_train_000646.jpg,train/masks/nail_train_000646.png,640,640,3,1,JPEG,PNG,26.04,1.64,7680,0.01875
train,train/images/nail_train_000648.jpg,train/masks/nail_train_000648.png,640,640,3,1,JPEG,PNG,28.93,1.59,7830,0.019116
train,train/images/nail_train_000649.jpg,train/masks/nail_train_000649.png,640,640,3,1,JPEG,PNG,52.73,1.3,6000,0.014648
train,train/images/nail_train_000650.jpg,train/masks/nail_train_000650.png,640,640,3,1,JPEG,PNG,44.05,1.53,5988,0.014619
train,train/images/nail_train_000651.jpg,train/masks/nail_train_000651.png,640,640,3,1,JPEG,PNG,19.19,1.25,5531,0.013503
train,train/images/nail_train_000652.jpg,train/masks/nail_train_000652.png,640,640,3,1,JPEG,PNG,23.25,1.3,5551,0.013552
train,train/images/nail_train_000653.jpg,train/masks/nail_train_000653.png,640,640,3,1,JPEG,PNG,36.24,1.98,24385,0.059534
train,train/images/nail_train_000654.jpg,train/masks/nail_train_000654.png,640,640,3,1,JPEG,PNG,37.64,2.01,24407,0.059587
train,train/images/nail_train_000655.jpg,train/masks/nail_train_000655.png,640,640,3,1,JPEG,PNG,77.7,0.9,1940,0.004736
train,train/images/nail_train_000656.jpg,train/masks/nail_train_000656.png,640,640,3,1,JPEG,PNG,65.94,1,1975,0.004822
train,train/images/nail_train_000657.jpg,train/masks/nail_train_000657.png,640,640,3,1,JPEG,PNG,32.82,1.48,5517,0.013469
train,train/images/nail_train_000658.jpg,train/masks/nail_train_000658.png,640,640,3,1,JPEG,PNG,37.43,1.43,5538,0.013521
train,train/images/nail_train_000659.jpg,train/masks/nail_train_000659.png,640,640,3,1,JPEG,PNG,28.3,1.33,4857,0.011858
train,train/images/nail_train_000660.jpg,train/masks/nail_train_000660.png,640,640,3,1,JPEG,PNG,29.31,1.31,4868,0.011885
train,train/images/nail_train_000661.jpg,train/masks/nail_train_000661.png,640,640,3,1,JPEG,PNG,24.45,1.15,4549,0.011106
train,train/images/nail_train_000663.jpg,train/masks/nail_train_000663.png,640,640,3,1,JPEG,PNG,23.42,1.28,3786,0.009243
train,train/images/nail_train_000664.jpg,train/masks/nail_train_000664.png,640,640,3,1,JPEG,PNG,21.03,1.29,3803,0.009285
train,train/images/nail_train_000665.jpg,train/masks/nail_train_000665.png,640,640,3,1,JPEG,PNG,43.21,1.76,10137,0.024749
train,train/images/nail_train_000666.jpg,train/masks/nail_train_000666.png,640,640,3,1,JPEG,PNG,53.08,1.73,10250,0.025024
train,train/images/nail_train_000667.jpg,train/masks/nail_train_000667.png,640,640,3,1,JPEG,PNG,20.87,1.47,4580,0.011182
train,train/images/nail_train_000669.jpg,train/masks/nail_train_000669.png,640,640,3,1,JPEG,PNG,22.87,2.6,26123,0.063777
train,train/images/nail_train_000670.jpg,train/masks/nail_train_000670.png,640,640,3,1,JPEG,PNG,24.16,2.49,26208,0.063984
train,train/images/nail_train_000671.jpg,train/masks/nail_train_000671.png,640,640,3,1,JPEG,PNG,26.6,1.84,11430,0.027905
train,train/images/nail_train_000672.jpg,train/masks/nail_train_000672.png,640,640,3,1,JPEG,PNG,27.54,1.71,11395,0.02782
train,train/images/nail_train_000673.jpg,train/masks/nail_train_000673.png,640,640,3,1,JPEG,PNG,23.34,1.86,13113,0.032014
train,train/images/nail_train_000674.jpg,train/masks/nail_train_000674.png,640,640,3,1,JPEG,PNG,22.37,2.1,13127,0.032048
train,train/images/nail_train_000676.jpg,train/masks/nail_train_000676.png,640,640,3,1,JPEG,PNG,18.36,2.19,13184,0.032188
train,train/images/nail_train_000677.jpg,train/masks/nail_train_000677.png,640,640,3,1,JPEG,PNG,28.92,1.15,5042,0.01231
train,train/images/nail_train_000678.jpg,train/masks/nail_train_000678.png,640,640,3,1,JPEG,PNG,32.87,1.21,5005,0.012219
train,train/images/nail_train_000679.jpg,train/masks/nail_train_000679.png,640,640,3,1,JPEG,PNG,46.14,2.56,15621,0.038137
train,train/images/nail_train_000680.jpg,train/masks/nail_train_000680.png,640,640,3,1,JPEG,PNG,49.58,2.5,15616,0.038125
train,train/images/nail_train_000681.jpg,train/masks/nail_train_000681.png,640,640,3,1,JPEG,PNG,38.08,1.37,6308,0.0154
train,train/images/nail_train_000682.jpg,train/masks/nail_train_000682.png,640,640,3,1,JPEG,PNG,31.26,1.54,6227,0.015203
train,train/images/nail_train_000683.jpg,train/masks/nail_train_000683.png,640,640,3,1,JPEG,PNG,37.69,2.69,27334,0.066733
train,train/images/nail_train_000684.jpg,train/masks/nail_train_000684.png,640,640,3,1,JPEG,PNG,31.36,2.58,24132,0.058916
train,train/images/nail_train_000685.jpg,train/masks/nail_train_000685.png,640,640,3,1,JPEG,PNG,31.44,2.97,26910,0.065698
train,train/images/nail_train_000686.jpg,train/masks/nail_train_000686.png,640,640,3,1,JPEG,PNG,31.54,2.68,24109,0.05886
train,train/images/nail_train_000687.jpg,train/masks/nail_train_000687.png,640,640,3,1,JPEG,PNG,23.69,1.3,5687,0.013884
train,train/images/nail_train_000688.jpg,train/masks/nail_train_000688.png,640,640,3,1,JPEG,PNG,24.18,1.27,5672,0.013848
train,train/images/nail_train_000689.jpg,train/masks/nail_train_000689.png,640,640,3,1,JPEG,PNG,27.17,1.88,8547,0.020867
train,train/images/nail_train_000690.jpg,train/masks/nail_train_000690.png,640,640,3,1,JPEG,PNG,29.05,1.38,8577,0.02094
train,train/images/nail_train_000691.jpg,train/masks/nail_train_000691.png,640,640,3,1,JPEG,PNG,25.1,1.28,5511,0.013455
train,train/images/nail_train_000692.jpg,train/masks/nail_train_000692.png,640,640,3,1,JPEG,PNG,35.96,1.21,5559,0.013572
train,train/images/nail_train_000693.jpg,train/masks/nail_train_000693.png,640,640,3,1,JPEG,PNG,21.29,1.46,7960,0.019434
train,train/images/nail_train_000694.jpg,train/masks/nail_train_000694.png,640,640,3,1,JPEG,PNG,20.71,1.73,7963,0.019441
train,train/images/nail_train_000695.jpg,train/masks/nail_train_000695.png,640,640,3,1,JPEG,PNG,48.06,1.31,4619,0.011277
train,train/images/nail_train_000696.jpg,train/masks/nail_train_000696.png,640,640,3,1,JPEG,PNG,53.51,1.2,4792,0.011699
train,train/images/nail_train_000697.jpg,train/masks/nail_train_000697.png,640,640,3,1,JPEG,PNG,39.39,1.76,11809,0.028831
train,train/images/nail_train_000699.jpg,train/masks/nail_train_000699.png,640,640,3,1,JPEG,PNG,50.8,1.57,8020,0.01958
train,train/images/nail_train_000700.jpg,train/masks/nail_train_000700.png,640,640,3,1,JPEG,PNG,56.55,1.39,8001,0.019534
train,train/images/nail_train_000701.jpg,train/masks/nail_train_000701.png,640,640,3,1,JPEG,PNG,37.51,1.75,9432,0.023027
train,train/images/nail_train_000703.jpg,train/masks/nail_train_000703.png,640,640,3,1,JPEG,PNG,23.29,1.42,8057,0.01967
train,train/images/nail_train_000704.jpg,train/masks/nail_train_000704.png,640,640,3,1,JPEG,PNG,22.84,1.7,8061,0.01968
train,train/images/nail_train_000705.jpg,train/masks/nail_train_000705.png,640,640,3,1,JPEG,PNG,24.34,1.48,7731,0.018875
train,train/images/nail_train_000708.jpg,train/masks/nail_train_000708.png,640,640,3,1,JPEG,PNG,34.46,2.23,9133,0.022297
train,train/images/nail_train_000713.jpg,train/masks/nail_train_000713.png,640,640,3,1,JPEG,PNG,26.57,1.89,12425,0.030334
train,train/images/nail_train_000714.jpg,train/masks/nail_train_000714.png,640,640,3,1,JPEG,PNG,30.43,1.56,12390,0.030249
train,train/images/nail_train_000717.jpg,train/masks/nail_train_000717.png,640,640,3,1,JPEG,PNG,31.94,1.97,14169,0.034592
train,train/images/nail_train_000718.jpg,train/masks/nail_train_000718.png,640,640,3,1,JPEG,PNG,29.34,2.28,14145,0.034534
train,train/images/nail_train_000720.jpg,train/masks/nail_train_000720.png,640,640,3,1,JPEG,PNG,47.03,2.38,13176,0.032168
train,train/images/nail_train_000721.jpg,train/masks/nail_train_000721.png,640,640,3,1,JPEG,PNG,23.21,1.6,6663,0.016267
train,train/images/nail_train_000722.jpg,train/masks/nail_train_000722.png,640,640,3,1,JPEG,PNG,22.43,1.57,6684,0.016318
train,train/images/nail_train_000724.jpg,train/masks/nail_train_000724.png,640,640,3,1,JPEG,PNG,22.67,1.97,15543,0.037947
train,train/images/nail_train_000725.jpg,train/masks/nail_train_000725.png,640,640,3,1,JPEG,PNG,28.35,1.9,21119,0.05156
train,train/images/nail_train_000726.jpg,train/masks/nail_train_000726.png,640,640,3,1,JPEG,PNG,18.01,2.03,21028,0.051338
train,train/images/nail_train_000727.jpg,train/masks/nail_train_000727.png,640,640,3,1,JPEG,PNG,28.39,1.48,8571,0.020925
train,train/images/nail_train_000728.jpg,train/masks/nail_train_000728.png,640,640,3,1,JPEG,PNG,28.18,1.63,8533,0.020833
train,train/images/nail_train_000729.jpg,train/masks/nail_train_000729.png,640,640,3,1,JPEG,PNG,28.59,2.12,14787,0.036101
train,train/images/nail_train_000730.jpg,train/masks/nail_train_000730.png,640,640,3,1,JPEG,PNG,27.85,1.96,14783,0.036091
train,train/images/nail_train_000732.jpg,train/masks/nail_train_000732.png,640,640,3,1,JPEG,PNG,23.01,1.17,9352,0.022832
train,train/images/nail_train_000733.jpg,train/masks/nail_train_000733.png,640,640,3,1,JPEG,PNG,25.36,1.51,9297,0.022698
train,train/images/nail_train_000736.jpg,train/masks/nail_train_000736.png,640,640,3,1,JPEG,PNG,31.11,1.11,3016,0.007363
train,train/images/nail_train_000737.jpg,train/masks/nail_train_000737.png,640,640,3,1,JPEG,PNG,30.73,2.52,19983,0.048787
train,train/images/nail_train_000738.jpg,train/masks/nail_train_000738.png,640,640,3,1,JPEG,PNG,35.77,2.62,20075,0.049011
train,train/images/nail_train_000739.jpg,train/masks/nail_train_000739.png,640,640,3,1,JPEG,PNG,22.58,1.12,3420,0.00835
train,train/images/nail_train_000742.jpg,train/masks/nail_train_000742.png,640,640,3,1,JPEG,PNG,24.52,1.44,6198,0.015132
train,train/images/nail_train_000744.jpg,train/masks/nail_train_000744.png,640,640,3,1,JPEG,PNG,19.8,1.73,15182,0.037065
train,train/images/nail_train_000745.jpg,train/masks/nail_train_000745.png,640,640,3,1,JPEG,PNG,20.8,2.02,15130,0.036938
train,train/images/nail_train_000746.jpg,train/masks/nail_train_000746.png,640,640,3,1,JPEG,PNG,42.33,1.71,12879,0.031443
train,train/images/nail_train_000747.jpg,train/masks/nail_train_000747.png,640,640,3,1,JPEG,PNG,41.13,1.47,8093,0.019758
train,train/images/nail_train_000748.jpg,train/masks/nail_train_000748.png,640,640,3,1,JPEG,PNG,36.64,1.51,8122,0.019829
train,train/images/nail_train_000749.jpg,train/masks/nail_train_000749.png,640,640,3,1,JPEG,PNG,25.31,1.34,4504,0.010996
train,train/images/nail_train_000750.jpg,train/masks/nail_train_000750.png,640,640,3,1,JPEG,PNG,26.51,1.35,4519,0.011033
train,train/images/nail_train_000751.jpg,train/masks/nail_train_000751.png,640,640,3,1,JPEG,PNG,20.34,1.8,9560,0.02334
train,train/images/nail_train_000752.jpg,train/masks/nail_train_000752.png,640,640,3,1,JPEG,PNG,24.14,1.34,9545,0.023303
train,train/images/nail_train_000753.jpg,train/masks/nail_train_000753.png,640,640,3,1,JPEG,PNG,35.24,1.17,4449,0.010862
train,train/images/nail_train_000754.jpg,train/masks/nail_train_000754.png,640,640,3,1,JPEG,PNG,26.42,1.23,4426,0.010806
train,train/images/nail_train_000755.jpg,train/masks/nail_train_000755.png,640,640,3,1,JPEG,PNG,29.91,1.91,15872,0.03875
train,train/images/nail_train_000756.jpg,train/masks/nail_train_000756.png,640,640,3,1,JPEG,PNG,34.38,1.64,15833,0.038655
train,train/images/nail_train_000757.jpg,train/masks/nail_train_000757.png,640,640,3,1,JPEG,PNG,31.02,1.03,2633,0.006428
train,train/images/nail_train_000759.jpg,train/masks/nail_train_000759.png,640,640,3,1,JPEG,PNG,63.44,1.2,5482,0.013384
train,train/images/nail_train_000760.jpg,train/masks/nail_train_000760.png,640,640,3,1,JPEG,PNG,48.01,1.31,5497,0.01342
train,train/images/nail_train_000762.jpg,train/masks/nail_train_000762.png,640,640,3,1,JPEG,PNG,30.37,1.86,8056,0.019668
train,train/images/nail_train_000763.jpg,train/masks/nail_train_000763.png,640,640,3,1,JPEG,PNG,32.37,1.36,5096,0.012441
train,train/images/nail_train_000764.jpg,train/masks/nail_train_000764.png,640,640,3,1,JPEG,PNG,34.71,1.33,5089,0.012424
train,train/images/nail_train_000766.jpg,train/masks/nail_train_000766.png,640,640,3,1,JPEG,PNG,26.49,1.39,6423,0.015681
train,train/images/nail_train_000767.jpg,train/masks/nail_train_000767.png,640,640,3,1,JPEG,PNG,25.82,1.52,9101,0.022219
train,train/images/nail_train_000768.jpg,train/masks/nail_train_000768.png,640,640,3,1,JPEG,PNG,25.11,1.61,9077,0.022161
train,train/images/nail_train_000769.jpg,train/masks/nail_train_000769.png,640,640,3,1,JPEG,PNG,87.55,1.26,10147,0.024773
train,train/images/nail_train_000770.jpg,train/masks/nail_train_000770.png,640,640,3,1,JPEG,PNG,59.71,1.39,10140,0.024756
train,train/images/nail_train_000771.jpg,train/masks/nail_train_000771.png,640,640,3,1,JPEG,PNG,20.12,1.11,5759,0.01406
train,train/images/nail_train_000772.jpg,train/masks/nail_train_000772.png,640,640,3,1,JPEG,PNG,22.62,1.55,5782,0.014116
train,train/images/nail_train_000773.jpg,train/masks/nail_train_000773.png,640,640,3,1,JPEG,PNG,22.68,1.49,5545,0.013538
train,train/images/nail_train_000774.jpg,train/masks/nail_train_000774.png,640,640,3,1,JPEG,PNG,22.51,1.35,6000,0.014648
train,train/images/nail_train_000775.jpg,train/masks/nail_train_000775.png,640,640,3,1,JPEG,PNG,29.11,1.31,5539,0.013523
train,train/images/nail_train_000776.jpg,train/masks/nail_train_000776.png,640,640,3,1,JPEG,PNG,23.4,1.5,6004,0.014658
train,train/images/nail_train_000777.jpg,train/masks/nail_train_000777.png,640,640,3,1,JPEG,PNG,25.56,1.65,51864,0.126621
train,train/images/nail_train_000778.jpg,train/masks/nail_train_000778.png,640,640,3,1,JPEG,PNG,29,2.82,204271,0.498708
train,train/images/nail_train_000779.jpg,train/masks/nail_train_000779.png,640,640,3,1,JPEG,PNG,23.29,1.62,51849,0.126584
train,train/images/nail_train_000780.jpg,train/masks/nail_train_000780.png,640,640,3,1,JPEG,PNG,20.17,2.13,80831,0.197341
train,train/images/nail_train_000781.jpg,train/masks/nail_train_000781.png,640,640,3,1,JPEG,PNG,19.4,2.14,80710,0.197046
train,train/images/nail_train_000782.jpg,train/masks/nail_train_000782.png,640,640,3,1,JPEG,PNG,29.02,2.76,204189,0.498508
train,train/images/nail_train_000783.jpg,train/masks/nail_train_000783.png,640,640,3,1,JPEG,PNG,17.73,2.83,178980,0.436963
train,train/images/nail_train_000786.jpg,train/masks/nail_train_000786.png,640,640,3,1,JPEG,PNG,31.16,2.33,22890,0.055884
train,train/images/nail_train_000787.jpg,train/masks/nail_train_000787.png,640,640,3,1,JPEG,PNG,31.16,2.3,22355,0.054578
train,train/images/nail_train_000788.jpg,train/masks/nail_train_000788.png,640,640,3,1,JPEG,PNG,32.16,2.28,22905,0.05592
train,train/images/nail_train_000789.jpg,train/masks/nail_train_000789.png,640,640,3,1,JPEG,PNG,31.16,2.27,22374,0.054624
train,train/images/nail_train_000790.jpg,train/masks/nail_train_000790.png,640,640,3,1,JPEG,PNG,26.14,2.7,22306,0.054458
train,train/images/nail_train_000792.jpg,train/masks/nail_train_000792.png,640,640,3,1,JPEG,PNG,22.68,1.28,4616,0.01127
train,train/images/nail_train_000794.jpg,train/masks/nail_train_000794.png,640,640,3,1,JPEG,PNG,20.17,1.32,4645,0.01134
train,train/images/nail_train_000795.jpg,train/masks/nail_train_000795.png,640,640,3,1,JPEG,PNG,22.36,1.33,4568,0.011152
train,train/images/nail_train_000796.jpg,train/masks/nail_train_000796.png,640,640,3,1,JPEG,PNG,20.89,1.4,5064,0.012363
train,train/images/nail_train_000797.jpg,train/masks/nail_train_000797.png,640,640,3,1,JPEG,PNG,25.96,1.51,7418,0.01811
train,train/images/nail_train_000798.jpg,train/masks/nail_train_000798.png,640,640,3,1,JPEG,PNG,25.54,1.49,7023,0.017146
train,train/images/nail_train_000799.jpg,train/masks/nail_train_000799.png,640,640,3,1,JPEG,PNG,44.63,1.55,11516,0.028115
train,train/images/nail_train_000800.jpg,train/masks/nail_train_000800.png,640,640,3,1,JPEG,PNG,34.91,1.67,11518,0.02812
train,train/images/nail_train_000801.jpg,train/masks/nail_train_000801.png,640,640,3,1,JPEG,PNG,29.14,1.84,8968,0.021895
train,train/images/nail_train_000803.jpg,train/masks/nail_train_000803.png,640,640,3,1,JPEG,PNG,23.99,1.07,5695,0.013904
train,train/images/nail_train_000804.jpg,train/masks/nail_train_000804.png,640,640,3,1,JPEG,PNG,24.31,1.06,5682,0.013872
train,train/images/nail_train_000805.jpg,train/masks/nail_train_000805.png,640,640,3,1,JPEG,PNG,34.61,1.21,5212,0.012725
train,train/images/nail_train_000806.jpg,train/masks/nail_train_000806.png,640,640,3,1,JPEG,PNG,34.23,1.23,5183,0.012654
train,train/images/nail_train_000807.jpg,train/masks/nail_train_000807.png,640,640,3,1,JPEG,PNG,34.54,1.11,5544,0.013535
train,train/images/nail_train_000808.jpg,train/masks/nail_train_000808.png,640,640,3,1,JPEG,PNG,31.72,1.12,5548,0.013545
train,train/images/nail_train_000809.jpg,train/masks/nail_train_000809.png,640,640,3,1,JPEG,PNG,26.25,0.47,0,0
train,train/images/nail_train_000810.jpg,train/masks/nail_train_000810.png,640,640,3,1,JPEG,PNG,22.19,0.47,0,0
train,train/images/nail_train_000811.jpg,train/masks/nail_train_000811.png,640,640,3,1,JPEG,PNG,75.41,1.27,7629,0.018625
train,train/images/nail_train_000812.jpg,train/masks/nail_train_000812.png,640,640,3,1,JPEG,PNG,66.96,1.62,7627,0.018621
train,train/images/nail_train_000813.jpg,train/masks/nail_train_000813.png,640,640,3,1,JPEG,PNG,33.01,3.96,35014,0.085483
train,train/images/nail_train_000814.jpg,train/masks/nail_train_000814.png,640,640,3,1,JPEG,PNG,37.24,3.69,35018,0.085493
train,train/images/nail_train_000815.jpg,train/masks/nail_train_000815.png,640,640,3,1,JPEG,PNG,21.79,1.99,11071,0.027029
train,train/images/nail_train_000818.jpg,train/masks/nail_train_000818.png,640,640,3,1,JPEG,PNG,22.24,1.48,11071,0.027029
train,train/images/nail_train_000819.jpg,train/masks/nail_train_000819.png,640,640,3,1,JPEG,PNG,20.82,1.41,7911,0.019314
train,train/images/nail_train_000820.jpg,train/masks/nail_train_000820.png,640,640,3,1,JPEG,PNG,24.86,1.38,7903,0.019294
train,train/images/nail_train_000821.jpg,train/masks/nail_train_000821.png,640,640,3,1,JPEG,PNG,32.44,1.91,15614,0.03812
train,train/images/nail_train_000822.jpg,train/masks/nail_train_000822.png,640,640,3,1,JPEG,PNG,23.64,2.06,15594,0.038071
train,train/images/nail_train_000823.jpg,train/masks/nail_train_000823.png,640,640,3,1,JPEG,PNG,28.11,1.46,9745,0.023792
train,train/images/nail_train_000824.jpg,train/masks/nail_train_000824.png,640,640,3,1,JPEG,PNG,24.57,1.47,9758,0.023823
train,train/images/nail_train_000825.jpg,train/masks/nail_train_000825.png,640,640,3,1,JPEG,PNG,31.06,1.55,10175,0.024841
train,train/images/nail_train_000826.jpg,train/masks/nail_train_000826.png,640,640,3,1,JPEG,PNG,21.15,1.67,10192,0.024883
train,train/images/nail_train_000827.jpg,train/masks/nail_train_000827.png,640,640,3,1,JPEG,PNG,23.53,1.26,6069,0.014817
train,train/images/nail_train_000828.jpg,train/masks/nail_train_000828.png,640,640,3,1,JPEG,PNG,27.82,1.26,6069,0.014817
train,train/images/nail_train_000829.jpg,train/masks/nail_train_000829.png,640,640,3,1,JPEG,PNG,25.48,1.38,6803,0.016609
train,train/images/nail_train_000830.jpg,train/masks/nail_train_000830.png,640,640,3,1,JPEG,PNG,29.87,1.44,6791,0.01658
train,train/images/nail_train_000831.jpg,train/masks/nail_train_000831.png,640,640,3,1,JPEG,PNG,47.1,1.12,5776,0.014102
train,train/images/nail_train_000832.jpg,train/masks/nail_train_000832.png,640,640,3,1,JPEG,PNG,41.25,1.3,5795,0.014148
train,train/images/nail_train_000833.jpg,train/masks/nail_train_000833.png,640,640,3,1,JPEG,PNG,25.59,1.38,6817,0.016643
train,train/images/nail_train_000834.jpg,train/masks/nail_train_000834.png,640,640,3,1,JPEG,PNG,26.31,1.63,6798,0.016597
train,train/images/nail_train_000836.jpg,train/masks/nail_train_000836.png,640,640,3,1,JPEG,PNG,26.72,1.67,7645,0.018665
train,train/images/nail_train_000837.jpg,train/masks/nail_train_000837.png,640,640,3,1,JPEG,PNG,33.55,1.44,6723,0.016414
train,train/images/nail_train_000839.jpg,train/masks/nail_train_000839.png,640,640,3,1,JPEG,PNG,40.78,2.57,27635,0.067468
train,train/images/nail_train_000840.jpg,train/masks/nail_train_000840.png,640,640,3,1,JPEG,PNG,50.71,1.69,27624,0.067441
train,train/images/nail_train_000841.jpg,train/masks/nail_train_000841.png,640,640,3,1,JPEG,PNG,30.71,1.1,2857,0.006975
train,train/images/nail_train_000844.jpg,train/masks/nail_train_000844.png,640,640,3,1,JPEG,PNG,19.98,1.34,7944,0.019395
train,train/images/nail_train_000845.jpg,train/masks/nail_train_000845.png,640,640,3,1,JPEG,PNG,30.06,1.81,22704,0.05543
train,train/images/nail_train_000846.jpg,train/masks/nail_train_000846.png,640,640,3,1,JPEG,PNG,29.34,2.07,22771,0.055593
train,train/images/nail_train_000847.jpg,train/masks/nail_train_000847.png,640,640,3,1,JPEG,PNG,27.87,1.92,9896,0.02416
train,train/images/nail_train_000848.jpg,train/masks/nail_train_000848.png,640,640,3,1,JPEG,PNG,23.04,1.9,9909,0.024192
train,train/images/nail_train_000849.jpg,train/masks/nail_train_000849.png,640,640,3,1,JPEG,PNG,55.56,1.06,4123,0.010066
train,train/images/nail_train_000850.jpg,train/masks/nail_train_000850.png,640,640,3,1,JPEG,PNG,23.7,1.31,4647,0.011345
train,train/images/nail_train_000851.jpg,train/masks/nail_train_000851.png,640,640,3,1,JPEG,PNG,23.82,1.43,4627,0.011296
train,train/images/nail_train_000852.jpg,train/masks/nail_train_000852.png,640,640,3,1,JPEG,PNG,48.5,1.21,4129,0.010081
train,train/images/nail_train_000855.jpg,train/masks/nail_train_000855.png,640,640,3,1,JPEG,PNG,40.63,1.4,3594,0.008774
train,train/images/nail_train_000856.jpg,train/masks/nail_train_000856.png,640,640,3,1,JPEG,PNG,56.67,1.25,3596,0.008779
train,train/images/nail_train_000857.jpg,train/masks/nail_train_000857.png,640,640,3,1,JPEG,PNG,26.94,1.6,12792,0.03123
train,train/images/nail_train_000858.jpg,train/masks/nail_train_000858.png,640,640,3,1,JPEG,PNG,27,1.82,12795,0.031238
train,train/images/nail_train_000859.jpg,train/masks/nail_train_000859.png,640,640,3,1,JPEG,PNG,37.92,1.14,3558,0.008687
train,train/images/nail_train_000860.jpg,train/masks/nail_train_000860.png,640,640,3,1,JPEG,PNG,30.73,1.29,3566,0.008706
train,train/images/nail_train_000861.jpg,train/masks/nail_train_000861.png,640,640,3,1,JPEG,PNG,50.92,1.22,10031,0.02449
train,train/images/nail_train_000862.jpg,train/masks/nail_train_000862.png,640,640,3,1,JPEG,PNG,48.27,1.78,9758,0.023823
train,train/images/nail_train_000863.jpg,train/masks/nail_train_000863.png,640,640,3,1,JPEG,PNG,21.15,1.47,5216,0.012734
train,train/images/nail_train_000864.jpg,train/masks/nail_train_000864.png,640,640,3,1,JPEG,PNG,20.65,1.23,5227,0.012761
train,train/images/nail_train_000865.jpg,train/masks/nail_train_000865.png,640,640,3,1,JPEG,PNG,48.16,1.5,8144,0.019883
train,train/images/nail_train_000866.jpg,train/masks/nail_train_000866.png,640,640,3,1,JPEG,PNG,43.46,1.56,8184,0.01998
train,train/images/nail_train_000867.jpg,train/masks/nail_train_000867.png,640,640,3,1,JPEG,PNG,27.43,1.48,7907,0.019304
train,train/images/nail_train_000869.jpg,train/masks/nail_train_000869.png,640,640,3,1,JPEG,PNG,18.96,1.42,4926,0.012026
train,train/images/nail_train_000872.jpg,train/masks/nail_train_000872.png,640,640,3,1,JPEG,PNG,46.17,1.27,5419,0.01323
train,train/images/nail_train_000873.jpg,train/masks/nail_train_000873.png,640,640,3,1,JPEG,PNG,24.11,1.56,11405,0.027844
train,train/images/nail_train_000874.jpg,train/masks/nail_train_000874.png,640,640,3,1,JPEG,PNG,24.34,1.58,11437,0.027922
train,train/images/nail_train_000875.jpg,train/masks/nail_train_000875.png,640,640,3,1,JPEG,PNG,32.7,1.74,12106,0.029556
train,train/images/nail_train_000876.jpg,train/masks/nail_train_000876.png,640,640,3,1,JPEG,PNG,37.93,1.71,12052,0.029424
train,train/images/nail_train_000878.jpg,train/masks/nail_train_000878.png,640,640,3,1,JPEG,PNG,37.39,1.21,5460,0.01333
train,train/images/nail_train_000879.jpg,train/masks/nail_train_000879.png,640,640,3,1,JPEG,PNG,57,1.1,5676,0.013857
train,train/images/nail_train_000880.jpg,train/masks/nail_train_000880.png,640,640,3,1,JPEG,PNG,51.16,1.73,5701,0.013918
train,train/images/nail_train_000881.jpg,train/masks/nail_train_000881.png,640,640,3,1,JPEG,PNG,18.77,0.63,478,0.001167
train,train/images/nail_train_000882.jpg,train/masks/nail_train_000882.png,640,640,3,1,JPEG,PNG,20.53,0.63,476,0.001162
train,train/images/nail_train_000883.jpg,train/masks/nail_train_000883.png,640,640,3,1,JPEG,PNG,31.78,1.97,14334,0.034995
train,train/images/nail_train_000884.jpg,train/masks/nail_train_000884.png,640,640,3,1,JPEG,PNG,27.78,2.06,14327,0.034978
train,train/images/nail_train_000885.jpg,train/masks/nail_train_000885.png,640,640,3,1,JPEG,PNG,28.37,1.42,8297,0.020256
train,train/images/nail_train_000886.jpg,train/masks/nail_train_000886.png,640,640,3,1,JPEG,PNG,33.22,1.46,8309,0.020286
train,train/images/nail_train_000887.jpg,train/masks/nail_train_000887.png,640,640,3,1,JPEG,PNG,24.66,1.56,10147,0.024773
train,train/images/nail_train_000888.jpg,train/masks/nail_train_000888.png,640,640,3,1,JPEG,PNG,24.55,1.57,10116,0.024697
train,train/images/nail_train_000889.jpg,train/masks/nail_train_000889.png,640,640,3,1,JPEG,PNG,45.78,1.35,6980,0.017041
train,train/images/nail_train_000891.jpg,train/masks/nail_train_000891.png,640,640,3,1,JPEG,PNG,27.38,1.18,4215,0.010291
train,train/images/nail_train_000892.jpg,train/masks/nail_train_000892.png,640,640,3,1,JPEG,PNG,27.63,1.22,4066,0.009927
train,train/images/nail_train_000893.jpg,train/masks/nail_train_000893.png,640,640,3,1,JPEG,PNG,21.07,1.04,4615,0.011267
train,train/images/nail_train_000895.jpg,train/masks/nail_train_000895.png,640,640,3,1,JPEG,PNG,51.54,1.32,4189,0.010227
train,train/images/nail_train_000896.jpg,train/masks/nail_train_000896.png,640,640,3,1,JPEG,PNG,43.78,1.35,4186,0.01022
train,train/images/nail_train_000897.jpg,train/masks/nail_train_000897.png,640,640,3,1,JPEG,PNG,25.08,1.41,5407,0.013201
train,train/images/nail_train_000898.jpg,train/masks/nail_train_000898.png,640,640,3,1,JPEG,PNG,26.88,1.32,5434,0.013267
train,train/images/nail_train_000899.jpg,train/masks/nail_train_000899.png,640,640,3,1,JPEG,PNG,33.81,1.87,9635,0.023523
train,train/images/nail_train_000900.jpg,train/masks/nail_train_000900.png,640,640,3,1,JPEG,PNG,38.63,1.75,9605,0.02345
train,train/images/nail_train_000902.jpg,train/masks/nail_train_000902.png,640,640,3,1,JPEG,PNG,36.92,1.77,6254,0.015269
train,train/images/nail_train_000903.jpg,train/masks/nail_train_000903.png,640,640,3,1,JPEG,PNG,34.19,0.76,2798,0.006831
train,train/images/nail_train_000904.jpg,train/masks/nail_train_000904.png,640,640,3,1,JPEG,PNG,33.42,0.84,2805,0.006848
train,train/images/nail_train_000905.jpg,train/masks/nail_train_000905.png,640,640,3,1,JPEG,PNG,19.34,1.18,6672,0.016289
train,train/images/nail_train_000906.jpg,train/masks/nail_train_000906.png,640,640,3,1,JPEG,PNG,28.3,1.5,6664,0.01627
train,train/images/nail_train_000907.jpg,train/masks/nail_train_000907.png,640,640,3,1,JPEG,PNG,29.9,1.85,14806,0.036147
train,train/images/nail_train_000908.jpg,train/masks/nail_train_000908.png,640,640,3,1,JPEG,PNG,27.72,1.86,14733,0.035969
train,train/images/nail_train_000909.jpg,train/masks/nail_train_000909.png,640,640,3,1,JPEG,PNG,27.77,2.22,20441,0.049905
train,train/images/nail_train_000910.jpg,train/masks/nail_train_000910.png,640,640,3,1,JPEG,PNG,24.95,2.19,20447,0.049919
train,train/images/nail_train_000911.jpg,train/masks/nail_train_000911.png,640,640,3,1,JPEG,PNG,27.48,1.79,13569,0.033127
train,train/images/nail_train_000912.jpg,train/masks/nail_train_000912.png,640,640,3,1,JPEG,PNG,23.66,1.76,13594,0.033188
train,train/images/nail_train_000913.jpg,train/masks/nail_train_000913.png,640,640,3,1,JPEG,PNG,30,1.85,10219,0.024949
train,train/images/nail_train_000914.jpg,train/masks/nail_train_000914.png,640,640,3,1,JPEG,PNG,31.69,1.53,10186,0.024868
train,train/images/nail_train_000915.jpg,train/masks/nail_train_000915.png,640,640,3,1,JPEG,PNG,29.5,1.59,9512,0.023223
train,train/images/nail_train_000916.jpg,train/masks/nail_train_000916.png,640,640,3,1,JPEG,PNG,27.83,1,1313,0.003206
train,train/images/nail_train_000917.jpg,train/masks/nail_train_000917.png,640,640,3,1,JPEG,PNG,22.11,1.62,9525,0.023254
train,train/images/nail_train_000918.jpg,train/masks/nail_train_000918.png,640,640,3,1,JPEG,PNG,26.9,0.92,1320,0.003223
train,train/images/nail_train_000919.jpg,train/masks/nail_train_000919.png,640,640,3,1,JPEG,PNG,56.57,1.41,4417,0.010784
train,train/images/nail_train_000920.jpg,train/masks/nail_train_000920.png,640,640,3,1,JPEG,PNG,48.31,1.34,4412,0.010771
train,train/images/nail_train_000921.jpg,train/masks/nail_train_000921.png,640,640,3,1,JPEG,PNG,50.54,1.57,5199,0.012693
train,train/images/nail_train_000922.jpg,train/masks/nail_train_000922.png,640,640,3,1,JPEG,PNG,25.69,1.13,3285,0.00802
train,train/images/nail_train_000923.jpg,train/masks/nail_train_000923.png,640,640,3,1,JPEG,PNG,25.13,1.21,3306,0.008071
train,train/images/nail_train_000924.jpg,train/masks/nail_train_000924.png,640,640,3,1,JPEG,PNG,64.16,1.29,5649,0.013792
train,train/images/nail_train_000925.jpg,train/masks/nail_train_000925.png,640,640,3,1,JPEG,PNG,38.03,1.83,13813,0.033723
train,train/images/nail_train_000926.jpg,train/masks/nail_train_000926.png,640,640,3,1,JPEG,PNG,31.49,1.2,3370,0.008228
train,train/images/nail_train_000927.jpg,train/masks/nail_train_000927.png,640,640,3,1,JPEG,PNG,27.23,1.36,3389,0.008274
train,train/images/nail_train_000929.jpg,train/masks/nail_train_000929.png,640,640,3,1,JPEG,PNG,27.2,2.03,10220,0.024951
train,train/images/nail_train_000931.jpg,train/masks/nail_train_000931.png,640,640,3,1,JPEG,PNG,25.34,1.76,10487,0.025603
train,train/images/nail_train_000932.jpg,train/masks/nail_train_000932.png,640,640,3,1,JPEG,PNG,30.04,1.52,10442,0.025493
train,train/images/nail_train_000934.jpg,train/masks/nail_train_000934.png,640,640,3,1,JPEG,PNG,23.43,1.36,3641,0.008889
train,train/images/nail_train_000935.jpg,train/masks/nail_train_000935.png,640,640,3,1,JPEG,PNG,28.76,1.17,3691,0.009011
train,train/images/nail_train_000936.jpg,train/masks/nail_train_000936.png,640,640,3,1,JPEG,PNG,38.88,2.76,17843,0.043562
train,train/images/nail_train_000937.jpg,train/masks/nail_train_000937.png,640,640,3,1,JPEG,PNG,21.07,1.51,8898,0.021724
train,train/images/nail_train_000940.jpg,train/masks/nail_train_000940.png,640,640,3,1,JPEG,PNG,40.65,1.48,10269,0.025071
train,train/images/nail_train_000941.jpg,train/masks/nail_train_000941.png,640,640,3,1,JPEG,PNG,29.18,1.4,4552,0.011113
train,train/images/nail_train_000943.jpg,train/masks/nail_train_000943.png,640,640,3,1,JPEG,PNG,22.22,2.01,14775,0.036072
train,train/images/nail_train_000944.jpg,train/masks/nail_train_000944.png,640,640,3,1,JPEG,PNG,26.94,1.91,14806,0.036147
train,train/images/nail_train_000946.jpg,train/masks/nail_train_000946.png,640,640,3,1,JPEG,PNG,23.68,1.63,7171,0.017507
train,train/images/nail_train_000947.jpg,train/masks/nail_train_000947.png,640,640,3,1,JPEG,PNG,30.1,1.36,5618,0.013716
train,train/images/nail_train_000948.jpg,train/masks/nail_train_000948.png,640,640,3,1,JPEG,PNG,36.39,1.34,5621,0.013723
train,train/images/nail_train_000949.jpg,train/masks/nail_train_000949.png,640,640,3,1,JPEG,PNG,22.36,1.73,8525,0.020813
train,train/images/nail_train_000950.jpg,train/masks/nail_train_000950.png,640,640,3,1,JPEG,PNG,27.18,1.81,8484,0.020713
train,train/images/nail_train_000951.jpg,train/masks/nail_train_000951.png,640,640,3,1,JPEG,PNG,33.88,2.9,17102,0.041753
train,train/images/nail_train_000952.jpg,train/masks/nail_train_000952.png,640,640,3,1,JPEG,PNG,37.31,2.61,17052,0.041631
train,train/images/nail_train_000953.jpg,train/masks/nail_train_000953.png,640,640,3,1,JPEG,PNG,56.03,1.19,4847,0.011833
train,train/images/nail_train_000954.jpg,train/masks/nail_train_000954.png,640,640,3,1,JPEG,PNG,48.48,1.31,4834,0.011802
train,train/images/nail_train_000955.jpg,train/masks/nail_train_000955.png,640,640,3,1,JPEG,PNG,25.15,1.73,8902,0.021733
train,train/images/nail_train_000957.jpg,train/masks/nail_train_000957.png,640,640,3,1,JPEG,PNG,28.05,2.52,16394,0.040024
train,train/images/nail_train_000959.jpg,train/masks/nail_train_000959.png,640,640,3,1,JPEG,PNG,52.53,2.35,10212,0.024932
train,train/images/nail_train_000960.jpg,train/masks/nail_train_000960.png,640,640,3,1,JPEG,PNG,44.15,2.31,10214,0.024937
train,train/images/nail_train_000961.jpg,train/masks/nail_train_000961.png,640,640,3,1,JPEG,PNG,38.03,2.41,19993,0.048811
train,train/images/nail_train_000962.jpg,train/masks/nail_train_000962.png,640,640,3,1,JPEG,PNG,42.04,1.15,4944,0.01207
train,train/images/nail_train_000963.jpg,train/masks/nail_train_000963.png,640,640,3,1,JPEG,PNG,33.79,1.15,4985,0.01217
train,train/images/nail_train_000965.jpg,train/masks/nail_train_000965.png,640,640,3,1,JPEG,PNG,20.9,1.91,12239,0.02988
train,train/images/nail_train_000966.jpg,train/masks/nail_train_000966.png,640,640,3,1,JPEG,PNG,22.72,2.12,12263,0.029939
train,train/images/nail_train_000967.jpg,train/masks/nail_train_000967.png,640,640,3,1,JPEG,PNG,21.33,1.95,16624,0.040586
train,train/images/nail_train_000968.jpg,train/masks/nail_train_000968.png,640,640,3,1,JPEG,PNG,23.91,2.02,16685,0.040735
train,train/images/nail_train_000970.jpg,train/masks/nail_train_000970.png,640,640,3,1,JPEG,PNG,24.16,1.77,10561,0.025784
train,train/images/nail_train_000971.jpg,train/masks/nail_train_000971.png,640,640,3,1,JPEG,PNG,25.3,1.25,5200,0.012695
train,train/images/nail_train_000973.jpg,train/masks/nail_train_000973.png,640,640,3,1,JPEG,PNG,31.35,1.39,7126,0.017397
train,train/images/nail_train_000975.jpg,train/masks/nail_train_000975.png,640,640,3,1,JPEG,PNG,23.5,1.95,17020,0.041553
train,train/images/nail_train_000976.jpg,train/masks/nail_train_000976.png,640,640,3,1,JPEG,PNG,26.68,2.06,16996,0.041494
train,train/images/nail_train_000977.jpg,train/masks/nail_train_000977.png,640,640,3,1,JPEG,PNG,21.42,1.25,2831,0.006912
train,train/images/nail_train_000978.jpg,train/masks/nail_train_000978.png,640,640,3,1,JPEG,PNG,21.16,1.17,2824,0.006895
train,train/images/nail_train_000979.jpg,train/masks/nail_train_000979.png,640,640,3,1,JPEG,PNG,26.21,1.66,6844,0.016709
train,train/images/nail_train_000980.jpg,train/masks/nail_train_000980.png,640,640,3,1,JPEG,PNG,25.37,1.23,6877,0.01679
train,train/images/nail_train_000981.jpg,train/masks/nail_train_000981.png,640,640,3,1,JPEG,PNG,33.17,1.69,11125,0.027161
train,train/images/nail_train_000982.jpg,train/masks/nail_train_000982.png,640,640,3,1,JPEG,PNG,31.17,1.93,11154,0.027231
train,train/images/nail_train_000983.jpg,train/masks/nail_train_000983.png,640,640,3,1,JPEG,PNG,24.68,1.42,4552,0.011113
train,train/images/nail_train_000984.jpg,train/masks/nail_train_000984.png,640,640,3,1,JPEG,PNG,25.14,1.3,4542,0.011089
train,train/images/nail_train_000985.jpg,train/masks/nail_train_000985.png,640,640,3,1,JPEG,PNG,23.6,1.53,6133,0.014973
train,train/images/nail_train_000986.jpg,train/masks/nail_train_000986.png,640,640,3,1,JPEG,PNG,24.3,1.42,6125,0.014954
train,train/images/nail_train_000987.jpg,train/masks/nail_train_000987.png,640,640,3,1,JPEG,PNG,33.24,1.53,9303,0.022712
train,train/images/nail_train_000988.jpg,train/masks/nail_train_000988.png,640,640,3,1,JPEG,PNG,23.34,1.5,9294,0.02269
train,train/images/nail_train_000989.jpg,train/masks/nail_train_000989.png,640,640,3,1,JPEG,PNG,51.94,1.33,5755,0.01405
train,train/images/nail_train_000991.jpg,train/masks/nail_train_000991.png,640,640,3,1,JPEG,PNG,58.28,1.72,10407,0.025408
train,train/images/nail_train_000993.jpg,train/masks/nail_train_000993.png,640,640,3,1,JPEG,PNG,28.36,1.78,14404,0.035166
train,train/images/nail_train_000994.jpg,train/masks/nail_train_000994.png,640,640,3,1,JPEG,PNG,29.33,1.84,14404,0.035166
train,train/images/nail_train_000995.jpg,train/masks/nail_train_000995.png,640,640,3,1,JPEG,PNG,49.27,1.43,5497,0.01342
train,train/images/nail_train_000996.jpg,train/masks/nail_train_000996.png,640,640,3,1,JPEG,PNG,37.31,1.6,5516,0.013467
train,train/images/nail_train_000997.jpg,train/masks/nail_train_000997.png,640,640,3,1,JPEG,PNG,33.9,1.46,4690,0.01145
train,train/images/nail_train_000998.jpg,train/masks/nail_train_000998.png,640,640,3,1,JPEG,PNG,33.64,1.47,4698,0.01147
train,train/images/nail_train_000999.jpg,train/masks/nail_train_000999.png,640,640,3,1,JPEG,PNG,60.01,1.62,6710,0.016382
train,train/images/nail_train_001000.jpg,train/masks/nail_train_001000.png,640,640,3,1,JPEG,PNG,49.87,1.6,6698,0.016353
train,train/images/nail_train_001001.jpg,train/masks/nail_train_001001.png,640,640,3,1,JPEG,PNG,19.65,1.11,3229,0.007883
train,train/images/nail_train_001003.jpg,train/masks/nail_train_001003.png,640,640,3,1,JPEG,PNG,24.24,1.09,3452,0.008428
train,train/images/nail_train_001005.jpg,train/masks/nail_train_001005.png,640,640,3,1,JPEG,PNG,48.49,1.19,2986,0.00729
train,train/images/nail_train_001006.jpg,train/masks/nail_train_001006.png,640,640,3,1,JPEG,PNG,30.88,1.11,3438,0.008394
train,train/images/nail_train_001007.jpg,train/masks/nail_train_001007.png,640,640,3,1,JPEG,PNG,44.67,2.32,22968,0.056074
train,train/images/nail_train_001008.jpg,train/masks/nail_train_001008.png,640,640,3,1,JPEG,PNG,46.55,2.64,22876,0.05585
train,train/images/nail_train_001009.jpg,train/masks/nail_train_001009.png,640,640,3,1,JPEG,PNG,18.75,2.51,176620,0.431201
train,train/images/nail_train_001010.jpg,train/masks/nail_train_001010.png,640,640,3,1,JPEG,PNG,22.12,2.75,209769,0.512131
train,train/images/nail_train_001011.jpg,train/masks/nail_train_001011.png,640,640,3,1,JPEG,PNG,17.44,2.44,176547,0.431023
train,train/images/nail_train_001012.jpg,train/masks/nail_train_001012.png,640,640,3,1,JPEG,PNG,21.91,2.71,210371,0.513601
train,train/images/nail_train_001013.jpg,train/masks/nail_train_001013.png,640,640,3,1,JPEG,PNG,24.58,2.33,17827,0.043523
train,train/images/nail_train_001014.jpg,train/masks/nail_train_001014.png,640,640,3,1,JPEG,PNG,27.24,2.12,10419,0.025437
train,train/images/nail_train_001016.jpg,train/masks/nail_train_001016.png,640,640,3,1,JPEG,PNG,25.74,1.89,9952,0.024297
train,train/images/nail_train_001018.jpg,train/masks/nail_train_001018.png,640,640,3,1,JPEG,PNG,18.06,1.93,9836,0.024014
train,train/images/nail_train_001019.jpg,train/masks/nail_train_001019.png,640,640,3,1,JPEG,PNG,23.51,1.4,5826,0.014224
train,train/images/nail_train_001020.jpg,train/masks/nail_train_001020.png,640,640,3,1,JPEG,PNG,34.9,1.68,9445,0.023059
train,train/images/nail_train_001021.jpg,train/masks/nail_train_001021.png,640,640,3,1,JPEG,PNG,22.61,1.46,5705,0.013928
train,train/images/nail_train_001022.jpg,train/masks/nail_train_001022.png,640,640,3,1,JPEG,PNG,25.3,1.7,5743,0.014021
train,train/images/nail_train_001023.jpg,train/masks/nail_train_001023.png,640,640,3,1,JPEG,PNG,22.19,1.63,6765,0.016516
train,train/images/nail_train_001024.jpg,train/masks/nail_train_001024.png,640,640,3,1,JPEG,PNG,22.58,1.44,6773,0.016536
train,train/images/nail_train_001025.jpg,train/masks/nail_train_001025.png,640,640,3,1,JPEG,PNG,22.58,1.4,5830,0.014233
train,train/images/nail_train_001026.jpg,train/masks/nail_train_001026.png,640,640,3,1,JPEG,PNG,31.93,1.81,9468,0.023115
train,train/images/nail_train_001027.jpg,train/masks/nail_train_001027.png,640,640,3,1,JPEG,PNG,39.1,2.86,28828,0.070381
train,train/images/nail_train_001028.jpg,train/masks/nail_train_001028.png,640,640,3,1,JPEG,PNG,33.02,2.85,28826,0.070376
train,train/images/nail_train_001029.jpg,train/masks/nail_train_001029.png,640,640,3,1,JPEG,PNG,63.4,1.41,8838,0.021577
train,train/images/nail_train_001030.jpg,train/masks/nail_train_001030.png,640,640,3,1,JPEG,PNG,54.4,1.62,8870,0.021655
train,train/images/nail_train_001031.jpg,train/masks/nail_train_001031.png,640,640,3,1,JPEG,PNG,29.49,1.39,4432,0.01082
train,train/images/nail_train_001032.jpg,train/masks/nail_train_001032.png,640,640,3,1,JPEG,PNG,25.05,1.38,4461,0.010891
train,train/images/nail_train_001033.jpg,train/masks/nail_train_001033.png,640,640,3,1,JPEG,PNG,19.63,1.34,5693,0.013899
train,train/images/nail_train_001034.jpg,train/masks/nail_train_001034.png,640,640,3,1,JPEG,PNG,18.64,1.39,5704,0.013926
train,train/images/nail_train_001035.jpg,train/masks/nail_train_001035.png,640,640,3,1,JPEG,PNG,23.68,1.4,6907,0.016863
train,train/images/nail_train_001037.jpg,train/masks/nail_train_001037.png,640,640,3,1,JPEG,PNG,23.5,1.46,7440,0.018164
train,train/images/nail_train_001038.jpg,train/masks/nail_train_001038.png,640,640,3,1,JPEG,PNG,21.89,1.51,7442,0.018169
train,train/images/nail_train_001039.jpg,train/masks/nail_train_001039.png,640,640,3,1,JPEG,PNG,45.3,1.26,4929,0.012034
train,train/images/nail_train_001040.jpg,train/masks/nail_train_001040.png,640,640,3,1,JPEG,PNG,38.21,1.52,4945,0.012073
train,train/images/nail_train_001041.jpg,train/masks/nail_train_001041.png,640,640,3,1,JPEG,PNG,30.83,1.72,7762,0.01895
train,train/images/nail_train_001042.jpg,train/masks/nail_train_001042.png,640,640,3,1,JPEG,PNG,29.96,1.72,7712,0.018828
train,train/images/nail_train_001043.jpg,train/masks/nail_train_001043.png,640,640,3,1,JPEG,PNG,23.44,1.48,7136,0.017422
train,train/images/nail_train_001044.jpg,train/masks/nail_train_001044.png,640,640,3,1,JPEG,PNG,25.4,1.53,7106,0.017349
train,train/images/nail_train_001045.jpg,train/masks/nail_train_001045.png,640,640,3,1,JPEG,PNG,30.39,1.8,10487,0.025603
train,train/images/nail_train_001046.jpg,train/masks/nail_train_001046.png,640,640,3,1,JPEG,PNG,32.24,1.52,9537,0.023284
train,train/images/nail_train_001047.jpg,train/masks/nail_train_001047.png,640,640,3,1,JPEG,PNG,27.67,1.54,9589,0.023411
train,train/images/nail_train_001048.jpg,train/masks/nail_train_001048.png,640,640,3,1,JPEG,PNG,29.57,1.98,10519,0.025681
train,train/images/nail_train_001049.jpg,train/masks/nail_train_001049.png,640,640,3,1,JPEG,PNG,20.87,1.38,4346,0.01061
train,train/images/nail_train_001050.jpg,train/masks/nail_train_001050.png,640,640,3,1,JPEG,PNG,107.9,1.26,4594,0.011216
train,train/images/nail_train_001051.jpg,train/masks/nail_train_001051.png,640,640,3,1,JPEG,PNG,19.29,1.47,4362,0.010649
train,train/images/nail_train_001052.jpg,train/masks/nail_train_001052.png,640,640,3,1,JPEG,PNG,67.03,1.36,4581,0.011184
train,train/images/nail_train_001053.jpg,train/masks/nail_train_001053.png,640,640,3,1,JPEG,PNG,36.22,1.38,5971,0.014578
train,train/images/nail_train_001055.jpg,train/masks/nail_train_001055.png,640,640,3,1,JPEG,PNG,26.29,1.48,5966,0.014565
train,train/images/nail_train_001056.jpg,train/masks/nail_train_001056.png,640,640,3,1,JPEG,PNG,52.16,1.41,9467,0.023113
train,train/images/nail_train_001057.jpg,train/masks/nail_train_001057.png,640,640,3,1,JPEG,PNG,58.36,1.98,11973,0.029231
train,train/images/nail_train_001058.jpg,train/masks/nail_train_001058.png,640,640,3,1,JPEG,PNG,59.27,1.7,11987,0.029265
train,train/images/nail_train_001059.jpg,train/masks/nail_train_001059.png,640,640,3,1,JPEG,PNG,46.4,1.11,3583,0.008748
train,train/images/nail_train_001061.jpg,train/masks/nail_train_001061.png,640,640,3,1,JPEG,PNG,27.66,1.72,10642,0.025981
train,train/images/nail_train_001062.jpg,train/masks/nail_train_001062.png,640,640,3,1,JPEG,PNG,29.76,1.93,10641,0.025979
train,train/images/nail_train_001063.jpg,train/masks/nail_train_001063.png,640,640,3,1,JPEG,PNG,22.91,1.56,11163,0.027253
train,train/images/nail_train_001064.jpg,train/masks/nail_train_001064.png,640,640,3,1,JPEG,PNG,19.94,1.97,11092,0.02708
train,train/images/nail_train_001065.jpg,train/masks/nail_train_001065.png,640,640,3,1,JPEG,PNG,29.98,1.75,14814,0.036167
train,train/images/nail_train_001067.jpg,train/masks/nail_train_001067.png,640,640,3,1,JPEG,PNG,58.05,1.05,2488,0.006074
train,train/images/nail_train_001068.jpg,train/masks/nail_train_001068.png,640,640,3,1,JPEG,PNG,25.16,2.22,11924,0.029111
train,train/images/nail_train_001069.jpg,train/masks/nail_train_001069.png,640,640,3,1,JPEG,PNG,46.11,1.11,2490,0.006079
train,train/images/nail_train_001070.jpg,train/masks/nail_train_001070.png,640,640,3,1,JPEG,PNG,39.79,1.71,11944,0.02916
train,train/images/nail_train_001071.jpg,train/masks/nail_train_001071.png,640,640,3,1,JPEG,PNG,35.74,1.21,5425,0.013245
train,train/images/nail_train_001072.jpg,train/masks/nail_train_001072.png,640,640,3,1,JPEG,PNG,28.04,1.91,12968,0.03166
train,train/images/nail_train_001073.jpg,train/masks/nail_train_001073.png,640,640,3,1,JPEG,PNG,26.54,1.28,5417,0.013225
train,train/images/nail_train_001074.jpg,train/masks/nail_train_001074.png,640,640,3,1,JPEG,PNG,29.66,1.89,12970,0.031665
train,train/images/nail_train_001075.jpg,train/masks/nail_train_001075.png,640,640,3,1,JPEG,PNG,30.94,2.49,16470,0.04021
train,train/images/nail_train_001076.jpg,train/masks/nail_train_001076.png,640,640,3,1,JPEG,PNG,24.2,2.67,16462,0.04019
train,train/images/nail_train_001077.jpg,train/masks/nail_train_001077.png,640,640,3,1,JPEG,PNG,30.59,1.23,5635,0.013757
train,train/images/nail_train_001078.jpg,train/masks/nail_train_001078.png,640,640,3,1,JPEG,PNG,30.7,1.37,5639,0.013767
train,train/images/nail_train_001080.jpg,train/masks/nail_train_001080.png,640,640,3,1,JPEG,PNG,29.24,2.1,18163,0.044343
train,train/images/nail_train_001081.jpg,train/masks/nail_train_001081.png,640,640,3,1,JPEG,PNG,27.38,1.35,5810,0.014185
train,train/images/nail_train_001082.jpg,train/masks/nail_train_001082.png,640,640,3,1,JPEG,PNG,32.67,1.3,5814,0.014194
train,train/images/nail_train_001083.jpg,train/masks/nail_train_001083.png,640,640,3,1,JPEG,PNG,24.32,1.43,7427,0.018132
train,train/images/nail_train_001084.jpg,train/masks/nail_train_001084.png,640,640,3,1,JPEG,PNG,27.35,1.47,7387,0.018035
train,train/images/nail_train_001085.jpg,train/masks/nail_train_001085.png,640,640,3,1,JPEG,PNG,27.76,1.28,4109,0.010032
train,train/images/nail_train_001086.jpg,train/masks/nail_train_001086.png,640,640,3,1,JPEG,PNG,25.92,1.42,4226,0.010317
train,train/images/nail_train_001087.jpg,train/masks/nail_train_001087.png,640,640,3,1,JPEG,PNG,16.62,1.63,8379,0.020457
train,train/images/nail_train_001088.jpg,train/masks/nail_train_001088.png,640,640,3,1,JPEG,PNG,20.45,1.85,8323,0.02032
train,train/images/nail_train_001089.jpg,train/masks/nail_train_001089.png,640,640,3,1,JPEG,PNG,23.46,2,13179,0.032175
train,train/images/nail_train_001090.jpg,train/masks/nail_train_001090.png,640,640,3,1,JPEG,PNG,28.69,2.03,13153,0.032112
train,train/images/nail_train_001091.jpg,train/masks/nail_train_001091.png,640,640,3,1,JPEG,PNG,37.42,1.37,5850,0.014282
train,train/images/nail_train_001092.jpg,train/masks/nail_train_001092.png,640,640,3,1,JPEG,PNG,31.56,1.41,5834,0.014243
train,train/images/nail_train_001093.jpg,train/masks/nail_train_001093.png,640,640,3,1,JPEG,PNG,30.22,2.58,41038,0.10019
train,train/images/nail_train_001094.jpg,train/masks/nail_train_001094.png,640,640,3,1,JPEG,PNG,27.37,2.59,41185,0.100549
train,train/images/nail_train_001095.jpg,train/masks/nail_train_001095.png,640,640,3,1,JPEG,PNG,25.71,1.81,10699,0.026121
train,train/images/nail_train_001096.jpg,train/masks/nail_train_001096.png,640,640,3,1,JPEG,PNG,28.43,1.51,10708,0.026143
train,train/images/nail_train_001098.jpg,train/masks/nail_train_001098.png,640,640,3,1,JPEG,PNG,19.82,1.22,4580,0.011182
train,train/images/nail_train_001099.jpg,train/masks/nail_train_001099.png,640,640,3,1,JPEG,PNG,17.41,1.37,3454,0.008433
train,train/images/nail_train_001101.jpg,train/masks/nail_train_001101.png,640,640,3,1,JPEG,PNG,33.65,1.69,7388,0.018037
train,train/images/nail_train_001102.jpg,train/masks/nail_train_001102.png,640,640,3,1,JPEG,PNG,31.02,1.64,7395,0.018054
train,train/images/nail_train_001103.jpg,train/masks/nail_train_001103.png,640,640,3,1,JPEG,PNG,21.84,1.83,10954,0.026743
train,train/images/nail_train_001104.jpg,train/masks/nail_train_001104.png,640,640,3,1,JPEG,PNG,26.46,1.64,10961,0.02676
train,train/images/nail_train_001105.jpg,train/masks/nail_train_001105.png,640,640,3,1,JPEG,PNG,17.12,1.57,5413,0.013215
train,train/images/nail_train_001110.jpg,train/masks/nail_train_001110.png,640,640,3,1,JPEG,PNG,20.07,1.5,6441,0.015725
train,train/images/nail_train_001111.jpg,train/masks/nail_train_001111.png,640,640,3,1,JPEG,PNG,26.56,1.24,3403,0.008308
train,train/images/nail_train_001112.jpg,train/masks/nail_train_001112.png,640,640,3,1,JPEG,PNG,22.51,1.57,6448,0.015742
train,train/images/nail_train_001113.jpg,train/masks/nail_train_001113.png,640,640,3,1,JPEG,PNG,28.68,1.02,2194,0.005356
train,train/images/nail_train_001114.jpg,train/masks/nail_train_001114.png,640,640,3,1,JPEG,PNG,26.95,1.07,2198,0.005366
train,train/images/nail_train_001115.jpg,train/masks/nail_train_001115.png,640,640,3,1,JPEG,PNG,24.65,1.34,4933,0.012043
train,train/images/nail_train_001116.jpg,train/masks/nail_train_001116.png,640,640,3,1,JPEG,PNG,23.63,1.36,4888,0.011934
train,train/images/nail_train_001117.jpg,train/masks/nail_train_001117.png,640,640,3,1,JPEG,PNG,37.27,1.7,6308,0.0154
train,train/images/nail_train_001119.jpg,train/masks/nail_train_001119.png,640,640,3,1,JPEG,PNG,26.72,1.07,2841,0.006936
train,train/images/nail_train_001120.jpg,train/masks/nail_train_001120.png,640,640,3,1,JPEG,PNG,28.45,1.06,2862,0.006987
train,train/images/nail_train_001121.jpg,train/masks/nail_train_001121.png,640,640,3,1,JPEG,PNG,34.01,1.3,4753,0.011604
train,train/images/nail_train_001122.jpg,train/masks/nail_train_001122.png,640,640,3,1,JPEG,PNG,44.69,1.19,5006,0.012222
train,train/images/nail_train_001123.jpg,train/masks/nail_train_001123.png,640,640,3,1,JPEG,PNG,39.84,1.3,6280,0.015332
train,train/images/nail_train_001124.jpg,train/masks/nail_train_001124.png,640,640,3,1,JPEG,PNG,36.26,1.33,6252,0.015264
train,train/images/nail_train_001125.jpg,train/masks/nail_train_001125.png,640,640,3,1,JPEG,PNG,25.07,1.33,5725,0.013977
train,train/images/nail_train_001126.jpg,train/masks/nail_train_001126.png,640,640,3,1,JPEG,PNG,24.95,1.33,5709,0.013938
train,train/images/nail_train_001127.jpg,train/masks/nail_train_001127.png,640,640,3,1,JPEG,PNG,24.64,1.83,11306,0.027603
train,train/images/nail_train_001128.jpg,train/masks/nail_train_001128.png,640,640,3,1,JPEG,PNG,28.44,1.58,11283,0.027546
train,train/images/nail_train_001129.jpg,train/masks/nail_train_001129.png,640,640,3,1,JPEG,PNG,37.99,1.11,2655,0.006482
train,train/images/nail_train_001130.jpg,train/masks/nail_train_001130.png,640,640,3,1,JPEG,PNG,32.15,1.09,2666,0.006509
train,train/images/nail_train_001131.jpg,train/masks/nail_train_001131.png,640,640,3,1,JPEG,PNG,25.75,1.38,6314,0.015415
train,train/images/nail_train_001132.jpg,train/masks/nail_train_001132.png,640,640,3,1,JPEG,PNG,24.57,1.44,6283,0.015339
train,train/images/nail_train_001134.jpg,train/masks/nail_train_001134.png,640,640,3,1,JPEG,PNG,31.87,2.92,17907,0.043718
train,train/images/nail_train_001135.jpg,train/masks/nail_train_001135.png,640,640,3,1,JPEG,PNG,30.81,1.64,7154,0.017466
train,train/images/nail_train_001136.jpg,train/masks/nail_train_001136.png,640,640,3,1,JPEG,PNG,29.41,1.67,7152,0.017461
train,train/images/nail_train_001138.jpg,train/masks/nail_train_001138.png,640,640,3,1,JPEG,PNG,25.47,1.61,6907,0.016863
train,train/images/nail_train_001139.jpg,train/masks/nail_train_001139.png,640,640,3,1,JPEG,PNG,27.83,1.37,6715,0.016394
train,train/images/nail_train_001140.jpg,train/masks/nail_train_001140.png,640,640,3,1,JPEG,PNG,18.78,1.58,6720,0.016406
train,train/images/nail_train_001142.jpg,train/masks/nail_train_001142.png,640,640,3,1,JPEG,PNG,27.81,2.12,17656,0.043105
train,train/images/nail_train_001143.jpg,train/masks/nail_train_001143.png,640,640,3,1,JPEG,PNG,46.5,1.4,6257,0.015276
train,train/images/nail_train_001144.jpg,train/masks/nail_train_001144.png,640,640,3,1,JPEG,PNG,31.88,1.57,6263,0.015291
train,train/images/nail_train_001145.jpg,train/masks/nail_train_001145.png,640,640,3,1,JPEG,PNG,31.2,1.28,4763,0.011628
train,train/images/nail_train_001146.jpg,train/masks/nail_train_001146.png,640,640,3,1,JPEG,PNG,35.54,1.26,4753,0.011604
train,train/images/nail_train_001147.jpg,train/masks/nail_train_001147.png,640,640,3,1,JPEG,PNG,24.68,1.25,4612,0.01126
train,train/images/nail_train_001148.jpg,train/masks/nail_train_001148.png,640,640,3,1,JPEG,PNG,28.07,1.26,4631,0.011306
train,train/images/nail_train_001149.jpg,train/masks/nail_train_001149.png,640,640,3,1,JPEG,PNG,62.43,1.3,9039,0.022068
train,train/images/nail_train_001150.jpg,train/masks/nail_train_001150.png,640,640,3,1,JPEG,PNG,56.08,1.77,8998,0.021968
train,train/images/nail_train_001151.jpg,train/masks/nail_train_001151.png,640,640,3,1,JPEG,PNG,56.22,1.3,4643,0.011335
train,train/images/nail_train_001152.jpg,train/masks/nail_train_001152.png,640,640,3,1,JPEG,PNG,46.82,1.32,4662,0.011382
train,train/images/nail_train_001153.jpg,train/masks/nail_train_001153.png,640,640,3,1,JPEG,PNG,40.1,1.37,7159,0.017478
train,train/images/nail_train_001155.jpg,train/masks/nail_train_001155.png,640,640,3,1,JPEG,PNG,34.98,1.56,6124,0.014951
train,train/images/nail_train_001156.jpg,train/masks/nail_train_001156.png,640,640,3,1,JPEG,PNG,22.71,1.59,8723,0.021296
train,train/images/nail_train_001157.jpg,train/masks/nail_train_001157.png,640,640,3,1,JPEG,PNG,20.97,1.62,8732,0.021318
train,train/images/nail_train_001158.jpg,train/masks/nail_train_001158.png,640,640,3,1,JPEG,PNG,40.17,1.23,6274,0.015317
train,train/images/nail_train_001159.jpg,train/masks/nail_train_001159.png,640,640,3,1,JPEG,PNG,32.1,1.28,5686,0.013882
train,train/images/nail_train_001162.jpg,train/masks/nail_train_001162.png,640,640,3,1,JPEG,PNG,33.9,1.88,18986,0.046353
train,train/images/nail_train_001164.jpg,train/masks/nail_train_001164.png,640,640,3,1,JPEG,PNG,29.11,1.43,6322,0.015435
train,train/images/nail_train_001165.jpg,train/masks/nail_train_001165.png,640,640,3,1,JPEG,PNG,70.15,1.54,10060,0.024561
train,train/images/nail_train_001166.jpg,train/masks/nail_train_001166.png,640,640,3,1,JPEG,PNG,82.92,1.25,10117,0.0247
train,train/images/nail_train_001168.jpg,train/masks/nail_train_001168.png,640,640,3,1,JPEG,PNG,35.23,1.5,6136,0.01498
train,train/images/nail_train_001169.jpg,train/masks/nail_train_001169.png,640,640,3,1,JPEG,PNG,23.9,1.33,4135,0.010095
train,train/images/nail_train_001170.jpg,train/masks/nail_train_001170.png,640,640,3,1,JPEG,PNG,24.85,1.28,4161,0.010159
train,train/images/nail_train_001172.jpg,train/masks/nail_train_001172.png,640,640,3,1,JPEG,PNG,49.85,1.17,3886,0.009487
train,train/images/nail_train_001173.jpg,train/masks/nail_train_001173.png,640,640,3,1,JPEG,PNG,35.77,1.4,6806,0.016616
train,train/images/nail_train_001174.jpg,train/masks/nail_train_001174.png,640,640,3,1,JPEG,PNG,38.06,1.4,6803,0.016609
train,train/images/nail_train_001175.jpg,train/masks/nail_train_001175.png,640,640,3,1,JPEG,PNG,29.53,1.64,15934,0.038901
train,train/images/nail_train_001177.jpg,train/masks/nail_train_001177.png,640,640,3,1,JPEG,PNG,24.41,2.09,16185,0.039514
train,train/images/nail_train_001178.jpg,train/masks/nail_train_001178.png,640,640,3,1,JPEG,PNG,25.12,1.89,16236,0.039639
train,train/images/nail_train_001179.jpg,train/masks/nail_train_001179.png,640,640,3,1,JPEG,PNG,25.87,0.98,3092,0.007549
train,train/images/nail_train_001180.jpg,train/masks/nail_train_001180.png,640,640,3,1,JPEG,PNG,25.75,1.11,3060,0.007471
train,train/images/nail_train_001182.jpg,train/masks/nail_train_001182.png,640,640,3,1,JPEG,PNG,59.72,1.5,5806,0.014175
train,train/images/nail_train_001183.jpg,train/masks/nail_train_001183.png,640,640,3,1,JPEG,PNG,34.03,1.3,3965,0.00968
train,train/images/nail_train_001185.jpg,train/masks/nail_train_001185.png,640,640,3,1,JPEG,PNG,22.59,1.1,2885,0.007043
train,train/images/nail_train_001187.jpg,train/masks/nail_train_001187.png,640,640,3,1,JPEG,PNG,28.77,1.47,6354,0.015513
train,train/images/nail_train_001188.jpg,train/masks/nail_train_001188.png,640,640,3,1,JPEG,PNG,30.12,1.41,6356,0.015518
train,train/images/nail_train_001190.jpg,train/masks/nail_train_001190.png,640,640,3,1,JPEG,PNG,22.15,1.57,9727,0.023748
train,train/images/nail_train_001191.jpg,train/masks/nail_train_001191.png,640,640,3,1,JPEG,PNG,30.53,1.79,9632,0.023516
train,train/images/nail_train_001192.jpg,train/masks/nail_train_001192.png,640,640,3,1,JPEG,PNG,28.64,1.44,9598,0.023433
train,train/images/nail_train_001193.jpg,train/masks/nail_train_001193.png,640,640,3,1,JPEG,PNG,36.05,1.42,8675,0.021179
train,train/images/nail_train_001194.jpg,train/masks/nail_train_001194.png,640,640,3,1,JPEG,PNG,27.64,1.8,8605,0.021008
train,train/images/nail_train_001195.jpg,train/masks/nail_train_001195.png,640,640,3,1,JPEG,PNG,29.74,1.47,7168,0.0175
train,train/images/nail_train_001196.jpg,train/masks/nail_train_001196.png,640,640,3,1,JPEG,PNG,23.55,1.49,7129,0.017405
train,train/images/nail_train_001199.jpg,train/masks/nail_train_001199.png,640,640,3,1,JPEG,PNG,38.5,1.09,2819,0.006882
train,train/images/nail_train_001200.jpg,train/masks/nail_train_001200.png,640,640,3,1,JPEG,PNG,40.3,1.11,2807,0.006853
train,train/images/nail_train_001201.jpg,train/masks/nail_train_001201.png,640,640,3,1,JPEG,PNG,22.14,1.41,5010,0.012231
train,train/images/nail_train_001202.jpg,train/masks/nail_train_001202.png,640,640,3,1,JPEG,PNG,21.84,1.42,5020,0.012256
train,train/images/nail_train_001203.jpg,train/masks/nail_train_001203.png,640,640,3,1,JPEG,PNG,42.39,1.58,11074,0.027036
train,train/images/nail_train_001204.jpg,train/masks/nail_train_001204.png,640,640,3,1,JPEG,PNG,35.28,1.62,11076,0.027041
train,train/images/nail_train_001205.jpg,train/masks/nail_train_001205.png,640,640,3,1,JPEG,PNG,43.87,1.49,22744,0.055527
train,train/images/nail_train_001206.jpg,train/masks/nail_train_001206.png,640,640,3,1,JPEG,PNG,40.69,1.93,22815,0.055701
train,train/images/nail_train_001207.jpg,train/masks/nail_train_001207.png,640,640,3,1,JPEG,PNG,28.71,1.32,4679,0.011423
train,train/images/nail_train_001208.jpg,train/masks/nail_train_001208.png,640,640,3,1,JPEG,PNG,28.61,1.26,4649,0.01135
train,train/images/nail_train_001209.jpg,train/masks/nail_train_001209.png,640,640,3,1,JPEG,PNG,30.36,1.32,4699,0.011472
train,train/images/nail_train_001211.jpg,train/masks/nail_train_001211.png,640,640,3,1,JPEG,PNG,25.82,1.31,5823,0.014216
train,train/images/nail_train_001212.jpg,train/masks/nail_train_001212.png,640,640,3,1,JPEG,PNG,27.46,1.31,5743,0.014021
train,train/images/nail_train_001213.jpg,train/masks/nail_train_001213.png,640,640,3,1,JPEG,PNG,19.15,0.93,2629,0.006418
train,train/images/nail_train_001214.jpg,train/masks/nail_train_001214.png,640,640,3,1,JPEG,PNG,27.62,1.5,5988,0.014619
train,train/images/nail_train_001215.jpg,train/masks/nail_train_001215.png,640,640,3,1,JPEG,PNG,27.86,1.81,5995,0.014636
train,train/images/nail_train_001216.jpg,train/masks/nail_train_001216.png,640,640,3,1,JPEG,PNG,18.26,0.99,2166,0.005288
train,train/images/nail_train_001217.jpg,train/masks/nail_train_001217.png,640,640,3,1,JPEG,PNG,24.5,1.47,4893,0.011946
train,train/images/nail_train_001219.jpg,train/masks/nail_train_001219.png,640,640,3,1,JPEG,PNG,20.79,1.49,7169,0.017502
train,train/images/nail_train_001220.jpg,train/masks/nail_train_001220.png,640,640,3,1,JPEG,PNG,27.65,1.43,7182,0.017534
train,train/images/nail_train_001221.jpg,train/masks/nail_train_001221.png,640,640,3,1,JPEG,PNG,36.31,1.01,2961,0.007229
train,train/images/nail_train_001222.jpg,train/masks/nail_train_001222.png,640,640,3,1,JPEG,PNG,36.72,1.02,2948,0.007197
train,train/images/nail_train_001223.jpg,train/masks/nail_train_001223.png,640,640,3,1,JPEG,PNG,26.98,2.01,17442,0.042583
train,train/images/nail_train_001224.jpg,train/masks/nail_train_001224.png,640,640,3,1,JPEG,PNG,24.08,1.98,17452,0.042607
train,train/images/nail_train_001225.jpg,train/masks/nail_train_001225.png,640,640,3,1,JPEG,PNG,19.44,0.81,2343,0.00572
train,train/images/nail_train_001226.jpg,train/masks/nail_train_001226.png,640,640,3,1,JPEG,PNG,24.63,0.68,2364,0.005771
train,train/images/nail_train_001227.jpg,train/masks/nail_train_001227.png,640,640,3,1,JPEG,PNG,42.48,1.29,4958,0.012104
train,train/images/nail_train_001228.jpg,train/masks/nail_train_001228.png,640,640,3,1,JPEG,PNG,37.71,1.39,4961,0.012112
train,train/images/nail_train_001230.jpg,train/masks/nail_train_001230.png,640,640,3,1,JPEG,PNG,45.5,1.68,6850,0.016724
train,train/images/nail_train_001231.jpg,train/masks/nail_train_001231.png,640,640,3,1,JPEG,PNG,40.47,1.09,3943,0.009626
train,train/images/nail_train_001233.jpg,train/masks/nail_train_001233.png,640,640,3,1,JPEG,PNG,19.28,2.44,142465,0.347815
train,train/images/nail_train_001234.jpg,train/masks/nail_train_001234.png,640,640,3,1,JPEG,PNG,19.32,2.54,142558,0.348042
train,train/images/nail_train_001236.jpg,train/masks/nail_train_001236.png,640,640,3,1,JPEG,PNG,26.74,2.49,129053,0.315071
train,train/images/nail_train_001237.jpg,train/masks/nail_train_001237.png,640,640,3,1,JPEG,PNG,17.71,1.97,85788,0.209443
train,train/images/nail_train_001238.jpg,train/masks/nail_train_001238.png,640,640,3,1,JPEG,PNG,19.02,2.12,85841,0.209573
train,train/images/nail_train_001239.jpg,train/masks/nail_train_001239.png,640,640,3,1,JPEG,PNG,24.75,2.72,225356,0.550186
train,train/images/nail_train_001240.jpg,train/masks/nail_train_001240.png,640,640,3,1,JPEG,PNG,27.75,2.34,129047,0.315056
train,train/images/nail_train_001241.jpg,train/masks/nail_train_001241.png,640,640,3,1,JPEG,PNG,43.37,2.54,18212,0.044463
train,train/images/nail_train_001242.jpg,train/masks/nail_train_001242.png,640,640,3,1,JPEG,PNG,33.13,2.43,18164,0.044346
train,train/images/nail_train_001243.jpg,train/masks/nail_train_001243.png,640,640,3,1,JPEG,PNG,43.37,2.5,18187,0.044402
train,train/images/nail_train_001244.jpg,train/masks/nail_train_001244.png,640,640,3,1,JPEG,PNG,39.01,2.56,18197,0.044426
train,train/images/nail_train_001245.jpg,train/masks/nail_train_001245.png,640,640,3,1,JPEG,PNG,21.85,1.23,3645,0.008899
train,train/images/nail_train_001246.jpg,train/masks/nail_train_001246.png,640,640,3,1,JPEG,PNG,20.91,2.11,17249,0.042112
train,train/images/nail_train_001247.jpg,train/masks/nail_train_001247.png,640,640,3,1,JPEG,PNG,17.75,2.29,16810,0.04104
train,train/images/nail_train_001249.jpg,train/masks/nail_train_001249.png,640,640,3,1,JPEG,PNG,19.55,1.48,3664,0.008945
train,train/images/nail_train_001251.jpg,train/masks/nail_train_001251.png,640,640,3,1,JPEG,PNG,20.91,2.16,16908,0.041279
train,train/images/nail_train_001253.jpg,train/masks/nail_train_001253.png,640,640,3,1,JPEG,PNG,36.16,1.73,6261,0.015286
train,train/images/nail_train_001255.jpg,train/masks/nail_train_001255.png,640,640,3,1,JPEG,PNG,32.94,1.29,5164,0.012607
train,train/images/nail_train_001257.jpg,train/masks/nail_train_001257.png,640,640,3,1,JPEG,PNG,40.01,1.3,5251,0.01282
train,train/images/nail_train_001258.jpg,train/masks/nail_train_001258.png,640,640,3,1,JPEG,PNG,33.17,1.33,5248,0.012812
train,train/images/nail_train_001259.jpg,train/masks/nail_train_001259.png,640,640,3,1,JPEG,PNG,33.64,2.2,15680,0.038281
train,train/images/nail_train_001260.jpg,train/masks/nail_train_001260.png,640,640,3,1,JPEG,PNG,35.91,1.97,15640,0.038184
train,train/images/nail_train_001261.jpg,train/masks/nail_train_001261.png,640,640,3,1,JPEG,PNG,26.93,4.31,84871,0.207205
train,train/images/nail_train_001262.jpg,train/masks/nail_train_001262.png,640,640,3,1,JPEG,PNG,32.17,4.21,84939,0.207371
train,train/images/nail_train_001263.jpg,train/masks/nail_train_001263.png,640,640,3,1,JPEG,PNG,29.4,0.59,174,0.000425
train,train/images/nail_train_001264.jpg,train/masks/nail_train_001264.png,640,640,3,1,JPEG,PNG,27.27,1.48,10637,0.025969
train,train/images/nail_train_001266.jpg,train/masks/nail_train_001266.png,640,640,3,1,JPEG,PNG,25.06,1.51,10617,0.02592
train,train/images/nail_train_001267.jpg,train/masks/nail_train_001267.png,640,640,3,1,JPEG,PNG,33.55,1.21,5238,0.012788
train,train/images/nail_train_001268.jpg,train/masks/nail_train_001268.png,640,640,3,1,JPEG,PNG,41.82,1.15,5257,0.012834
train,train/images/nail_train_001269.jpg,train/masks/nail_train_001269.png,640,640,3,1,JPEG,PNG,22.76,1.15,2415,0.005896
train,train/images/nail_train_001270.jpg,train/masks/nail_train_001270.png,640,640,3,1,JPEG,PNG,23.16,1.16,2410,0.005884
train,train/images/nail_train_001271.jpg,train/masks/nail_train_001271.png,640,640,3,1,JPEG,PNG,25.82,1.65,11545,0.028186
train,train/images/nail_train_001272.jpg,train/masks/nail_train_001272.png,640,640,3,1,JPEG,PNG,22.08,2.01,11394,0.027817
train,train/images/nail_train_001273.jpg,train/masks/nail_train_001273.png,640,640,3,1,JPEG,PNG,26.52,1.91,10674,0.02606
train,train/images/nail_train_001276.jpg,train/masks/nail_train_001276.png,640,640,3,1,JPEG,PNG,30.93,2.83,46567,0.113689
train,train/images/nail_train_001277.jpg,train/masks/nail_train_001277.png,640,640,3,1,JPEG,PNG,30.73,1.71,15101,0.036868
train,train/images/nail_train_001278.jpg,train/masks/nail_train_001278.png,640,640,3,1,JPEG,PNG,24.22,1.51,8078,0.019722
train,train/images/nail_train_001280.jpg,train/masks/nail_train_001280.png,640,640,3,1,JPEG,PNG,27.24,1.64,15038,0.036714
train,train/images/nail_train_001281.jpg,train/masks/nail_train_001281.png,640,640,3,1,JPEG,PNG,29.85,2.12,15864,0.03873
train,train/images/nail_train_001282.jpg,train/masks/nail_train_001282.png,640,640,3,1,JPEG,PNG,32.76,2.07,15858,0.038716
train,train/images/nail_train_001283.jpg,train/masks/nail_train_001283.png,640,640,3,1,JPEG,PNG,33.02,1.92,12761,0.031155
train,train/images/nail_train_001285.jpg,train/masks/nail_train_001285.png,640,640,3,1,JPEG,PNG,37.42,2.61,23442,0.057231
train,train/images/nail_train_001286.jpg,train/masks/nail_train_001286.png,640,640,3,1,JPEG,PNG,36.1,3.1,23454,0.057261
train,train/images/nail_train_001287.jpg,train/masks/nail_train_001287.png,640,640,3,1,JPEG,PNG,39.62,1.33,4253,0.010383
train,train/images/nail_train_001288.jpg,train/masks/nail_train_001288.png,640,640,3,1,JPEG,PNG,25.87,2.35,15860,0.038721
train,train/images/nail_train_001290.jpg,train/masks/nail_train_001290.png,640,640,3,1,JPEG,PNG,34.31,2.07,15912,0.038848
train,train/images/nail_train_001292.jpg,train/masks/nail_train_001292.png,640,640,3,1,JPEG,PNG,26.55,2.06,16713,0.040803
train,train/images/nail_train_001293.jpg,train/masks/nail_train_001293.png,640,640,3,1,JPEG,PNG,44.44,1.23,6388,0.015596
train,train/images/nail_train_001294.jpg,train/masks/nail_train_001294.png,640,640,3,1,JPEG,PNG,31.66,1.15,3094,0.007554
train,train/images/nail_train_001295.jpg,train/masks/nail_train_001295.png,640,640,3,1,JPEG,PNG,38.3,1.2,6410,0.015649
train,train/images/nail_train_001296.jpg,train/masks/nail_train_001296.png,640,640,3,1,JPEG,PNG,34.25,1.2,3069,0.007493
train,train/images/nail_train_001297.jpg,train/masks/nail_train_001297.png,640,640,3,1,JPEG,PNG,51.76,3.3,49444,0.120713
train,train/images/nail_train_001298.jpg,train/masks/nail_train_001298.png,640,640,3,1,JPEG,PNG,37.92,3.46,49375,0.120544
train,train/images/nail_train_001299.jpg,train/masks/nail_train_001299.png,640,640,3,1,JPEG,PNG,23.5,1.62,11846,0.028921
train,train/images/nail_train_001300.jpg,train/masks/nail_train_001300.png,640,640,3,1,JPEG,PNG,24.49,1.95,11893,0.029036
train,train/images/nail_train_001301.jpg,train/masks/nail_train_001301.png,640,640,3,1,JPEG,PNG,38.49,3.35,27795,0.067859
train,train/images/nail_train_001303.jpg,train/masks/nail_train_001303.png,640,640,3,1,JPEG,PNG,48.73,1.36,5446,0.013296
train,train/images/nail_train_001304.jpg,train/masks/nail_train_001304.png,640,640,3,1,JPEG,PNG,47.59,1.59,5462,0.013335
train,train/images/nail_train_001305.jpg,train/masks/nail_train_001305.png,640,640,3,1,JPEG,PNG,39.19,1.53,11126,0.027163
train,train/images/nail_train_001307.jpg,train/masks/nail_train_001307.png,640,640,3,1,JPEG,PNG,26.46,1.5,5259,0.012839
train,train/images/nail_train_001308.jpg,train/masks/nail_train_001308.png,640,640,3,1,JPEG,PNG,26.46,1.56,5257,0.012834
train,train/images/nail_train_001309.jpg,train/masks/nail_train_001309.png,640,640,3,1,JPEG,PNG,34.17,1.3,5759,0.01406
train,train/images/nail_train_001310.jpg,train/masks/nail_train_001310.png,640,640,3,1,JPEG,PNG,33.67,1.3,5687,0.013884
train,train/images/nail_train_001313.jpg,train/masks/nail_train_001313.png,640,640,3,1,JPEG,PNG,32.69,2.21,13386,0.032681
train,train/images/nail_train_001314.jpg,train/masks/nail_train_001314.png,640,640,3,1,JPEG,PNG,40.25,1.06,3967,0.009685
train,train/images/nail_train_001315.jpg,train/masks/nail_train_001315.png,640,640,3,1,JPEG,PNG,36.94,1.8,13379,0.032664
train,train/images/nail_train_001316.jpg,train/masks/nail_train_001316.png,640,640,3,1,JPEG,PNG,40.43,1.07,3970,0.009692
train,train/images/nail_train_001317.jpg,train/masks/nail_train_001317.png,640,640,3,1,JPEG,PNG,14.91,2.49,153199,0.374021
train,train/images/nail_train_001318.jpg,train/masks/nail_train_001318.png,640,640,3,1,JPEG,PNG,14.16,2.5,152837,0.373137
train,train/images/nail_train_001319.jpg,train/masks/nail_train_001319.png,640,640,3,1,JPEG,PNG,24.14,1.15,3437,0.008391
train,train/images/nail_train_001320.jpg,train/masks/nail_train_001320.png,640,640,3,1,JPEG,PNG,21.98,1.25,3428,0.008369
train,train/images/nail_train_001322.jpg,train/masks/nail_train_001322.png,640,640,3,1,JPEG,PNG,28.93,1.71,12796,0.03124
train,train/images/nail_train_001323.jpg,train/masks/nail_train_001323.png,640,640,3,1,JPEG,PNG,21.6,1.07,2204,0.005381
train,train/images/nail_train_001324.jpg,train/masks/nail_train_001324.png,640,640,3,1,JPEG,PNG,15.55,1.09,2215,0.005408
train,train/images/nail_train_001325.jpg,train/masks/nail_train_001325.png,640,640,3,1,JPEG,PNG,39.05,4.25,46253,0.112922
train,train/images/nail_train_001326.jpg,train/masks/nail_train_001326.png,640,640,3,1,JPEG,PNG,28.27,4.22,46298,0.113032
train,train/images/nail_train_001327.jpg,train/masks/nail_train_001327.png,640,640,3,1,JPEG,PNG,27.37,2.67,73459,0.179343
train,train/images/nail_train_001328.jpg,train/masks/nail_train_001328.png,640,640,3,1,JPEG,PNG,29.62,2.59,73449,0.179319
train,train/images/nail_train_001329.jpg,train/masks/nail_train_001329.png,640,640,3,1,JPEG,PNG,25.63,2.74,25203,0.061531
train,train/images/nail_train_001330.jpg,train/masks/nail_train_001330.png,640,640,3,1,JPEG,PNG,25.71,2.66,25220,0.061572
train,train/images/nail_train_001331.jpg,train/masks/nail_train_001331.png,640,640,3,1,JPEG,PNG,27.2,1.21,5679,0.013865
train,train/images/nail_train_001332.jpg,train/masks/nail_train_001332.png,640,640,3,1,JPEG,PNG,34.75,1.5,10589,0.025852
train,train/images/nail_train_001333.jpg,train/masks/nail_train_001333.png,640,640,3,1,JPEG,PNG,22.07,1.45,5738,0.014009
train,train/images/nail_train_001334.jpg,train/masks/nail_train_001334.png,640,640,3,1,JPEG,PNG,34.31,1.49,10481,0.025588
train,train/images/nail_train_001335.jpg,train/masks/nail_train_001335.png,640,640,3,1,JPEG,PNG,30.7,3.09,34243,0.083601
train,train/images/nail_train_001336.jpg,train/masks/nail_train_001336.png,640,640,3,1,JPEG,PNG,32.91,3.14,34160,0.083398
train,train/images/nail_train_001337.jpg,train/masks/nail_train_001337.png,640,640,3,1,JPEG,PNG,27.52,3.04,47363,0.115632
train,train/images/nail_train_001338.jpg,train/masks/nail_train_001338.png,640,640,3,1,JPEG,PNG,33.42,2.92,47304,0.115488
train,train/images/nail_train_001340.jpg,train/masks/nail_train_001340.png,640,640,3,1,JPEG,PNG,27.63,1.46,8523,0.020808
train,train/images/nail_train_001341.jpg,train/masks/nail_train_001341.png,640,640,3,1,JPEG,PNG,37.25,4.17,62576,0.152773
train,train/images/nail_train_001343.jpg,train/masks/nail_train_001343.png,640,640,3,1,JPEG,PNG,37.79,1.3,6160,0.015039
train,train/images/nail_train_001344.jpg,train/masks/nail_train_001344.png,640,640,3,1,JPEG,PNG,29.8,1.46,6153,0.015022
train,train/images/nail_train_001345.jpg,train/masks/nail_train_001345.png,640,640,3,1,JPEG,PNG,29.12,1.01,2954,0.007212
train,train/images/nail_train_001346.jpg,train/masks/nail_train_001346.png,640,640,3,1,JPEG,PNG,27.05,1.09,2953,0.007209
train,train/images/nail_train_001347.jpg,train/masks/nail_train_001347.png,640,640,3,1,JPEG,PNG,99.85,1.18,2704,0.006602
train,train/images/nail_train_001348.jpg,train/masks/nail_train_001348.png,640,640,3,1,JPEG,PNG,87.48,1.14,2691,0.00657
train,train/images/nail_train_001349.jpg,train/masks/nail_train_001349.png,640,640,3,1,JPEG,PNG,31.36,2.53,19080,0.046582
train,train/images/nail_train_001351.jpg,train/masks/nail_train_001351.png,640,640,3,1,JPEG,PNG,43.94,1.93,7657,0.018694
train,train/images/nail_train_001352.jpg,train/masks/nail_train_001352.png,640,640,3,1,JPEG,PNG,40.29,1.9,7658,0.018696
train,train/images/nail_train_001353.jpg,train/masks/nail_train_001353.png,640,640,3,1,JPEG,PNG,47.97,3.84,44250,0.108032
train,train/images/nail_train_001354.jpg,train/masks/nail_train_001354.png,640,640,3,1,JPEG,PNG,34.39,3.97,44020,0.107471
train,train/images/nail_train_001355.jpg,train/masks/nail_train_001355.png,640,640,3,1,JPEG,PNG,43.68,1.11,4196,0.010244
train,train/images/nail_train_001356.jpg,train/masks/nail_train_001356.png,640,640,3,1,JPEG,PNG,28.61,1.51,9081,0.02217
train,train/images/nail_train_001357.jpg,train/masks/nail_train_001357.png,640,640,3,1,JPEG,PNG,44.3,1.14,4189,0.010227
train,train/images/nail_train_001358.jpg,train/masks/nail_train_001358.png,640,640,3,1,JPEG,PNG,28.39,1.51,9042,0.022075
train,train/images/nail_train_001359.jpg,train/masks/nail_train_001359.png,640,640,3,1,JPEG,PNG,36.16,1.75,22535,0.055017
train,train/images/nail_train_001360.jpg,train/masks/nail_train_001360.png,640,640,3,1,JPEG,PNG,38.53,2.07,22565,0.05509
train,train/images/nail_train_001361.jpg,train/masks/nail_train_001361.png,640,640,3,1,JPEG,PNG,38.55,2.04,21826,0.053286
train,train/images/nail_train_001362.jpg,train/masks/nail_train_001362.png,640,640,3,1,JPEG,PNG,34.69,2.38,21828,0.053291
train,train/images/nail_train_001365.jpg,train/masks/nail_train_001365.png,640,640,3,1,JPEG,PNG,35.32,2.76,58194,0.142075
train,train/images/nail_train_001366.jpg,train/masks/nail_train_001366.png,640,640,3,1,JPEG,PNG,32.92,2.66,58262,0.142241
train,train/images/nail_train_001369.jpg,train/masks/nail_train_001369.png,640,640,3,1,JPEG,PNG,45.3,2.53,24589,0.060032
train,train/images/nail_train_001370.jpg,train/masks/nail_train_001370.png,640,640,3,1,JPEG,PNG,41.55,2.5,24524,0.059873
train,train/images/nail_train_001371.jpg,train/masks/nail_train_001371.png,640,640,3,1,JPEG,PNG,49.83,3.03,41113,0.100374
train,train/images/nail_train_001372.jpg,train/masks/nail_train_001372.png,640,640,3,1,JPEG,PNG,35.07,3.46,41287,0.100798
train,train/images/nail_train_001373.jpg,train/masks/nail_train_001373.png,640,640,3,1,JPEG,PNG,28.13,3.33,45194,0.110337
train,train/images/nail_train_001374.jpg,train/masks/nail_train_001374.png,640,640,3,1,JPEG,PNG,38.21,3.22,45217,0.110393
train,train/images/nail_train_001375.jpg,train/masks/nail_train_001375.png,640,640,3,1,JPEG,PNG,53.96,2.37,20958,0.051167
train,train/images/nail_train_001377.jpg,train/masks/nail_train_001377.png,640,640,3,1,JPEG,PNG,36.93,2.3,18404,0.044932
train,train/images/nail_train_001378.jpg,train/masks/nail_train_001378.png,640,640,3,1,JPEG,PNG,34.11,2.31,18385,0.044885
train,train/images/nail_train_001379.jpg,train/masks/nail_train_001379.png,640,640,3,1,JPEG,PNG,21.34,2.51,13021,0.03179
train,train/images/nail_train_001380.jpg,train/masks/nail_train_001380.png,640,640,3,1,JPEG,PNG,29.89,2.32,12975,0.031677
train,train/images/nail_train_001382.jpg,train/masks/nail_train_001382.png,640,640,3,1,JPEG,PNG,19.84,1.79,5130,0.012524
train,train/images/nail_train_001383.jpg,train/masks/nail_train_001383.png,640,640,3,1,JPEG,PNG,27.82,1.66,6719,0.016404
train,train/images/nail_train_001385.jpg,train/masks/nail_train_001385.png,640,640,3,1,JPEG,PNG,38.8,2.49,26687,0.065154
train,train/images/nail_train_001386.jpg,train/masks/nail_train_001386.png,640,640,3,1,JPEG,PNG,42.83,2.53,26707,0.065203
train,train/images/nail_train_001387.jpg,train/masks/nail_train_001387.png,640,640,3,1,JPEG,PNG,36.64,3.08,47932,0.117021
train,train/images/nail_train_001388.jpg,train/masks/nail_train_001388.png,640,640,3,1,JPEG,PNG,45,3.15,47786,0.116665
train,train/images/nail_train_001389.jpg,train/masks/nail_train_001389.png,640,640,3,1,JPEG,PNG,16.61,1.26,3153,0.007698
train,train/images/nail_train_001390.jpg,train/masks/nail_train_001390.png,640,640,3,1,JPEG,PNG,18.71,1.22,3130,0.007642
train,train/images/nail_train_001391.jpg,train/masks/nail_train_001391.png,640,640,3,1,JPEG,PNG,31.92,3.97,60250,0.147095
train,train/images/nail_train_001392.jpg,train/masks/nail_train_001392.png,640,640,3,1,JPEG,PNG,36.04,3.88,60895,0.148669
train,train/images/nail_train_001394.jpg,train/masks/nail_train_001394.png,640,640,3,1,JPEG,PNG,38.44,3.89,73886,0.180386
train,train/images/nail_train_001395.jpg,train/masks/nail_train_001395.png,640,640,3,1,JPEG,PNG,35.59,3.36,57170,0.139575
train,train/images/nail_train_001396.jpg,train/masks/nail_train_001396.png,640,640,3,1,JPEG,PNG,34.35,3.52,57167,0.139568
train,train/images/nail_train_001397.jpg,train/masks/nail_train_001397.png,640,640,3,1,JPEG,PNG,54.13,3.04,36814,0.089878
train,train/images/nail_train_001398.jpg,train/masks/nail_train_001398.png,640,640,3,1,JPEG,PNG,76.88,3.14,36850,0.089966
train,train/images/nail_train_001399.jpg,train/masks/nail_train_001399.png,640,640,3,1,JPEG,PNG,57.33,2.11,17780,0.043408
train,train/images/nail_train_001400.jpg,train/masks/nail_train_001400.png,640,640,3,1,JPEG,PNG,81.58,2.15,17768,0.043379
train,train/images/nail_train_001401.jpg,train/masks/nail_train_001401.png,640,640,3,1,JPEG,PNG,42.1,1.31,6072,0.014824
train,train/images/nail_train_001402.jpg,train/masks/nail_train_001402.png,640,640,3,1,JPEG,PNG,33.82,1.44,6103,0.0149
train,train/images/nail_train_001403.jpg,train/masks/nail_train_001403.png,640,640,3,1,JPEG,PNG,36.24,1.24,6029,0.014719
train,train/images/nail_train_001404.jpg,train/masks/nail_train_001404.png,640,640,3,1,JPEG,PNG,29.5,1.43,6069,0.014817
train,train/images/nail_train_001405.jpg,train/masks/nail_train_001405.png,640,640,3,1,JPEG,PNG,27.58,2.52,24126,0.058901
train,train/images/nail_train_001406.jpg,train/masks/nail_train_001406.png,640,640,3,1,JPEG,PNG,25.45,2.63,24044,0.058701
train,train/images/nail_train_001407.jpg,train/masks/nail_train_001407.png,640,640,3,1,JPEG,PNG,25.81,2.39,27779,0.06782
train,train/images/nail_train_001408.jpg,train/masks/nail_train_001408.png,640,640,3,1,JPEG,PNG,26,2.56,27770,0.067798
train,train/images/nail_train_001411.jpg,train/masks/nail_train_001411.png,640,640,3,1,JPEG,PNG,33.04,3.68,39122,0.095513
train,train/images/nail_train_001412.jpg,train/masks/nail_train_001412.png,640,640,3,1,JPEG,PNG,31.47,3.51,39144,0.095566
train,train/images/nail_train_001413.jpg,train/masks/nail_train_001413.png,640,640,3,1,JPEG,PNG,38.46,3.37,42413,0.103547
train,train/images/nail_train_001414.jpg,train/masks/nail_train_001414.png,640,640,3,1,JPEG,PNG,33.23,3.35,42403,0.103523
train,train/images/nail_train_001415.jpg,train/masks/nail_train_001415.png,640,640,3,1,JPEG,PNG,47.49,4.46,55734,0.136069
train,train/images/nail_train_001416.jpg,train/masks/nail_train_001416.png,640,640,3,1,JPEG,PNG,40,4.24,55737,0.136077
train,train/images/nail_train_001417.jpg,train/masks/nail_train_001417.png,640,640,3,1,JPEG,PNG,37.5,3.29,64005,0.156262
train,train/images/nail_train_001418.jpg,train/masks/nail_train_001418.png,640,640,3,1,JPEG,PNG,32.23,3.9,64172,0.15667
train,train/images/nail_train_001419.jpg,train/masks/nail_train_001419.png,640,640,3,1,JPEG,PNG,25.23,1.55,6869,0.01677
train,train/images/nail_train_001420.jpg,train/masks/nail_train_001420.png,640,640,3,1,JPEG,PNG,29.09,1.43,6873,0.01678
train,train/images/nail_train_001421.jpg,train/masks/nail_train_001421.png,640,640,3,1,JPEG,PNG,55.01,1.38,4653,0.01136
train,train/images/nail_train_001423.jpg,train/masks/nail_train_001423.png,640,640,3,1,JPEG,PNG,23.6,1.28,3880,0.009473
train,train/images/nail_train_001425.jpg,train/masks/nail_train_001425.png,640,640,3,1,JPEG,PNG,57.21,2.09,15327,0.037419
train,train/images/nail_train_001426.jpg,train/masks/nail_train_001426.png,640,640,3,1,JPEG,PNG,73,2.1,15305,0.037366
train,train/images/nail_train_001427.jpg,train/masks/nail_train_001427.png,640,640,3,1,JPEG,PNG,36.29,2.29,34829,0.085032
train,train/images/nail_train_001428.jpg,train/masks/nail_train_001428.png,640,640,3,1,JPEG,PNG,36.22,2.42,34791,0.084939
train,train/images/nail_train_001429.jpg,train/masks/nail_train_001429.png,640,640,3,1,JPEG,PNG,42.09,3.15,25921,0.063284
train,train/images/nail_train_001430.jpg,train/masks/nail_train_001430.png,640,640,3,1,JPEG,PNG,36.03,3.42,25887,0.063201
train,train/images/nail_train_001431.jpg,train/masks/nail_train_001431.png,640,640,3,1,JPEG,PNG,26.79,3.54,47628,0.116279
train,train/images/nail_train_001432.jpg,train/masks/nail_train_001432.png,640,640,3,1,JPEG,PNG,27.03,3.31,47595,0.116199
train,train/images/nail_train_001433.jpg,train/masks/nail_train_001433.png,640,640,3,1,JPEG,PNG,33.93,1.52,9104,0.022227
train,train/images/nail_train_001434.jpg,train/masks/nail_train_001434.png,640,640,3,1,JPEG,PNG,30.6,1.4,7095,0.017322
train,train/images/nail_train_001435.jpg,train/masks/nail_train_001435.png,640,640,3,1,JPEG,PNG,38.52,1.95,5699,0.013914
train,train/images/nail_train_001436.jpg,train/masks/nail_train_001436.png,640,640,3,1,JPEG,PNG,35.03,2.06,5697,0.013909
train,train/images/nail_train_001439.jpg,train/masks/nail_train_001439.png,640,640,3,1,JPEG,PNG,38.05,2.68,17534,0.042808
train,train/images/nail_train_001440.jpg,train/masks/nail_train_001440.png,640,640,3,1,JPEG,PNG,34.48,2.45,17506,0.042739
train,train/images/nail_train_001441.jpg,train/masks/nail_train_001441.png,640,640,3,1,JPEG,PNG,67.15,2.56,21947,0.053582
train,train/images/nail_train_001442.jpg,train/masks/nail_train_001442.png,640,640,3,1,JPEG,PNG,52.55,2.2,21915,0.053503
train,train/images/nail_train_001443.jpg,train/masks/nail_train_001443.png,640,640,3,1,JPEG,PNG,43.75,1.48,6549,0.015989
train,train/images/nail_train_001444.jpg,train/masks/nail_train_001444.png,640,640,3,1,JPEG,PNG,33.53,1.67,6522,0.015923
train,train/images/nail_train_001445.jpg,train/masks/nail_train_001445.png,640,640,3,1,JPEG,PNG,26.83,1.23,4427,0.010808
train,train/images/nail_train_001446.jpg,train/masks/nail_train_001446.png,640,640,3,1,JPEG,PNG,24.98,1.29,4415,0.010779
train,train/images/nail_train_001447.jpg,train/masks/nail_train_001447.png,640,640,3,1,JPEG,PNG,41.62,3.26,42201,0.10303
train,train/images/nail_train_001448.jpg,train/masks/nail_train_001448.png,640,640,3,1,JPEG,PNG,32.79,3.33,41941,0.102395
train,train/images/nail_train_001449.jpg,train/masks/nail_train_001449.png,640,640,3,1,JPEG,PNG,34.7,1.51,9070,0.022144
train,train/images/nail_train_001450.jpg,train/masks/nail_train_001450.png,640,640,3,1,JPEG,PNG,35.54,1.54,9075,0.022156
train,train/images/nail_train_001452.jpg,train/masks/nail_train_001452.png,640,640,3,1,JPEG,PNG,38.38,2.35,23227,0.056707
train,train/images/nail_train_001453.jpg,train/masks/nail_train_001453.png,640,640,3,1,JPEG,PNG,37.13,2.09,19170,0.046802
train,train/images/nail_train_001454.jpg,train/masks/nail_train_001454.png,640,640,3,1,JPEG,PNG,37.66,2.42,19163,0.046785
train,train/images/nail_train_001455.jpg,train/masks/nail_train_001455.png,640,640,3,1,JPEG,PNG,29.64,1.67,15105,0.036877
train,train/images/nail_train_001456.jpg,train/masks/nail_train_001456.png,640,640,3,1,JPEG,PNG,26.26,2.12,15129,0.036936
train,train/images/nail_train_001457.jpg,train/masks/nail_train_001457.png,640,640,3,1,JPEG,PNG,37.04,2.75,29024,0.070859
train,train/images/nail_train_001458.jpg,train/masks/nail_train_001458.png,640,640,3,1,JPEG,PNG,34.99,2.33,28940,0.070654
train,train/images/nail_train_001460.jpg,train/masks/nail_train_001460.png,640,640,3,1,JPEG,PNG,42.38,2.41,17129,0.041819
train,train/images/nail_train_001461.jpg,train/masks/nail_train_001461.png,640,640,3,1,JPEG,PNG,32.85,1.76,10664,0.026035
train,train/images/nail_train_001463.jpg,train/masks/nail_train_001463.png,640,640,3,1,JPEG,PNG,29.64,1.97,10661,0.026028
train,train/images/nail_train_001464.jpg,train/masks/nail_train_001464.png,640,640,3,1,JPEG,PNG,33.86,1.89,6754,0.016489
train,train/images/nail_train_001465.jpg,train/masks/nail_train_001465.png,640,640,3,1,JPEG,PNG,36.52,3.16,27687,0.067595
train,train/images/nail_train_001466.jpg,train/masks/nail_train_001466.png,640,640,3,1,JPEG,PNG,56.19,3.2,27661,0.067532
train,train/images/nail_train_001467.jpg,train/masks/nail_train_001467.png,640,640,3,1,JPEG,PNG,52.48,1.7,10659,0.026023
train,train/images/nail_train_001468.jpg,train/masks/nail_train_001468.png,640,640,3,1,JPEG,PNG,43.85,1.57,10700,0.026123
train,train/images/nail_train_001469.jpg,train/masks/nail_train_001469.png,640,640,3,1,JPEG,PNG,33.61,4.13,59414,0.145054
train,train/images/nail_train_001470.jpg,train/masks/nail_train_001470.png,640,640,3,1,JPEG,PNG,36.71,4.27,59321,0.144827
train,train/images/nail_train_001471.jpg,train/masks/nail_train_001471.png,640,640,3,1,JPEG,PNG,42.43,3.76,55373,0.135188
train,train/images/nail_train_001472.jpg,train/masks/nail_train_001472.png,640,640,3,1,JPEG,PNG,47.47,4.29,55542,0.135601
train,train/images/nail_train_001473.jpg,train/masks/nail_train_001473.png,640,640,3,1,JPEG,PNG,33.85,3.58,37260,0.090967
train,train/images/nail_train_001475.jpg,train/masks/nail_train_001475.png,640,640,3,1,JPEG,PNG,36.9,3.05,28396,0.069326
train,train/images/nail_train_001477.jpg,train/masks/nail_train_001477.png,640,640,3,1,JPEG,PNG,31.18,3.46,40438,0.098726
train,train/images/nail_train_001478.jpg,train/masks/nail_train_001478.png,640,640,3,1,JPEG,PNG,30.15,3.14,40551,0.099001
train,train/images/nail_train_001482.jpg,train/masks/nail_train_001482.png,640,640,3,1,JPEG,PNG,34.76,2.75,24747,0.060417
train,train/images/nail_train_001483.jpg,train/masks/nail_train_001483.png,640,640,3,1,JPEG,PNG,53.38,4.21,55345,0.13512
train,train/images/nail_train_001484.jpg,train/masks/nail_train_001484.png,640,640,3,1,JPEG,PNG,44.69,4.17,55270,0.134937
train,train/images/nail_train_001485.jpg,train/masks/nail_train_001485.png,640,640,3,1,JPEG,PNG,28.8,3.52,40185,0.098108
train,train/images/nail_train_001486.jpg,train/masks/nail_train_001486.png,640,640,3,1,JPEG,PNG,35.11,3.39,40068,0.097822
train,train/images/nail_train_001487.jpg,train/masks/nail_train_001487.png,640,640,3,1,JPEG,PNG,27.96,2.18,21928,0.053535
train,train/images/nail_train_001488.jpg,train/masks/nail_train_001488.png,640,640,3,1,JPEG,PNG,32.05,2.42,21921,0.053518
train,train/images/nail_train_001490.jpg,train/masks/nail_train_001490.png,640,640,3,1,JPEG,PNG,26.16,2.78,31538,0.076997
train,train/images/nail_train_001491.jpg,train/masks/nail_train_001491.png,640,640,3,1,JPEG,PNG,24.19,2.14,17558,0.042866
train,train/images/nail_train_001492.jpg,train/masks/nail_train_001492.png,640,640,3,1,JPEG,PNG,24.03,2.23,17504,0.042734
train,train/images/nail_train_001493.jpg,train/masks/nail_train_001493.png,640,640,3,1,JPEG,PNG,49.02,2.77,28018,0.068403
train,train/images/nail_train_001494.jpg,train/masks/nail_train_001494.png,640,640,3,1,JPEG,PNG,44.67,2.82,28071,0.068533
train,train/images/nail_train_001496.jpg,train/masks/nail_train_001496.png,640,640,3,1,JPEG,PNG,28.18,3.08,43720,0.106738
train,train/images/nail_train_001497.jpg,train/masks/nail_train_001497.png,640,640,3,1,JPEG,PNG,26.49,2.62,32991,0.080544
train,train/images/nail_train_001498.jpg,train/masks/nail_train_001498.png,640,640,3,1,JPEG,PNG,24.75,2.58,33160,0.080957
train,train/images/nail_train_001499.jpg,train/masks/nail_train_001499.png,640,640,3,1,JPEG,PNG,64.48,3.32,30798,0.07519
train,train/images/nail_train_001500.jpg,train/masks/nail_train_001500.png,640,640,3,1,JPEG,PNG,45.89,3.34,30813,0.075227
train,train/images/nail_train_001501.jpg,train/masks/nail_train_001501.png,640,640,3,1,JPEG,PNG,25.79,2.64,14998,0.036616
train,train/images/nail_train_001503.jpg,train/masks/nail_train_001503.png,640,640,3,1,JPEG,PNG,35.22,3.9,43911,0.107205
train,train/images/nail_train_001504.jpg,train/masks/nail_train_001504.png,640,640,3,1,JPEG,PNG,39.04,3.96,43660,0.106592
train,train/images/nail_train_001505.jpg,train/masks/nail_train_001505.png,640,640,3,1,JPEG,PNG,29.8,1.92,13210,0.032251
train,train/images/nail_train_001506.jpg,train/masks/nail_train_001506.png,640,640,3,1,JPEG,PNG,30.26,1.84,13255,0.032361
train,train/images/nail_train_001507.jpg,train/masks/nail_train_001507.png,640,640,3,1,JPEG,PNG,36.86,4.27,49536,0.120938
train,train/images/nail_train_001509.jpg,train/masks/nail_train_001509.png,640,640,3,1,JPEG,PNG,41.04,4.64,77949,0.190305
train,train/images/nail_train_001510.jpg,train/masks/nail_train_001510.png,640,640,3,1,JPEG,PNG,37.15,4.02,77998,0.190425
train,train/images/nail_train_001511.jpg,train/masks/nail_train_001511.png,640,640,3,1,JPEG,PNG,30.06,2.63,51534,0.125815
train,train/images/nail_train_001512.jpg,train/masks/nail_train_001512.png,640,640,3,1,JPEG,PNG,34.9,3.14,51449,0.125608
train,train/images/nail_train_001513.jpg,train/masks/nail_train_001513.png,640,640,3,1,JPEG,PNG,21.6,3.08,44887,0.109587
train,train/images/nail_train_001514.jpg,train/masks/nail_train_001514.png,640,640,3,1,JPEG,PNG,25.7,3.12,44785,0.109338
train,train/images/nail_train_001515.jpg,train/masks/nail_train_001515.png,640,640,3,1,JPEG,PNG,33.24,2.07,10096,0.024648
train,train/images/nail_train_001518.jpg,train/masks/nail_train_001518.png,640,640,3,1,JPEG,PNG,33.15,2.25,14077,0.034368
train,train/images/nail_train_001519.jpg,train/masks/nail_train_001519.png,640,640,3,1,JPEG,PNG,24.43,2.23,18794,0.045884
train,train/images/nail_train_001520.jpg,train/masks/nail_train_001520.png,640,640,3,1,JPEG,PNG,29.65,2.05,18796,0.045889
train,train/images/nail_train_001521.jpg,train/masks/nail_train_001521.png,640,640,3,1,JPEG,PNG,22.72,1.61,4400,0.010742
train,train/images/nail_train_001522.jpg,train/masks/nail_train_001522.png,640,640,3,1,JPEG,PNG,27.02,1.67,4370,0.010669
train,train/images/nail_train_001524.jpg,train/masks/nail_train_001524.png,640,640,3,1,JPEG,PNG,30.08,2.69,26555,0.064832
train,train/images/nail_train_001526.jpg,train/masks/nail_train_001526.png,640,640,3,1,JPEG,PNG,25.98,1.59,12341,0.030129
train,train/images/nail_train_001527.jpg,train/masks/nail_train_001527.png,640,640,3,1,JPEG,PNG,22.78,1.8,12368,0.030195
train,train/images/nail_train_001528.jpg,train/masks/nail_train_001528.png,640,640,3,1,JPEG,PNG,44.67,1.36,5720,0.013965
train,train/images/nail_train_001529.jpg,train/masks/nail_train_001529.png,640,640,3,1,JPEG,PNG,32.41,3.29,29236,0.071377
train,train/images/nail_train_001531.jpg,train/masks/nail_train_001531.png,640,640,3,1,JPEG,PNG,31.75,2.06,18729,0.045725
train,train/images/nail_train_001532.jpg,train/masks/nail_train_001532.png,640,640,3,1,JPEG,PNG,31.02,1.96,18677,0.045598
train,train/images/nail_train_001535.jpg,train/masks/nail_train_001535.png,640,640,3,1,JPEG,PNG,45.74,1.58,4631,0.011306
train,train/images/nail_train_001536.jpg,train/masks/nail_train_001536.png,640,640,3,1,JPEG,PNG,35.35,1.57,4683,0.011433
train,train/images/nail_train_001537.jpg,train/masks/nail_train_001537.png,640,640,3,1,JPEG,PNG,23.2,1.58,5510,0.013452
train,train/images/nail_train_001539.jpg,train/masks/nail_train_001539.png,640,640,3,1,JPEG,PNG,38.77,2.3,15643,0.038191
train,train/images/nail_train_001540.jpg,train/masks/nail_train_001540.png,640,640,3,1,JPEG,PNG,57.04,2.31,15630,0.038159
train,train/images/nail_train_001541.jpg,train/masks/nail_train_001541.png,640,640,3,1,JPEG,PNG,53.54,2.59,28237,0.068938
train,train/images/nail_train_001542.jpg,train/masks/nail_train_001542.png,640,640,3,1,JPEG,PNG,60.97,3.06,28185,0.068811
train,train/images/nail_train_001543.jpg,train/masks/nail_train_001543.png,640,640,3,1,JPEG,PNG,57.97,2.6,35276,0.086123
train,train/images/nail_train_001544.jpg,train/masks/nail_train_001544.png,640,640,3,1,JPEG,PNG,53.35,2.83,35322,0.086235
train,train/images/nail_train_001545.jpg,train/masks/nail_train_001545.png,640,640,3,1,JPEG,PNG,39.43,2.15,9135,0.022302
train,train/images/nail_train_001547.jpg,train/masks/nail_train_001547.png,640,640,3,1,JPEG,PNG,35.84,2.79,49474,0.120786
train,train/images/nail_train_001548.jpg,train/masks/nail_train_001548.png,640,640,3,1,JPEG,PNG,38.08,3.38,50221,0.12261
train,train/images/nail_train_001550.jpg,train/masks/nail_train_001550.png,640,640,3,1,JPEG,PNG,34.24,5.02,116765,0.285071
train,train/images/nail_train_001551.jpg,train/masks/nail_train_001551.png,640,640,3,1,JPEG,PNG,17.69,1.47,2725,0.006653
train,train/images/nail_train_001552.jpg,train/masks/nail_train_001552.png,640,640,3,1,JPEG,PNG,16.29,1.47,2706,0.006606
train,train/images/nail_train_001553.jpg,train/masks/nail_train_001553.png,640,640,3,1,JPEG,PNG,25.93,1.28,4723,0.011531
train,train/images/nail_train_001555.jpg,train/masks/nail_train_001555.png,640,640,3,1,JPEG,PNG,25.21,1.43,4736,0.011562
train,train/images/nail_train_001556.jpg,train/masks/nail_train_001556.png,640,640,3,1,JPEG,PNG,32.18,1.57,6510,0.015894
train,train/images/nail_train_001557.jpg,train/masks/nail_train_001557.png,640,640,3,1,JPEG,PNG,32.87,4.74,77532,0.189287
train,train/images/nail_train_001558.jpg,train/masks/nail_train_001558.png,640,640,3,1,JPEG,PNG,31.17,4.52,76198,0.18603
train,train/images/nail_train_001559.jpg,train/masks/nail_train_001559.png,640,640,3,1,JPEG,PNG,32.29,3.01,54168,0.132246
train,train/images/nail_train_001560.jpg,train/masks/nail_train_001560.png,640,640,3,1,JPEG,PNG,34.16,2.73,53907,0.131609
train,train/images/nail_train_001562.jpg,train/masks/nail_train_001562.png,640,640,3,1,JPEG,PNG,36.24,2.22,13536,0.033047
train,train/images/nail_train_001563.jpg,train/masks/nail_train_001563.png,640,640,3,1,JPEG,PNG,35.17,2.89,33003,0.080574
train,train/images/nail_train_001564.jpg,train/masks/nail_train_001564.png,640,640,3,1,JPEG,PNG,33.13,3.28,32960,0.080469
train,train/images/nail_train_001565.jpg,train/masks/nail_train_001565.png,640,640,3,1,JPEG,PNG,44.83,2.07,16584,0.040488
train,train/images/nail_train_001566.jpg,train/masks/nail_train_001566.png,640,640,3,1,JPEG,PNG,52.6,1.97,16618,0.040571
train,train/images/nail_train_001567.jpg,train/masks/nail_train_001567.png,640,640,3,1,JPEG,PNG,23.88,1.85,7874,0.019224
train,train/images/nail_train_001569.jpg,train/masks/nail_train_001569.png,640,640,3,1,JPEG,PNG,20.24,1.76,4849,0.011838
train,train/images/nail_train_001570.jpg,train/masks/nail_train_001570.png,640,640,3,1,JPEG,PNG,21.32,1.71,4826,0.011782
train,train/images/nail_train_001571.jpg,train/masks/nail_train_001571.png,640,640,3,1,JPEG,PNG,31.2,1.71,6995,0.017078
train,train/images/nail_train_001572.jpg,train/masks/nail_train_001572.png,640,640,3,1,JPEG,PNG,27.56,1.82,7014,0.017124
train,train/images/nail_train_001573.jpg,train/masks/nail_train_001573.png,640,640,3,1,JPEG,PNG,48.27,2.04,15323,0.03741
train,train/images/nail_train_001574.jpg,train/masks/nail_train_001574.png,640,640,3,1,JPEG,PNG,54.65,2.25,15318,0.037397
train,train/images/nail_train_001575.jpg,train/masks/nail_train_001575.png,640,640,3,1,JPEG,PNG,42.76,1.31,4871,0.011892
train,train/images/nail_train_001576.jpg,train/masks/nail_train_001576.png,640,640,3,1,JPEG,PNG,33.85,1.29,4837,0.011809
train,train/images/nail_train_001577.jpg,train/masks/nail_train_001577.png,640,640,3,1,JPEG,PNG,20.58,2.41,117954,0.287974
train,train/images/nail_train_001579.jpg,train/masks/nail_train_001579.png,640,640,3,1,JPEG,PNG,17.68,2.76,171734,0.419272
train,train/images/nail_train_001581.jpg,train/masks/nail_train_001581.png,640,640,3,1,JPEG,PNG,15.12,2.8,172108,0.420186
train,train/images/nail_train_001583.jpg,train/masks/nail_train_001583.png,640,640,3,1,JPEG,PNG,26.11,2.35,117539,0.28696
train,train/images/nail_train_001584.jpg,train/masks/nail_train_001584.png,640,640,3,1,JPEG,PNG,17.98,2.08,68003,0.166023
train,train/images/nail_train_001585.jpg,train/masks/nail_train_001585.png,640,640,3,1,JPEG,PNG,31.51,2.22,102704,0.250742
train,train/images/nail_train_001586.jpg,train/masks/nail_train_001586.png,640,640,3,1,JPEG,PNG,25.87,3.2,209681,0.511917
train,train/images/nail_train_001587.jpg,train/masks/nail_train_001587.png,640,640,3,1,JPEG,PNG,25.75,3.27,209661,0.511868
train,train/images/nail_train_001588.jpg,train/masks/nail_train_001588.png,640,640,3,1,JPEG,PNG,23.35,1.97,87089,0.21262
train,train/images/nail_train_001589.jpg,train/masks/nail_train_001589.png,640,640,3,1,JPEG,PNG,19.54,3.6,215181,0.525344
train,train/images/nail_train_001590.jpg,train/masks/nail_train_001590.png,640,640,3,1,JPEG,PNG,20.78,1.95,87607,0.213884
train,train/images/nail_train_001591.jpg,train/masks/nail_train_001591.png,640,640,3,1,JPEG,PNG,25.21,1.72,5280,0.012891
train,train/images/nail_train_001592.jpg,train/masks/nail_train_001592.png,640,640,3,1,JPEG,PNG,30.27,1.69,5281,0.012893
train,train/images/nail_train_001594.jpg,train/masks/nail_train_001594.png,640,640,3,1,JPEG,PNG,30.27,1.64,5247,0.01281
train,train/images/nail_train_001595.jpg,train/masks/nail_train_001595.png,640,640,3,1,JPEG,PNG,29.29,1.54,5258,0.012837
train,train/images/nail_train_001596.jpg,train/masks/nail_train_001596.png,640,640,3,1,JPEG,PNG,30.27,1.66,5243,0.0128
train,train/images/nail_train_001597.jpg,train/masks/nail_train_001597.png,640,640,3,1,JPEG,PNG,25.29,1.37,4996,0.012197
train,train/images/nail_train_001598.jpg,train/masks/nail_train_001598.png,640,640,3,1,JPEG,PNG,24.23,1.6,5827,0.014226
train,train/images/nail_train_001599.jpg,train/masks/nail_train_001599.png,640,640,3,1,JPEG,PNG,25.29,1.37,5053,0.012336
train,train/images/nail_train_001600.jpg,train/masks/nail_train_001600.png,640,640,3,1,JPEG,PNG,24.83,1.55,5821,0.014211
train,train/images/nail_train_001601.jpg,train/masks/nail_train_001601.png,640,640,3,1,JPEG,PNG,26.58,1.41,5074,0.012388
train,train/images/nail_train_001604.jpg,train/masks/nail_train_001604.png,640,640,3,1,JPEG,PNG,30.14,1.68,5088,0.012422
train,train/images/nail_train_001605.jpg,train/masks/nail_train_001605.png,640,640,3,1,JPEG,PNG,25.61,1.5,2707,0.006609
train,train/images/nail_train_001606.jpg,train/masks/nail_train_001606.png,640,640,3,1,JPEG,PNG,23.94,1.61,3039,0.007419
train,train/images/nail_train_001607.jpg,train/masks/nail_train_001607.png,640,640,3,1,JPEG,PNG,30.47,5.18,115645,0.282336
train,train/images/nail_train_001608.jpg,train/masks/nail_train_001608.png,640,640,3,1,JPEG,PNG,36.78,5.78,120067,0.293132
train,train/images/nail_train_001609.jpg,train/masks/nail_train_001609.png,640,640,3,1,JPEG,PNG,26.44,4.06,56294,0.137437
train,train/images/nail_train_001610.jpg,train/masks/nail_train_001610.png,640,640,3,1,JPEG,PNG,25.24,3.95,56282,0.137407
train,train/images/nail_train_001611.jpg,train/masks/nail_train_001611.png,640,640,3,1,JPEG,PNG,28.19,1.46,7104,0.017344
train,train/images/nail_train_001615.jpg,train/masks/nail_train_001615.png,640,640,3,1,JPEG,PNG,35.69,1.25,4087,0.009978
train,train/images/nail_train_001616.jpg,train/masks/nail_train_001616.png,640,640,3,1,JPEG,PNG,26.77,1.26,3969,0.00969
train,train/images/nail_train_001618.jpg,train/masks/nail_train_001618.png,640,640,3,1,JPEG,PNG,22.32,1.89,11568,0.028242
train,train/images/nail_train_001619.jpg,train/masks/nail_train_001619.png,640,640,3,1,JPEG,PNG,38.23,1.68,11676,0.028506
train,train/images/nail_train_001622.jpg,train/masks/nail_train_001622.png,640,640,3,1,JPEG,PNG,32.18,2.28,23008,0.056172
train,train/images/nail_train_001623.jpg,train/masks/nail_train_001623.png,640,640,3,1,JPEG,PNG,32.73,1.61,5334,0.013022
train,train/images/nail_train_001624.jpg,train/masks/nail_train_001624.png,640,640,3,1,JPEG,PNG,51.49,1.2,5211,0.012722
train,train/images/nail_train_001625.jpg,train/masks/nail_train_001625.png,640,640,3,1,JPEG,PNG,45.76,1.47,5199,0.012693
train,train/images/nail_train_001626.jpg,train/masks/nail_train_001626.png,640,640,3,1,JPEG,PNG,32.36,1.42,5351,0.013064
train,train/images/nail_train_001627.jpg,train/masks/nail_train_001627.png,640,640,3,1,JPEG,PNG,37.44,1.78,8747,0.021355
train,train/images/nail_train_001628.jpg,train/masks/nail_train_001628.png,640,640,3,1,JPEG,PNG,41.18,1.65,8769,0.021409
train,train/images/nail_train_001630.jpg,train/masks/nail_train_001630.png,640,640,3,1,JPEG,PNG,28.6,1.5,6327,0.015447
train,train/images/nail_train_001631.jpg,train/masks/nail_train_001631.png,640,640,3,1,JPEG,PNG,35.08,1.25,4931,0.012039
train,train/images/nail_train_001633.jpg,train/masks/nail_train_001633.png,640,640,3,1,JPEG,PNG,30.43,1.1,4973,0.012141
train,train/images/nail_train_001634.jpg,train/masks/nail_train_001634.png,640,640,3,1,JPEG,PNG,28.04,1.47,5021,0.012258
train,train/images/nail_train_001635.jpg,train/masks/nail_train_001635.png,640,640,3,1,JPEG,PNG,43.83,2.22,23547,0.057488
train,train/images/nail_train_001637.jpg,train/masks/nail_train_001637.png,640,640,3,1,JPEG,PNG,27.69,1.38,8538,0.020845
train,train/images/nail_train_001638.jpg,train/masks/nail_train_001638.png,640,640,3,1,JPEG,PNG,28.67,1.05,2527,0.006169
train,train/images/nail_train_001640.jpg,train/masks/nail_train_001640.png,640,640,3,1,JPEG,PNG,25.27,1.86,8583,0.020955
train,train/images/nail_train_001642.jpg,train/masks/nail_train_001642.png,640,640,3,1,JPEG,PNG,39.07,1.49,5943,0.014509
train,train/images/nail_train_001644.jpg,train/masks/nail_train_001644.png,640,640,3,1,JPEG,PNG,27.75,2.62,17049,0.041624
train,train/images/nail_train_001645.jpg,train/masks/nail_train_001645.png,640,640,3,1,JPEG,PNG,30.22,1.88,8716,0.021279
train,train/images/nail_train_001646.jpg,train/masks/nail_train_001646.png,640,640,3,1,JPEG,PNG,32.87,1.75,8760,0.021387
train,train/images/nail_train_001648.jpg,train/masks/nail_train_001648.png,640,640,3,1,JPEG,PNG,50.16,1.25,5568,0.013594
train,train/images/nail_train_001650.jpg,train/masks/nail_train_001650.png,640,640,3,1,JPEG,PNG,23.8,1.45,5519,0.013474
train,train/images/nail_train_001651.jpg,train/masks/nail_train_001651.png,640,640,3,1,JPEG,PNG,34.38,1.44,8416,0.020547
train,train/images/nail_train_001654.jpg,train/masks/nail_train_001654.png,640,640,3,1,JPEG,PNG,17.29,2.21,158548,0.38708
train,train/images/nail_train_001656.jpg,train/masks/nail_train_001656.png,640,640,3,1,JPEG,PNG,17.63,2.05,94130,0.22981
train,train/images/nail_train_001658.jpg,train/masks/nail_train_001658.png,640,640,3,1,JPEG,PNG,28.37,2.02,8158,0.019917
train,train/images/nail_train_001659.jpg,train/masks/nail_train_001659.png,640,640,3,1,JPEG,PNG,21.21,1.37,4144,0.010117
train,train/images/nail_train_001660.jpg,train/masks/nail_train_001660.png,640,640,3,1,JPEG,PNG,22.72,1.52,5367,0.013103
train,train/images/nail_train_001661.jpg,train/masks/nail_train_001661.png,640,640,3,1,JPEG,PNG,18.97,1.4,4779,0.011667
train,train/images/nail_train_001662.jpg,train/masks/nail_train_001662.png,640,640,3,1,JPEG,PNG,21.71,1.37,4174,0.01019
train,train/images/nail_train_001663.jpg,train/masks/nail_train_001663.png,640,640,3,1,JPEG,PNG,22.72,1.5,4767,0.011638
train,train/images/nail_train_001664.jpg,train/masks/nail_train_001664.png,640,640,3,1,JPEG,PNG,24.11,1.37,4760,0.011621
train,train/images/nail_train_001665.jpg,train/masks/nail_train_001665.png,640,640,3,1,JPEG,PNG,36.09,1.38,6416,0.015664
train,train/images/nail_train_001666.jpg,train/masks/nail_train_001666.png,640,640,3,1,JPEG,PNG,45.15,1.37,6426,0.015688
train,train/images/nail_train_001667.jpg,train/masks/nail_train_001667.png,640,640,3,1,JPEG,PNG,34.4,1.12,3142,0.007671
train,train/images/nail_train_001668.jpg,train/masks/nail_train_001668.png,640,640,3,1,JPEG,PNG,29.43,1.15,3147,0.007683
train,train/images/nail_train_001669.jpg,train/masks/nail_train_001669.png,640,640,3,1,JPEG,PNG,45.97,1.32,5403,0.013191
train,train/images/nail_train_001670.jpg,train/masks/nail_train_001670.png,640,640,3,1,JPEG,PNG,28.06,1.05,3974,0.009702
train,train/images/nail_train_001671.jpg,train/masks/nail_train_001671.png,640,640,3,1,JPEG,PNG,33.91,0.95,4000,0.009766
train,train/images/nail_train_001672.jpg,train/masks/nail_train_001672.png,640,640,3,1,JPEG,PNG,38.49,1.35,5419,0.01323
train,train/images/nail_train_001673.jpg,train/masks/nail_train_001673.png,640,640,3,1,JPEG,PNG,35.11,1.49,5247,0.01281
train,train/images/nail_train_001677.jpg,train/masks/nail_train_001677.png,640,640,3,1,JPEG,PNG,25.27,1.64,8818,0.021528
train,train/images/nail_train_001678.jpg,train/masks/nail_train_001678.png,640,640,3,1,JPEG,PNG,41.06,1.81,9373,0.022883
train,train/images/nail_train_001679.jpg,train/masks/nail_train_001679.png,640,640,3,1,JPEG,PNG,28.61,1.71,14052,0.034307
train,train/images/nail_train_001681.jpg,train/masks/nail_train_001681.png,640,640,3,1,JPEG,PNG,45.78,1.73,8473,0.020686
train,train/images/nail_train_001683.jpg,train/masks/nail_train_001683.png,640,640,3,1,JPEG,PNG,27.73,1.29,4606,0.011245
train,train/images/nail_train_001684.jpg,train/masks/nail_train_001684.png,640,640,3,1,JPEG,PNG,26.29,1.4,6108,0.014912
train,train/images/nail_train_001688.jpg,train/masks/nail_train_001688.png,640,640,3,1,JPEG,PNG,24.91,2.16,21340,0.0521
train,train/images/nail_train_001690.jpg,train/masks/nail_train_001690.png,640,640,3,1,JPEG,PNG,46.11,1.35,5625,0.013733
train,train/images/nail_train_001691.jpg,train/masks/nail_train_001691.png,640,640,3,1,JPEG,PNG,31.17,1.66,7176,0.01752
train,train/images/nail_train_001692.jpg,train/masks/nail_train_001692.png,640,640,3,1,JPEG,PNG,23.98,1.68,7170,0.017505
train,train/images/nail_train_001693.jpg,train/masks/nail_train_001693.png,640,640,3,1,JPEG,PNG,26.64,1.08,2532,0.006182
train,train/images/nail_train_001694.jpg,train/masks/nail_train_001694.png,640,640,3,1,JPEG,PNG,29.57,1.07,2583,0.006306
train,train/images/nail_train_001695.jpg,train/masks/nail_train_001695.png,640,640,3,1,JPEG,PNG,27.51,1.5,6904,0.016855
train,train/images/nail_train_001696.jpg,train/masks/nail_train_001696.png,640,640,3,1,JPEG,PNG,36.19,3.13,34147,0.083367
train,train/images/nail_train_001697.jpg,train/masks/nail_train_001697.png,640,640,3,1,JPEG,PNG,26.96,1.45,6894,0.016831
train,train/images/nail_train_001698.jpg,train/masks/nail_train_001698.png,640,640,3,1,JPEG,PNG,38.78,3.08,34152,0.083379
train,train/images/nail_train_001699.jpg,train/masks/nail_train_001699.png,640,640,3,1,JPEG,PNG,26.74,1.23,4291,0.010476
train,train/images/nail_train_001700.jpg,train/masks/nail_train_001700.png,640,640,3,1,JPEG,PNG,34.11,1.15,4305,0.01051
train,train/images/nail_train_001701.jpg,train/masks/nail_train_001701.png,640,640,3,1,JPEG,PNG,19.55,1.77,10531,0.02571
train,train/images/nail_train_001702.jpg,train/masks/nail_train_001702.png,640,640,3,1,JPEG,PNG,20.45,1.54,10489,0.025608
train,train/images/nail_train_001703.jpg,train/masks/nail_train_001703.png,640,640,3,1,JPEG,PNG,16.73,2.99,232009,0.566428
train,train/images/nail_train_001705.jpg,train/masks/nail_train_001705.png,640,640,3,1,JPEG,PNG,24.15,2.79,221022,0.539604
train,train/images/nail_train_001706.jpg,train/masks/nail_train_001706.png,640,640,3,1,JPEG,PNG,19.01,2.74,174123,0.425105
train,train/images/nail_train_001707.jpg,train/masks/nail_train_001707.png,640,640,3,1,JPEG,PNG,18.97,3.24,201190,0.491187
train,train/images/nail_train_001708.jpg,train/masks/nail_train_001708.png,640,640,3,1,JPEG,PNG,19.69,2.99,174591,0.426248
train,train/images/nail_train_001709.jpg,train/masks/nail_train_001709.png,640,640,3,1,JPEG,PNG,16.25,2.91,231895,0.56615
train,train/images/nail_train_001710.jpg,train/masks/nail_train_001710.png,640,640,3,1,JPEG,PNG,24.59,3.3,221276,0.540225
train,train/images/nail_train_001711.jpg,train/masks/nail_train_001711.png,640,640,3,1,JPEG,PNG,29.93,2.73,95175,0.232361
train,train/images/nail_train_001712.jpg,train/masks/nail_train_001712.png,640,640,3,1,JPEG,PNG,28.8,2.02,95258,0.232563
train,train/images/nail_train_001713.jpg,train/masks/nail_train_001713.png,640,640,3,1,JPEG,PNG,27.73,2.19,7934,0.01937
train,train/images/nail_train_001715.jpg,train/masks/nail_train_001715.png,640,640,3,1,JPEG,PNG,23.77,2,13174,0.032163
train,train/images/nail_train_001716.jpg,train/masks/nail_train_001716.png,640,640,3,1,JPEG,PNG,25.73,1.97,13357,0.03261
train,train/images/nail_train_001717.jpg,train/masks/nail_train_001717.png,640,640,3,1,JPEG,PNG,25.79,1.97,13448,0.032832
train,train/images/nail_train_001719.jpg,train/masks/nail_train_001719.png,640,640,3,1,JPEG,PNG,25.79,1.98,13160,0.032129
train,train/images/nail_train_001720.jpg,train/masks/nail_train_001720.png,640,640,3,1,JPEG,PNG,15.73,1.63,5580,0.013623
train,train/images/nail_train_001721.jpg,train/masks/nail_train_001721.png,640,640,3,1,JPEG,PNG,49.99,0.63,725,0.00177
train,train/images/nail_train_001722.jpg,train/masks/nail_train_001722.png,640,640,3,1,JPEG,PNG,29.41,0.65,721,0.00176
train,train/images/nail_train_001723.jpg,train/masks/nail_train_001723.png,640,640,3,1,JPEG,PNG,24.14,2.16,20536,0.050137
train,train/images/nail_train_001724.jpg,train/masks/nail_train_001724.png,640,640,3,1,JPEG,PNG,27.07,1.4,6494,0.015854
train,train/images/nail_train_001726.jpg,train/masks/nail_train_001726.png,640,640,3,1,JPEG,PNG,33.3,1.37,6491,0.015847
train,train/images/nail_train_001727.jpg,train/masks/nail_train_001727.png,640,640,3,1,JPEG,PNG,39.08,1.36,6885,0.016809
train,train/images/nail_train_001728.jpg,train/masks/nail_train_001728.png,640,640,3,1,JPEG,PNG,29.5,1.47,6872,0.016777
train,train/images/nail_train_001729.jpg,train/masks/nail_train_001729.png,640,640,3,1,JPEG,PNG,35.1,1.78,14073,0.034358
train,train/images/nail_train_001730.jpg,train/masks/nail_train_001730.png,640,640,3,1,JPEG,PNG,27.85,2.12,13751,0.033572
train,train/images/nail_train_001731.jpg,train/masks/nail_train_001731.png,640,640,3,1,JPEG,PNG,30.72,1.25,4975,0.012146
train,train/images/nail_train_001732.jpg,train/masks/nail_train_001732.png,640,640,3,1,JPEG,PNG,41.15,1.29,11110,0.027124
train,train/images/nail_train_001733.jpg,train/masks/nail_train_001733.png,640,640,3,1,JPEG,PNG,34.16,1.52,10239,0.024998
train,train/images/nail_train_001735.jpg,train/masks/nail_train_001735.png,640,640,3,1,JPEG,PNG,34.4,1.19,3707,0.00905
train,train/images/nail_train_001736.jpg,train/masks/nail_train_001736.png,640,640,3,1,JPEG,PNG,32.6,1.35,3698,0.009028
train,train/images/nail_train_001737.jpg,train/masks/nail_train_001737.png,640,640,3,1,JPEG,PNG,28.97,1.63,5489,0.013401
train,train/images/nail_train_001738.jpg,train/masks/nail_train_001738.png,640,640,3,1,JPEG,PNG,38.21,1.43,5483,0.013386
train,train/images/nail_train_001739.jpg,train/masks/nail_train_001739.png,640,640,3,1,JPEG,PNG,37.3,1.33,5997,0.014641
train,train/images/nail_train_001740.jpg,train/masks/nail_train_001740.png,640,640,3,1,JPEG,PNG,37.25,1.32,5967,0.014568
train,train/images/nail_train_001741.jpg,train/masks/nail_train_001741.png,640,640,3,1,JPEG,PNG,24.81,1.17,8039,0.019626
train,train/images/nail_train_001744.jpg,train/masks/nail_train_001744.png,640,640,3,1,JPEG,PNG,39.4,1.11,2981,0.007278
train,train/images/nail_train_001745.jpg,train/masks/nail_train_001745.png,640,640,3,1,JPEG,PNG,30.78,1.27,3132,0.007646
train,train/images/nail_train_001746.jpg,train/masks/nail_train_001746.png,640,640,3,1,JPEG,PNG,36.09,1.15,2978,0.007271
train,train/images/nail_train_001747.jpg,train/masks/nail_train_001747.png,640,640,3,1,JPEG,PNG,25.13,1.44,4250,0.010376
train,train/images/nail_train_001748.jpg,train/masks/nail_train_001748.png,640,640,3,1,JPEG,PNG,29.23,1.32,4689,0.011448
train,train/images/nail_train_001751.jpg,train/masks/nail_train_001751.png,640,640,3,1,JPEG,PNG,48.95,3.07,30847,0.07531
train,train/images/nail_train_001752.jpg,train/masks/nail_train_001752.png,640,640,3,1,JPEG,PNG,35.61,3.16,30674,0.074888
train,train/images/nail_train_001753.jpg,train/masks/nail_train_001753.png,640,640,3,1,JPEG,PNG,22.16,1.1,2135,0.005212
train,train/images/nail_train_001754.jpg,train/masks/nail_train_001754.png,640,640,3,1,JPEG,PNG,43.22,1.09,3123,0.007625
train,train/images/nail_train_001755.jpg,train/masks/nail_train_001755.png,640,640,3,1,JPEG,PNG,34.65,1.16,3126,0.007632
train,train/images/nail_train_001756.jpg,train/masks/nail_train_001756.png,640,640,3,1,JPEG,PNG,24.25,1.09,2143,0.005232
train,train/images/nail_train_001758.jpg,train/masks/nail_train_001758.png,640,640,3,1,JPEG,PNG,36.93,1.35,4680,0.011426
train,train/images/nail_train_001759.jpg,train/masks/nail_train_001759.png,640,640,3,1,JPEG,PNG,27.31,1.32,6253,0.015266
train,train/images/nail_train_001760.jpg,train/masks/nail_train_001760.png,640,640,3,1,JPEG,PNG,31.35,1.33,4682,0.011431
train,train/images/nail_train_001762.jpg,train/masks/nail_train_001762.png,640,640,3,1,JPEG,PNG,36.77,1.08,3771,0.009207
train,train/images/nail_train_001764.jpg,train/masks/nail_train_001764.png,640,640,3,1,JPEG,PNG,24.37,3.28,231694,0.565659
train,train/images/nail_train_001767.jpg,train/masks/nail_train_001767.png,640,640,3,1,JPEG,PNG,27.43,2.82,201473,0.491877
train,train/images/nail_train_001768.jpg,train/masks/nail_train_001768.png,640,640,3,1,JPEG,PNG,27.84,2.58,113884,0.278037
train,train/images/nail_train_001769.jpg,train/masks/nail_train_001769.png,640,640,3,1,JPEG,PNG,26.96,3.32,36076,0.088076
train,train/images/nail_train_001771.jpg,train/masks/nail_train_001771.png,640,640,3,1,JPEG,PNG,29.16,3.68,42341,0.103372
train,train/images/nail_train_001773.jpg,train/masks/nail_train_001773.png,640,640,3,1,JPEG,PNG,27.46,3.27,42407,0.103533
train,train/images/nail_train_001774.jpg,train/masks/nail_train_001774.png,640,640,3,1,JPEG,PNG,35.78,3.52,45382,0.110796
train,train/images/nail_train_001775.jpg,train/masks/nail_train_001775.png,640,640,3,1,JPEG,PNG,24.53,1.54,7562,0.018462
train,train/images/nail_train_001776.jpg,train/masks/nail_train_001776.png,640,640,3,1,JPEG,PNG,46.84,1.36,4409,0.010764
train,train/images/nail_train_001777.jpg,train/masks/nail_train_001777.png,640,640,3,1,JPEG,PNG,24.53,1.55,7566,0.018472
train,train/images/nail_train_001778.jpg,train/masks/nail_train_001778.png,640,640,3,1,JPEG,PNG,22.54,1.55,7277,0.017766
train,train/images/nail_train_001779.jpg,train/masks/nail_train_001779.png,640,640,3,1,JPEG,PNG,24.8,1.58,7609,0.018577
train,train/images/nail_train_001780.jpg,train/masks/nail_train_001780.png,640,640,3,1,JPEG,PNG,46,1.44,4393,0.010725
train,train/images/nail_train_001781.jpg,train/masks/nail_train_001781.png,640,640,3,1,JPEG,PNG,25.23,2.98,140083,0.342
train,train/images/nail_train_001783.jpg,train/masks/nail_train_001783.png,640,640,3,1,JPEG,PNG,20.79,2.95,166123,0.405574
train,train/images/nail_train_001784.jpg,train/masks/nail_train_001784.png,640,640,3,1,JPEG,PNG,24.86,2.25,108131,0.263992
train,train/images/nail_train_001787.jpg,train/masks/nail_train_001787.png,640,640,3,1,JPEG,PNG,23.83,1.9,96010,0.234399
train,train/images/nail_train_001789.jpg,train/masks/nail_train_001789.png,640,640,3,1,JPEG,PNG,24.87,2.53,108076,0.263857
train,train/images/nail_train_001790.jpg,train/masks/nail_train_001790.png,640,640,3,1,JPEG,PNG,16.85,3.14,248360,0.606348
train,train/images/nail_train_001792.jpg,train/masks/nail_train_001792.png,640,640,3,1,JPEG,PNG,26.5,1.49,6308,0.0154
train,train/images/nail_train_001793.jpg,train/masks/nail_train_001793.png,640,640,3,1,JPEG,PNG,39.46,0.62,536,0.001309
train,train/images/nail_train_001794.jpg,train/masks/nail_train_001794.png,640,640,3,1,JPEG,PNG,35.86,0.61,534,0.001304
train,train/images/nail_train_001796.jpg,train/masks/nail_train_001796.png,640,640,3,1,JPEG,PNG,26.08,1.34,5677,0.01386
train,train/images/nail_train_001797.jpg,train/masks/nail_train_001797.png,640,640,3,1,JPEG,PNG,39.36,2.24,11848,0.028926
train,train/images/nail_train_001798.jpg,train/masks/nail_train_001798.png,640,640,3,1,JPEG,PNG,40.3,2.15,11820,0.028857
train,train/images/nail_train_001799.jpg,train/masks/nail_train_001799.png,640,640,3,1,JPEG,PNG,28.81,3.63,42565,0.103918
train,train/images/nail_train_001800.jpg,train/masks/nail_train_001800.png,640,640,3,1,JPEG,PNG,28.81,3.62,40662,0.099272
train,train/images/nail_train_001802.jpg,train/masks/nail_train_001802.png,640,640,3,1,JPEG,PNG,28.83,3.54,40628,0.099189
train,train/images/nail_train_001804.jpg,train/masks/nail_train_001804.png,640,640,3,1,JPEG,PNG,27.68,3.79,40639,0.099216
train,train/images/nail_train_001805.jpg,train/masks/nail_train_001805.png,640,640,3,1,JPEG,PNG,36.08,0.84,2798,0.006831
train,train/images/nail_train_001806.jpg,train/masks/nail_train_001806.png,640,640,3,1,JPEG,PNG,41.8,0.83,2798,0.006831
train,train/images/nail_train_001807.jpg,train/masks/nail_train_001807.png,640,640,3,1,JPEG,PNG,47.91,0.47,0,0
train,train/images/nail_train_001808.jpg,train/masks/nail_train_001808.png,640,640,3,1,JPEG,PNG,33.71,0.47,0,0
train,train/images/nail_train_001810.jpg,train/masks/nail_train_001810.png,640,640,3,1,JPEG,PNG,37.43,2.2,17760,0.043359
train,train/images/nail_train_001811.jpg,train/masks/nail_train_001811.png,640,640,3,1,JPEG,PNG,30.32,2.62,26917,0.065715
train,train/images/nail_train_001812.jpg,train/masks/nail_train_001812.png,640,640,3,1,JPEG,PNG,27.39,3.04,26922,0.065728
train,train/images/nail_train_001814.jpg,train/masks/nail_train_001814.png,640,640,3,1,JPEG,PNG,42.98,3.51,39538,0.096528
train,train/images/nail_train_001816.jpg,train/masks/nail_train_001816.png,640,640,3,1,JPEG,PNG,23.85,1.67,9004,0.021982
train,train/images/nail_train_001817.jpg,train/masks/nail_train_001817.png,640,640,3,1,JPEG,PNG,27,1.2,3159,0.007712
train,train/images/nail_train_001818.jpg,train/masks/nail_train_001818.png,640,640,3,1,JPEG,PNG,23.82,1.72,9003,0.02198
train,train/images/nail_train_001819.jpg,train/masks/nail_train_001819.png,640,640,3,1,JPEG,PNG,42.96,3.69,37499,0.09155
train,train/images/nail_train_001821.jpg,train/masks/nail_train_001821.png,640,640,3,1,JPEG,PNG,41.24,3.92,63074,0.153989
train,train/images/nail_train_001822.jpg,train/masks/nail_train_001822.png,640,640,3,1,JPEG,PNG,44.83,4.05,67811,0.165554
train,train/images/nail_train_001823.jpg,train/masks/nail_train_001823.png,640,640,3,1,JPEG,PNG,28.59,2.28,17985,0.043909
train,train/images/nail_train_001824.jpg,train/masks/nail_train_001824.png,640,640,3,1,JPEG,PNG,25.44,2.39,19402,0.047368
train,train/images/nail_train_001825.jpg,train/masks/nail_train_001825.png,640,640,3,1,JPEG,PNG,31.96,0.94,3189,0.007786
train,train/images/nail_train_001826.jpg,train/masks/nail_train_001826.png,640,640,3,1,JPEG,PNG,26.42,1.18,3231,0.007888
train,train/images/nail_train_001827.jpg,train/masks/nail_train_001827.png,640,640,3,1,JPEG,PNG,25.92,1.45,4922,0.012017
train,train/images/nail_train_001828.jpg,train/masks/nail_train_001828.png,640,640,3,1,JPEG,PNG,30.13,1.24,4898,0.011958
train,train/images/nail_train_001829.jpg,train/masks/nail_train_001829.png,640,640,3,1,JPEG,PNG,23.91,2.48,31181,0.076125
train,train/images/nail_train_001830.jpg,train/masks/nail_train_001830.png,640,640,3,1,JPEG,PNG,24.43,3.11,31241,0.076272
train,train/images/nail_train_001831.jpg,train/masks/nail_train_001831.png,640,640,3,1,JPEG,PNG,34.56,1.34,4008,0.009785
train,train/images/nail_train_001832.jpg,train/masks/nail_train_001832.png,640,640,3,1,JPEG,PNG,34.66,1.42,4003,0.009773
train,train/images/nail_train_001834.jpg,train/masks/nail_train_001834.png,640,640,3,1,JPEG,PNG,31.65,1.26,4453,0.010872
train,train/images/nail_train_001835.jpg,train/masks/nail_train_001835.png,640,640,3,1,JPEG,PNG,32.88,3.88,45613,0.11136
train,train/images/nail_train_001837.jpg,train/masks/nail_train_001837.png,640,640,3,1,JPEG,PNG,36.02,2.86,44706,0.109146
train,train/images/nail_train_001838.jpg,train/masks/nail_train_001838.png,640,640,3,1,JPEG,PNG,34,3.33,44555,0.108777
train,train/images/nail_train_001839.jpg,train/masks/nail_train_001839.png,640,640,3,1,JPEG,PNG,32.09,2.06,13124,0.032041
train,train/images/nail_train_001840.jpg,train/masks/nail_train_001840.png,640,640,3,1,JPEG,PNG,47.74,2.14,13054,0.03187
train,train/images/nail_train_001841.jpg,train/masks/nail_train_001841.png,640,640,3,1,JPEG,PNG,26.88,1.99,16908,0.041279
train,train/images/nail_train_001842.jpg,train/masks/nail_train_001842.png,640,640,3,1,JPEG,PNG,29.42,1.33,3717,0.009075
train,train/images/nail_train_001843.jpg,train/masks/nail_train_001843.png,640,640,3,1,JPEG,PNG,33.33,1.14,3733,0.009114
train,train/images/nail_train_001844.jpg,train/masks/nail_train_001844.png,640,640,3,1,JPEG,PNG,28.22,2.11,16971,0.041433
train,train/images/nail_train_001845.jpg,train/masks/nail_train_001845.png,640,640,3,1,JPEG,PNG,32.03,2.21,19133,0.046711
train,train/images/nail_train_001846.jpg,train/masks/nail_train_001846.png,640,640,3,1,JPEG,PNG,36.88,2.52,21260,0.051904
train,train/images/nail_train_001847.jpg,train/masks/nail_train_001847.png,640,640,3,1,JPEG,PNG,37.51,4.3,46412,0.113311
train,train/images/nail_train_001848.jpg,train/masks/nail_train_001848.png,640,640,3,1,JPEG,PNG,36.14,4.39,46486,0.113491
train,train/images/nail_train_001849.jpg,train/masks/nail_train_001849.png,640,640,3,1,JPEG,PNG,55.97,2.28,11241,0.027444
train,train/images/nail_train_001850.jpg,train/masks/nail_train_001850.png,640,640,3,1,JPEG,PNG,68.81,2.04,11271,0.027517
train,train/images/nail_train_001852.jpg,train/masks/nail_train_001852.png,640,640,3,1,JPEG,PNG,44.3,2.25,19198,0.04687
train,train/images/nail_train_001853.jpg,train/masks/nail_train_001853.png,640,640,3,1,JPEG,PNG,86.57,1.85,12799,0.031248
train,train/images/nail_train_001854.jpg,train/masks/nail_train_001854.png,640,640,3,1,JPEG,PNG,66.59,1.72,10546,0.025747
train,train/images/nail_train_001855.jpg,train/masks/nail_train_001855.png,640,640,3,1,JPEG,PNG,23.7,1.7,14988,0.036592
train,train/images/nail_train_001856.jpg,train/masks/nail_train_001856.png,640,640,3,1,JPEG,PNG,26.26,1.86,14994,0.036606
train,train/images/nail_train_001857.jpg,train/masks/nail_train_001857.png,640,640,3,1,JPEG,PNG,29.47,2.08,11183,0.027302
train,train/images/nail_train_001858.jpg,train/masks/nail_train_001858.png,640,640,3,1,JPEG,PNG,32.98,1.96,11227,0.02741
train,train/images/nail_train_001859.jpg,train/masks/nail_train_001859.png,640,640,3,1,JPEG,PNG,31.47,1.5,4868,0.011885
train,train/images/nail_train_001860.jpg,train/masks/nail_train_001860.png,640,640,3,1,JPEG,PNG,34.29,1.18,4877,0.011907
train,train/images/nail_train_001861.jpg,train/masks/nail_train_001861.png,640,640,3,1,JPEG,PNG,39.1,4.01,53253,0.130012
train,train/images/nail_train_001863.jpg,train/masks/nail_train_001863.png,640,640,3,1,JPEG,PNG,32.63,4,65486,0.159878
train,train/images/nail_train_001865.jpg,train/masks/nail_train_001865.png,640,640,3,1,JPEG,PNG,31.94,1.76,11116,0.027139
train,train/images/nail_train_001866.jpg,train/masks/nail_train_001866.png,640,640,3,1,JPEG,PNG,23.01,1.32,4186,0.01022
train,train/images/nail_train_001867.jpg,train/masks/nail_train_001867.png,640,640,3,1,JPEG,PNG,26.5,1.92,11126,0.027163
train,train/images/nail_train_001869.jpg,train/masks/nail_train_001869.png,640,640,3,1,JPEG,PNG,31.32,4.29,57024,0.139219
train,train/images/nail_train_001870.jpg,train/masks/nail_train_001870.png,640,640,3,1,JPEG,PNG,39.9,4.47,58001,0.141604
train,train/images/nail_train_001871.jpg,train/masks/nail_train_001871.png,640,640,3,1,JPEG,PNG,32.07,2.2,14335,0.034998
train,train/images/nail_train_001872.jpg,train/masks/nail_train_001872.png,640,640,3,1,JPEG,PNG,26.7,1.94,14431,0.035232
train,train/images/nail_train_001873.jpg,train/masks/nail_train_001873.png,640,640,3,1,JPEG,PNG,43.39,3.71,38975,0.095154
train,train/images/nail_train_001874.jpg,train/masks/nail_train_001874.png,640,640,3,1,JPEG,PNG,39.03,3.67,39041,0.095315
train,train/images/nail_train_001875.jpg,train/masks/nail_train_001875.png,640,640,3,1,JPEG,PNG,80.82,1.28,5717,0.013958
train,train/images/nail_train_001877.jpg,train/masks/nail_train_001877.png,640,640,3,1,JPEG,PNG,24.87,2.65,197302,0.481694
train,train/images/nail_train_001878.jpg,train/masks/nail_train_001878.png,640,640,3,1,JPEG,PNG,22.35,3.11,196977,0.480901
train,train/images/nail_train_001879.jpg,train/masks/nail_train_001879.png,640,640,3,1,JPEG,PNG,33.36,2.18,12059,0.029441
train,train/images/nail_train_001880.jpg,train/masks/nail_train_001880.png,640,640,3,1,JPEG,PNG,36.1,2.27,12014,0.029331
train,train/images/nail_train_001881.jpg,train/masks/nail_train_001881.png,640,640,3,1,JPEG,PNG,33.36,2.17,12123,0.029597
train,train/images/nail_train_001882.jpg,train/masks/nail_train_001882.png,640,640,3,1,JPEG,PNG,25.69,2.15,12192,0.029766
train,train/images/nail_train_001884.jpg,train/masks/nail_train_001884.png,640,640,3,1,JPEG,PNG,36.69,2.08,12126,0.029604
train,train/images/nail_train_001885.jpg,train/masks/nail_train_001885.png,640,640,3,1,JPEG,PNG,28.52,1.64,9247,0.022576
train,train/images/nail_train_001886.jpg,train/masks/nail_train_001886.png,640,640,3,1,JPEG,PNG,24.97,2.09,17613,0.043
train,train/images/nail_train_001887.jpg,train/masks/nail_train_001887.png,640,640,3,1,JPEG,PNG,24.97,2.13,17808,0.043477
train,train/images/nail_train_001888.jpg,train/masks/nail_train_001888.png,640,640,3,1,JPEG,PNG,32.98,1.32,9187,0.022429
train,train/images/nail_train_001889.jpg,train/masks/nail_train_001889.png,640,640,3,1,JPEG,PNG,26.46,2.26,17828,0.043525
train,train/images/nail_train_001890.jpg,train/masks/nail_train_001890.png,640,640,3,1,JPEG,PNG,23.03,1.84,17555,0.042859
train,train/images/nail_train_001891.jpg,train/masks/nail_train_001891.png,640,640,3,1,JPEG,PNG,36.04,2.84,39249,0.095823
train,train/images/nail_train_001892.jpg,train/masks/nail_train_001892.png,640,640,3,1,JPEG,PNG,32.54,2.84,39040,0.095312
train,train/images/nail_train_001893.jpg,train/masks/nail_train_001893.png,640,640,3,1,JPEG,PNG,42.18,3.75,39275,0.095886
train,train/images/nail_train_001894.jpg,train/masks/nail_train_001894.png,640,640,3,1,JPEG,PNG,36.53,3.78,39443,0.096296
train,train/images/nail_train_001896.jpg,train/masks/nail_train_001896.png,640,640,3,1,JPEG,PNG,39.88,3.74,32388,0.079072
train,train/images/nail_train_001897.jpg,train/masks/nail_train_001897.png,640,640,3,1,JPEG,PNG,36.11,2.09,15521,0.037893
train,train/images/nail_train_001898.jpg,train/masks/nail_train_001898.png,640,640,3,1,JPEG,PNG,39.69,2.5,15448,0.037715
train,train/images/nail_train_001899.jpg,train/masks/nail_train_001899.png,640,640,3,1,JPEG,PNG,25.67,1.17,3909,0.009543
train,train/images/nail_train_001900.jpg,train/masks/nail_train_001900.png,640,640,3,1,JPEG,PNG,21.43,1.22,3278,0.008003
train,train/images/nail_train_001901.jpg,train/masks/nail_train_001901.png,640,640,3,1,JPEG,PNG,27.55,1.24,4116,0.010049
train,train/images/nail_train_001902.jpg,train/masks/nail_train_001902.png,640,640,3,1,JPEG,PNG,27.25,1.2,3252,0.007939
train,train/images/nail_train_001904.jpg,train/masks/nail_train_001904.png,640,640,3,1,JPEG,PNG,40.41,3.08,27647,0.067498
train,train/images/nail_train_001907.jpg,train/masks/nail_train_001907.png,640,640,3,1,JPEG,PNG,41.27,3.52,37552,0.09168
train,train/images/nail_train_001908.jpg,train/masks/nail_train_001908.png,640,640,3,1,JPEG,PNG,38.67,3.44,37598,0.091792
train,train/images/nail_train_001909.jpg,train/masks/nail_train_001909.png,640,640,3,1,JPEG,PNG,24.31,1.4,5588,0.013643
train,train/images/nail_train_001910.jpg,train/masks/nail_train_001910.png,640,640,3,1,JPEG,PNG,26.71,1.28,5306,0.012954
train,train/images/nail_train_001913.jpg,train/masks/nail_train_001913.png,640,640,3,1,JPEG,PNG,36.21,2.15,17578,0.042915
train,train/images/nail_train_001915.jpg,train/masks/nail_train_001915.png,640,640,3,1,JPEG,PNG,39.2,2.76,26140,0.063818
train,train/images/nail_train_001916.jpg,train/masks/nail_train_001916.png,640,640,3,1,JPEG,PNG,43.96,2.64,26175,0.063904
train,train/images/nail_train_001917.jpg,train/masks/nail_train_001917.png,640,640,3,1,JPEG,PNG,29.83,1.91,12572,0.030693
train,train/images/nail_train_001918.jpg,train/masks/nail_train_001918.png,640,640,3,1,JPEG,PNG,35.06,2.06,13997,0.034172
train,train/images/nail_train_001919.jpg,train/masks/nail_train_001919.png,640,640,3,1,JPEG,PNG,30.58,1.74,10399,0.025388
train,train/images/nail_train_001920.jpg,train/masks/nail_train_001920.png,640,640,3,1,JPEG,PNG,32.06,1.89,10392,0.025371
train,train/images/nail_train_001921.jpg,train/masks/nail_train_001921.png,640,640,3,1,JPEG,PNG,35.85,2.1,14502,0.035405
train,train/images/nail_train_001922.jpg,train/masks/nail_train_001922.png,640,640,3,1,JPEG,PNG,32.87,1.23,4083,0.009968
train,train/images/nail_train_001923.jpg,train/masks/nail_train_001923.png,640,640,3,1,JPEG,PNG,33.45,2.14,14489,0.035374
train,train/images/nail_train_001924.jpg,train/masks/nail_train_001924.png,640,640,3,1,JPEG,PNG,37.44,1.16,4094,0.009995
train,train/images/nail_train_001925.jpg,train/masks/nail_train_001925.png,640,640,3,1,JPEG,PNG,48.77,2.18,13537,0.033049
train,train/images/nail_train_001926.jpg,train/masks/nail_train_001926.png,640,640,3,1,JPEG,PNG,56.34,2.08,13579,0.033152
train,train/images/nail_train_001927.jpg,train/masks/nail_train_001927.png,640,640,3,1,JPEG,PNG,22.28,2,10292,0.025127
train,train/images/nail_train_001929.jpg,train/masks/nail_train_001929.png,640,640,3,1,JPEG,PNG,36.31,1.59,8889,0.021702
train,train/images/nail_train_001930.jpg,train/masks/nail_train_001930.png,640,640,3,1,JPEG,PNG,29.01,1.59,8901,0.021731
train,train/images/nail_train_001931.jpg,train/masks/nail_train_001931.png,640,640,3,1,JPEG,PNG,31.95,1.89,15499,0.037839
train,train/images/nail_train_001932.jpg,train/masks/nail_train_001932.png,640,640,3,1,JPEG,PNG,32.15,1.83,14308,0.034932
train,train/images/nail_train_001934.jpg,train/masks/nail_train_001934.png,640,640,3,1,JPEG,PNG,61.8,2.11,13123,0.032039
train,train/images/nail_train_001935.jpg,train/masks/nail_train_001935.png,640,640,3,1,JPEG,PNG,36.95,1.79,9079,0.022166
train,train/images/nail_train_001936.jpg,train/masks/nail_train_001936.png,640,640,3,1,JPEG,PNG,34.65,1.72,9088,0.022187
train,train/images/nail_train_001937.jpg,train/masks/nail_train_001937.png,640,640,3,1,JPEG,PNG,35.19,1.41,6147,0.015007
train,train/images/nail_train_001939.jpg,train/masks/nail_train_001939.png,640,640,3,1,JPEG,PNG,40.97,3.27,40931,0.099929
train,train/images/nail_train_001940.jpg,train/masks/nail_train_001940.png,640,640,3,1,JPEG,PNG,36.15,3.17,40432,0.098711
train,train/images/nail_train_001941.jpg,train/masks/nail_train_001941.png,640,640,3,1,JPEG,PNG,24.75,2.43,28368,0.069258
train,train/images/nail_train_001942.jpg,train/masks/nail_train_001942.png,640,640,3,1,JPEG,PNG,22.31,2.24,26206,0.063979
train,train/images/nail_train_001943.jpg,train/masks/nail_train_001943.png,640,640,3,1,JPEG,PNG,28.65,1.34,8534,0.020835
train,train/images/nail_train_001944.jpg,train/masks/nail_train_001944.png,640,640,3,1,JPEG,PNG,31.08,1.48,8532,0.02083
train,train/images/nail_train_001945.jpg,train/masks/nail_train_001945.png,640,640,3,1,JPEG,PNG,42.42,2.53,21851,0.053347
train,train/images/nail_train_001946.jpg,train/masks/nail_train_001946.png,640,640,3,1,JPEG,PNG,37.09,2.53,21877,0.053411
train,train/images/nail_train_001947.jpg,train/masks/nail_train_001947.png,640,640,3,1,JPEG,PNG,32.65,1.33,6203,0.015144
train,train/images/nail_train_001948.jpg,train/masks/nail_train_001948.png,640,640,3,1,JPEG,PNG,26.31,1.52,6199,0.015134
train,train/images/nail_train_001949.jpg,train/masks/nail_train_001949.png,640,640,3,1,JPEG,PNG,24.22,2.07,10685,0.026086
train,train/images/nail_train_001950.jpg,train/masks/nail_train_001950.png,640,640,3,1,JPEG,PNG,23.1,1.76,9024,0.022031
train,train/images/nail_train_001951.jpg,train/masks/nail_train_001951.png,640,640,3,1,JPEG,PNG,34.86,1.71,8919,0.021775
train,train/images/nail_train_001952.jpg,train/masks/nail_train_001952.png,640,640,3,1,JPEG,PNG,31.56,1.51,10703,0.02613
train,train/images/nail_train_001954.jpg,train/masks/nail_train_001954.png,640,640,3,1,JPEG,PNG,65.49,2.03,10917,0.026653
train,train/images/nail_train_001955.jpg,train/masks/nail_train_001955.png,640,640,3,1,JPEG,PNG,39.6,2.13,21187,0.051726
train,train/images/nail_train_001956.jpg,train/masks/nail_train_001956.png,640,640,3,1,JPEG,PNG,55.46,2.06,21168,0.05168
train,train/images/nail_train_001957.jpg,train/masks/nail_train_001957.png,640,640,3,1,JPEG,PNG,40.96,3.75,43300,0.105713
train,train/images/nail_train_001958.jpg,train/masks/nail_train_001958.png,640,640,3,1,JPEG,PNG,37.35,3.71,43274,0.105649
train,train/images/nail_train_001959.jpg,train/masks/nail_train_001959.png,640,640,3,1,JPEG,PNG,28.62,1.6,7859,0.019187
train,train/images/nail_train_001960.jpg,train/masks/nail_train_001960.png,640,640,3,1,JPEG,PNG,27.42,1.58,7896,0.019277
train,train/images/nail_train_001961.jpg,train/masks/nail_train_001961.png,640,640,3,1,JPEG,PNG,24.71,1.3,6875,0.016785
train,train/images/nail_train_001962.jpg,train/masks/nail_train_001962.png,640,640,3,1,JPEG,PNG,28.55,1.18,6880,0.016797
train,train/images/nail_train_001963.jpg,train/masks/nail_train_001963.png,640,640,3,1,JPEG,PNG,21.38,2.48,158697,0.387444
train,train/images/nail_train_001964.jpg,train/masks/nail_train_001964.png,640,640,3,1,JPEG,PNG,21.78,2.82,163086,0.398159
train,train/images/nail_train_001965.jpg,train/masks/nail_train_001965.png,640,640,3,1,JPEG,PNG,22.79,2.83,163391,0.398904
train,train/images/nail_train_001967.jpg,train/masks/nail_train_001967.png,640,640,3,1,JPEG,PNG,21.56,2.94,159038,0.388276
train,train/images/nail_train_001968.jpg,train/masks/nail_train_001968.png,640,640,3,1,JPEG,PNG,22.08,3.32,225586,0.550747
train,train/images/nail_train_001969.jpg,train/masks/nail_train_001969.png,640,640,3,1,JPEG,PNG,38.07,1.4,5366,0.013101
train,train/images/nail_train_001970.jpg,train/masks/nail_train_001970.png,640,640,3,1,JPEG,PNG,30.71,1.43,5368,0.013105
train,train/images/nail_train_001971.jpg,train/masks/nail_train_001971.png,640,640,3,1,JPEG,PNG,38.07,1.4,5366,0.013101
train,train/images/nail_train_001973.jpg,train/masks/nail_train_001973.png,640,640,3,1,JPEG,PNG,25.11,1.26,3861,0.009426
train,train/images/nail_train_001974.jpg,train/masks/nail_train_001974.png,640,640,3,1,JPEG,PNG,27.01,1.32,4593,0.011213
train,train/images/nail_train_001975.jpg,train/masks/nail_train_001975.png,640,640,3,1,JPEG,PNG,27.34,1.2,4591,0.011208
train,train/images/nail_train_001976.jpg,train/masks/nail_train_001976.png,640,640,3,1,JPEG,PNG,27.01,1.24,3874,0.009458
train,train/images/nail_train_001978.jpg,train/masks/nail_train_001978.png,640,640,3,1,JPEG,PNG,19.21,1.13,5238,0.012788
train,train/images/nail_train_001979.jpg,train/masks/nail_train_001979.png,640,640,3,1,JPEG,PNG,37.22,1.78,15587,0.038054
train,train/images/nail_train_001980.jpg,train/masks/nail_train_001980.png,640,640,3,1,JPEG,PNG,55.49,2.08,16747,0.040886
train,train/images/nail_train_001981.jpg,train/masks/nail_train_001981.png,640,640,3,1,JPEG,PNG,30.64,1.21,3801,0.00928
train,train/images/nail_train_001982.jpg,train/masks/nail_train_001982.png,640,640,3,1,JPEG,PNG,23.43,1.18,3779,0.009226
train,train/images/nail_train_001983.jpg,train/masks/nail_train_001983.png,640,640,3,1,JPEG,PNG,44.24,3.79,47836,0.116787
train,train/images/nail_train_001984.jpg,train/masks/nail_train_001984.png,640,640,3,1,JPEG,PNG,36.84,3.71,47647,0.116326
train,train/images/nail_train_001985.jpg,train/masks/nail_train_001985.png,640,640,3,1,JPEG,PNG,30.45,2.32,18936,0.04623
train,train/images/nail_train_001986.jpg,train/masks/nail_train_001986.png,640,640,3,1,JPEG,PNG,42.28,2.24,19020,0.046436
train,train/images/nail_train_001987.jpg,train/masks/nail_train_001987.png,640,640,3,1,JPEG,PNG,88.77,2.07,14197,0.034661
train,train/images/nail_train_001988.jpg,train/masks/nail_train_001988.png,640,640,3,1,JPEG,PNG,65.83,2.07,14184,0.034629
train,train/images/nail_train_001989.jpg,train/masks/nail_train_001989.png,640,640,3,1,JPEG,PNG,105.45,2.62,26038,0.063569
train,train/images/nail_train_001990.jpg,train/masks/nail_train_001990.png,640,640,3,1,JPEG,PNG,85.14,2.78,26044,0.063584
train,train/images/nail_train_001991.jpg,train/masks/nail_train_001991.png,640,640,3,1,JPEG,PNG,28.11,1.31,5134,0.012534
train,train/images/nail_train_001992.jpg,train/masks/nail_train_001992.png,640,640,3,1,JPEG,PNG,45.4,1.53,6261,0.015286
train,train/images/nail_train_001995.jpg,train/masks/nail_train_001995.png,640,640,3,1,JPEG,PNG,26.5,2.62,35470,0.086597
train,train/images/nail_train_001996.jpg,train/masks/nail_train_001996.png,640,640,3,1,JPEG,PNG,27.95,2.32,35434,0.086509
train,train/images/nail_train_001997.jpg,train/masks/nail_train_001997.png,640,640,3,1,JPEG,PNG,106.3,1.9,14078,0.03437
train,train/images/nail_train_001998.jpg,train/masks/nail_train_001998.png,640,640,3,1,JPEG,PNG,76.93,2.01,13446,0.032827
train,train/images/nail_train_001999.jpg,train/masks/nail_train_001999.png,640,640,3,1,JPEG,PNG,33.29,1.04,3895,0.009509
train,train/images/nail_train_002000.jpg,train/masks/nail_train_002000.png,640,640,3,1,JPEG,PNG,28.86,1.08,3912,0.009551
train,train/images/nail_train_002002.jpg,train/masks/nail_train_002002.png,640,640,3,1,JPEG,PNG,40.61,3.32,25696,0.062734
train,train/images/nail_train_002003.jpg,train/masks/nail_train_002003.png,640,640,3,1,JPEG,PNG,26.76,2.92,27852,0.067998
train,train/images/nail_train_002004.jpg,train/masks/nail_train_002004.png,640,640,3,1,JPEG,PNG,24.64,2.83,27938,0.068208
train,train/images/nail_train_002005.jpg,train/masks/nail_train_002005.png,640,640,3,1,JPEG,PNG,21.68,1.26,5847,0.014275
train,train/images/nail_train_002006.jpg,train/masks/nail_train_002006.png,640,640,3,1,JPEG,PNG,21.82,1.36,5809,0.014182
train,train/images/nail_train_002007.jpg,train/masks/nail_train_002007.png,640,640,3,1,JPEG,PNG,43.33,3.81,49075,0.119812
train,train/images/nail_train_002008.jpg,train/masks/nail_train_002008.png,640,640,3,1,JPEG,PNG,36.48,3.65,46871,0.114431
train,train/images/nail_train_002009.jpg,train/masks/nail_train_002009.png,640,640,3,1,JPEG,PNG,26.26,3.28,54910,0.134058
train,train/images/nail_train_002010.jpg,train/masks/nail_train_002010.png,640,640,3,1,JPEG,PNG,27.75,2.95,54960,0.13418
train,train/images/nail_train_002011.jpg,train/masks/nail_train_002011.png,640,640,3,1,JPEG,PNG,26.95,2.47,18254,0.044565
train,train/images/nail_train_002013.jpg,train/masks/nail_train_002013.png,640,640,3,1,JPEG,PNG,73.52,1.75,8336,0.020352
train,train/images/nail_train_002014.jpg,train/masks/nail_train_002014.png,640,640,3,1,JPEG,PNG,58.34,1.79,8378,0.020454
train,train/images/nail_train_002015.jpg,train/masks/nail_train_002015.png,640,640,3,1,JPEG,PNG,31.65,1.28,4931,0.012039
train,train/images/nail_train_002016.jpg,train/masks/nail_train_002016.png,640,640,3,1,JPEG,PNG,22.03,1.38,6599,0.016111
train,train/images/nail_train_002017.jpg,train/masks/nail_train_002017.png,640,640,3,1,JPEG,PNG,25.16,1.14,4902,0.011968
train,train/images/nail_train_002020.jpg,train/masks/nail_train_002020.png,640,640,3,1,JPEG,PNG,33.78,3.48,42068,0.102705
train,train/images/nail_train_002021.jpg,train/masks/nail_train_002021.png,640,640,3,1,JPEG,PNG,32.8,1.47,7142,0.017437
train,train/images/nail_train_002022.jpg,train/masks/nail_train_002022.png,640,640,3,1,JPEG,PNG,30.38,1.34,7116,0.017373
train,train/images/nail_train_002023.jpg,train/masks/nail_train_002023.png,640,640,3,1,JPEG,PNG,21.85,1.58,10330,0.02522
train,train/images/nail_train_002025.jpg,train/masks/nail_train_002025.png,640,640,3,1,JPEG,PNG,81.87,1.32,4697,0.011467
train,train/images/nail_train_002026.jpg,train/masks/nail_train_002026.png,640,640,3,1,JPEG,PNG,27.37,1.61,5769,0.014084
train,train/images/nail_train_002027.jpg,train/masks/nail_train_002027.png,640,640,3,1,JPEG,PNG,34,1.41,5767,0.01408
train,train/images/nail_train_002028.jpg,train/masks/nail_train_002028.png,640,640,3,1,JPEG,PNG,65.08,1.36,4720,0.011523
train,train/images/nail_train_002029.jpg,train/masks/nail_train_002029.png,640,640,3,1,JPEG,PNG,41.2,2.59,17551,0.042849
train,train/images/nail_train_002030.jpg,train/masks/nail_train_002030.png,640,640,3,1,JPEG,PNG,64.27,2.55,17434,0.042563
train,train/images/nail_train_002031.jpg,train/masks/nail_train_002031.png,640,640,3,1,JPEG,PNG,47.54,1.32,5594,0.013657
train,train/images/nail_train_002032.jpg,train/masks/nail_train_002032.png,640,640,3,1,JPEG,PNG,57.88,1.3,5565,0.013586
train,train/images/nail_train_002033.jpg,train/masks/nail_train_002033.png,640,640,3,1,JPEG,PNG,59.7,1.82,11503,0.028083
train,train/images/nail_train_002034.jpg,train/masks/nail_train_002034.png,640,640,3,1,JPEG,PNG,43.21,1.68,11505,0.028088
train,train/images/nail_train_002035.jpg,train/masks/nail_train_002035.png,640,640,3,1,JPEG,PNG,30.1,2.37,23608,0.057637
train,train/images/nail_train_002036.jpg,train/masks/nail_train_002036.png,640,640,3,1,JPEG,PNG,29.03,2.34,23602,0.057622
train,train/images/nail_train_002038.jpg,train/masks/nail_train_002038.png,640,640,3,1,JPEG,PNG,33.33,1.76,11083,0.027058
train,train/images/nail_train_002041.jpg,train/masks/nail_train_002041.png,640,640,3,1,JPEG,PNG,23.16,1.5,6990,0.017065
train,train/images/nail_train_002042.jpg,train/masks/nail_train_002042.png,640,640,3,1,JPEG,PNG,28.87,1.42,6983,0.017048
train,train/images/nail_train_002043.jpg,train/masks/nail_train_002043.png,640,640,3,1,JPEG,PNG,28.3,1.87,18194,0.044419
train,train/images/nail_train_002044.jpg,train/masks/nail_train_002044.png,640,640,3,1,JPEG,PNG,33.86,1.54,18270,0.044604
train,train/images/nail_train_002045.jpg,train/masks/nail_train_002045.png,640,640,3,1,JPEG,PNG,21.04,2.55,207781,0.507278
train,train/images/nail_train_002046.jpg,train/masks/nail_train_002046.png,640,640,3,1,JPEG,PNG,20.83,3.07,168370,0.41106
train,train/images/nail_train_002048.jpg,train/masks/nail_train_002048.png,640,640,3,1,JPEG,PNG,21.7,2.87,168009,0.410178
train,train/images/nail_train_002049.jpg,train/masks/nail_train_002049.png,640,640,3,1,JPEG,PNG,22.76,3.63,214235,0.523035
train,train/images/nail_train_002050.jpg,train/masks/nail_train_002050.png,640,640,3,1,JPEG,PNG,15.99,2.87,192954,0.471079
train,train/images/nail_train_002052.jpg,train/masks/nail_train_002052.png,640,640,3,1,JPEG,PNG,19.07,3.33,255173,0.622981
train,train/images/nail_train_002053.jpg,train/masks/nail_train_002053.png,640,640,3,1,JPEG,PNG,18.39,3.4,255256,0.623184
train,train/images/nail_train_002054.jpg,train/masks/nail_train_002054.png,640,640,3,1,JPEG,PNG,15.81,2.31,202545,0.494495
train,train/images/nail_train_002055.jpg,train/masks/nail_train_002055.png,640,640,3,1,JPEG,PNG,28.53,1.23,3357,0.008196
train,train/images/nail_train_002056.jpg,train/masks/nail_train_002056.png,640,640,3,1,JPEG,PNG,34.04,1.27,4089,0.009983
train,train/images/nail_train_002057.jpg,train/masks/nail_train_002057.png,640,640,3,1,JPEG,PNG,26.97,1.5,5112,0.01248
train,train/images/nail_train_002058.jpg,train/masks/nail_train_002058.png,640,640,3,1,JPEG,PNG,34.93,1.89,13344,0.032578
train,train/images/nail_train_002059.jpg,train/masks/nail_train_002059.png,640,640,3,1,JPEG,PNG,26.35,1.45,5121,0.012502
train,train/images/nail_train_002060.jpg,train/masks/nail_train_002060.png,640,640,3,1,JPEG,PNG,28.94,1.55,5053,0.012336
train,train/images/nail_train_002061.jpg,train/masks/nail_train_002061.png,640,640,3,1,JPEG,PNG,31.42,2.13,13341,0.032571
train,train/images/nail_train_002062.jpg,train/masks/nail_train_002062.png,640,640,3,1,JPEG,PNG,26.35,1.46,5050,0.012329
train,train/images/nail_train_002063.jpg,train/masks/nail_train_002063.png,640,640,3,1,JPEG,PNG,46.48,1.35,4491,0.010964
train,train/images/nail_train_002064.jpg,train/masks/nail_train_002064.png,640,640,3,1,JPEG,PNG,42.34,1.13,3865,0.009436
train,train/images/nail_train_002065.jpg,train/masks/nail_train_002065.png,640,640,3,1,JPEG,PNG,54.23,1.29,4489,0.010959
train,train/images/nail_train_002067.jpg,train/masks/nail_train_002067.png,640,640,3,1,JPEG,PNG,53.09,2.51,15078,0.036812
train,train/images/nail_train_002068.jpg,train/masks/nail_train_002068.png,640,640,3,1,JPEG,PNG,42.18,2.4,15105,0.036877
train,train/images/nail_train_002069.jpg,train/masks/nail_train_002069.png,640,640,3,1,JPEG,PNG,39.51,2.84,17089,0.041721
train,train/images/nail_train_002070.jpg,train/masks/nail_train_002070.png,640,640,3,1,JPEG,PNG,45.64,2.7,17111,0.041775
train,train/images/nail_train_002071.jpg,train/masks/nail_train_002071.png,640,640,3,1,JPEG,PNG,34.98,1.25,4713,0.011506
train,train/images/nail_train_002074.jpg,train/masks/nail_train_002074.png,640,640,3,1,JPEG,PNG,29.27,1.51,5040,0.012305
train,train/images/nail_train_002076.jpg,train/masks/nail_train_002076.png,640,640,3,1,JPEG,PNG,34.56,1.33,5039,0.012302
train,train/images/nail_train_002077.jpg,train/masks/nail_train_002077.png,640,640,3,1,JPEG,PNG,20.21,1.57,6402,0.01563
train,train/images/nail_train_002078.jpg,train/masks/nail_train_002078.png,640,640,3,1,JPEG,PNG,59.19,1.39,8293,0.020247
train,train/images/nail_train_002079.jpg,train/masks/nail_train_002079.png,640,640,3,1,JPEG,PNG,23.05,1.51,6293,0.015364
train,train/images/nail_train_002080.jpg,train/masks/nail_train_002080.png,640,640,3,1,JPEG,PNG,47.36,1.68,8319,0.02031
train,train/images/nail_train_002081.jpg,train/masks/nail_train_002081.png,640,640,3,1,JPEG,PNG,54.97,2.28,19032,0.046465
train,train/images/nail_train_002082.jpg,train/masks/nail_train_002082.png,640,640,3,1,JPEG,PNG,46.37,2.48,18963,0.046296
train,train/images/nail_train_002083.jpg,train/masks/nail_train_002083.png,640,640,3,1,JPEG,PNG,32.52,1.52,10215,0.024939
train,train/images/nail_train_002084.jpg,train/masks/nail_train_002084.png,640,640,3,1,JPEG,PNG,34.36,1.6,10651,0.026003
train,train/images/nail_train_002085.jpg,train/masks/nail_train_002085.png,640,640,3,1,JPEG,PNG,95.31,2.32,16893,0.041243
train,train/images/nail_train_002086.jpg,train/masks/nail_train_002086.png,640,640,3,1,JPEG,PNG,71.16,2.33,16870,0.041187
train,train/images/nail_train_002088.jpg,train/masks/nail_train_002088.png,640,640,3,1,JPEG,PNG,40.83,1.18,4665,0.011389
train,train/images/nail_train_002089.jpg,train/masks/nail_train_002089.png,640,640,3,1,JPEG,PNG,27.99,1.33,5979,0.014597
train,train/images/nail_train_002090.jpg,train/masks/nail_train_002090.png,640,640,3,1,JPEG,PNG,23.22,1.46,5953,0.014534
train,train/images/nail_train_002091.jpg,train/masks/nail_train_002091.png,640,640,3,1,JPEG,PNG,31.22,3.26,35594,0.086899
train,train/images/nail_train_002092.jpg,train/masks/nail_train_002092.png,640,640,3,1,JPEG,PNG,30.75,3.21,39096,0.095449
train,train/images/nail_train_002093.jpg,train/masks/nail_train_002093.png,640,640,3,1,JPEG,PNG,36.99,1.43,6677,0.016301
train,train/images/nail_train_002095.jpg,train/masks/nail_train_002095.png,640,640,3,1,JPEG,PNG,42.66,1.29,5808,0.01418
train,train/images/nail_train_002096.jpg,train/masks/nail_train_002096.png,640,640,3,1,JPEG,PNG,31.64,1.39,5842,0.014263
train,train/images/nail_train_002098.jpg,train/masks/nail_train_002098.png,640,640,3,1,JPEG,PNG,26.99,1.29,10689,0.026096
train,train/images/nail_train_002101.jpg,train/masks/nail_train_002101.png,640,640,3,1,JPEG,PNG,26.36,2.04,18059,0.044089
train,train/images/nail_train_002102.jpg,train/masks/nail_train_002102.png,640,640,3,1,JPEG,PNG,30.25,1.57,5428,0.013252
train,train/images/nail_train_002105.jpg,train/masks/nail_train_002105.png,640,640,3,1,JPEG,PNG,19.09,2.27,261505,0.63844
train,train/images/nail_train_002106.jpg,train/masks/nail_train_002106.png,640,640,3,1,JPEG,PNG,21.1,2.52,156185,0.381311
train,train/images/nail_train_002107.jpg,train/masks/nail_train_002107.png,640,640,3,1,JPEG,PNG,16.99,3.51,246970,0.602954
train,train/images/nail_train_002108.jpg,train/masks/nail_train_002108.png,640,640,3,1,JPEG,PNG,17.27,2.62,260991,0.637185
train,train/images/nail_train_002109.jpg,train/masks/nail_train_002109.png,640,640,3,1,JPEG,PNG,16.89,3.75,246541,0.601907
train,train/images/nail_train_002111.jpg,train/masks/nail_train_002111.png,640,640,3,1,JPEG,PNG,33.67,1.34,5711,0.013943
train,train/images/nail_train_002113.jpg,train/masks/nail_train_002113.png,640,640,3,1,JPEG,PNG,21.85,2.11,15597,0.038079
train,train/images/nail_train_002114.jpg,train/masks/nail_train_002114.png,640,640,3,1,JPEG,PNG,25.24,2.21,15391,0.037576
train,train/images/nail_train_002115.jpg,train/masks/nail_train_002115.png,640,640,3,1,JPEG,PNG,22.86,2.08,15551,0.037966
train,train/images/nail_train_002116.jpg,train/masks/nail_train_002116.png,640,640,3,1,JPEG,PNG,42.74,1.25,4897,0.011956
train,train/images/nail_train_002118.jpg,train/masks/nail_train_002118.png,640,640,3,1,JPEG,PNG,41.71,1.47,4898,0.011958
train,train/images/nail_train_002119.jpg,train/masks/nail_train_002119.png,640,640,3,1,JPEG,PNG,15.15,0.62,650,0.001587
train,train/images/nail_train_002120.jpg,train/masks/nail_train_002120.png,640,640,3,1,JPEG,PNG,22.33,0.63,648,0.001582
train,train/images/nail_train_002121.jpg,train/masks/nail_train_002121.png,640,640,3,1,JPEG,PNG,57.66,3.59,30163,0.07364
train,train/images/nail_train_002122.jpg,train/masks/nail_train_002122.png,640,640,3,1,JPEG,PNG,42.84,3.45,30156,0.073623
train,train/images/nail_train_002125.jpg,train/masks/nail_train_002125.png,640,640,3,1,JPEG,PNG,30.94,2.89,19447,0.047478
train,train/images/nail_train_002126.jpg,train/masks/nail_train_002126.png,640,640,3,1,JPEG,PNG,33.71,2.78,19513,0.047639
train,train/images/nail_train_002127.jpg,train/masks/nail_train_002127.png,640,640,3,1,JPEG,PNG,25.63,1.8,11625,0.028381
train,train/images/nail_train_002128.jpg,train/masks/nail_train_002128.png,640,640,3,1,JPEG,PNG,24.96,1.71,11598,0.028315
train,train/images/nail_train_002129.jpg,train/masks/nail_train_002129.png,640,640,3,1,JPEG,PNG,34.3,1.76,8407,0.020525
train,train/images/nail_train_002130.jpg,train/masks/nail_train_002130.png,640,640,3,1,JPEG,PNG,40.09,1.64,8406,0.020522
train,train/images/nail_train_002131.jpg,train/masks/nail_train_002131.png,640,640,3,1,JPEG,PNG,28.78,1.52,13447,0.03283
train,train/images/nail_train_002132.jpg,train/masks/nail_train_002132.png,640,640,3,1,JPEG,PNG,29,1.5,13402,0.03272
train,train/images/nail_train_002134.jpg,train/masks/nail_train_002134.png,640,640,3,1,JPEG,PNG,21.98,1.12,2485,0.006067
train,train/images/nail_train_002135.jpg,train/masks/nail_train_002135.png,640,640,3,1,JPEG,PNG,27.63,1.12,3955,0.009656
train,train/images/nail_train_002136.jpg,train/masks/nail_train_002136.png,640,640,3,1,JPEG,PNG,26.23,1.37,3953,0.009651
train,train/images/nail_train_002137.jpg,train/masks/nail_train_002137.png,640,640,3,1,JPEG,PNG,26.09,1.55,11346,0.0277
train,train/images/nail_train_002138.jpg,train/masks/nail_train_002138.png,640,640,3,1,JPEG,PNG,28.57,1.54,11339,0.027683
train,train/images/nail_train_002139.jpg,train/masks/nail_train_002139.png,640,640,3,1,JPEG,PNG,25.63,1.47,8936,0.021816
train,train/images/nail_train_002140.jpg,train/masks/nail_train_002140.png,640,640,3,1,JPEG,PNG,21.01,1.78,8894,0.021714
train,train/images/nail_train_002141.jpg,train/masks/nail_train_002141.png,640,640,3,1,JPEG,PNG,54.96,2.22,18322,0.044731
train,train/images/nail_train_002142.jpg,train/masks/nail_train_002142.png,640,640,3,1,JPEG,PNG,44.73,2.26,18344,0.044785
train,train/images/nail_train_002143.jpg,train/masks/nail_train_002143.png,640,640,3,1,JPEG,PNG,34.96,1.27,4563,0.01114
train,train/images/nail_train_002144.jpg,train/masks/nail_train_002144.png,640,640,3,1,JPEG,PNG,30.94,1.26,4580,0.011182
train,train/images/nail_train_002145.jpg,train/masks/nail_train_002145.png,640,640,3,1,JPEG,PNG,40.85,2.19,14141,0.034524
train,train/images/nail_train_002146.jpg,train/masks/nail_train_002146.png,640,640,3,1,JPEG,PNG,37.91,2.32,14084,0.034385
train,train/images/nail_train_002147.jpg,train/masks/nail_train_002147.png,640,640,3,1,JPEG,PNG,27.18,1.4,7276,0.017764
train,train/images/nail_train_002148.jpg,train/masks/nail_train_002148.png,640,640,3,1,JPEG,PNG,29.25,1.41,7269,0.017747
train,train/images/nail_train_002150.jpg,train/masks/nail_train_002150.png,640,640,3,1,JPEG,PNG,20.79,1.39,4917,0.012004
train,train/images/nail_train_002151.jpg,train/masks/nail_train_002151.png,640,640,3,1,JPEG,PNG,28.77,1.2,3831,0.009353
train,train/images/nail_train_002152.jpg,train/masks/nail_train_002152.png,640,640,3,1,JPEG,PNG,25.64,1.24,3864,0.009434
train,train/images/nail_train_002153.jpg,train/masks/nail_train_002153.png,640,640,3,1,JPEG,PNG,25.48,1.23,3215,0.007849
train,train/images/nail_train_002154.jpg,train/masks/nail_train_002154.png,640,640,3,1,JPEG,PNG,38.24,1.39,5903,0.014412
train,train/images/nail_train_002155.jpg,train/masks/nail_train_002155.png,640,640,3,1,JPEG,PNG,26.88,1.17,3234,0.007896
train,train/images/nail_train_002156.jpg,train/masks/nail_train_002156.png,640,640,3,1,JPEG,PNG,31.02,1.58,5889,0.014377
train,train/images/nail_train_002157.jpg,train/masks/nail_train_002157.png,640,640,3,1,JPEG,PNG,29.22,1.13,4495,0.010974
train,train/images/nail_train_002158.jpg,train/masks/nail_train_002158.png,640,640,3,1,JPEG,PNG,31.1,1.16,5069,0.012375
train,train/images/nail_train_002160.jpg,train/masks/nail_train_002160.png,640,640,3,1,JPEG,PNG,32.87,1.74,10319,0.025193
train,train/images/nail_train_002161.jpg,train/masks/nail_train_002161.png,640,640,3,1,JPEG,PNG,21.36,3.47,233466,0.569985
train,train/images/nail_train_002162.jpg,train/masks/nail_train_002162.png,640,640,3,1,JPEG,PNG,17.28,2.9,255720,0.624316
train,train/images/nail_train_002163.jpg,train/masks/nail_train_002163.png,640,640,3,1,JPEG,PNG,16.45,3.45,209063,0.510408
train,train/images/nail_train_002164.jpg,train/masks/nail_train_002164.png,640,640,3,1,JPEG,PNG,16.27,2.79,258544,0.631211
train,train/images/nail_train_002165.jpg,train/masks/nail_train_002165.png,640,640,3,1,JPEG,PNG,21.34,2.77,152712,0.372832
train,train/images/nail_train_002169.jpg,train/masks/nail_train_002169.png,640,640,3,1,JPEG,PNG,23.83,3.32,232676,0.568057
train,train/images/nail_train_002170.jpg,train/masks/nail_train_002170.png,640,640,3,1,JPEG,PNG,20.73,2.78,186360,0.45498
train,train/images/nail_train_002172.jpg,train/masks/nail_train_002172.png,640,640,3,1,JPEG,PNG,26.23,1.9,22491,0.05491
train,train/images/nail_train_002173.jpg,train/masks/nail_train_002173.png,640,640,3,1,JPEG,PNG,31.68,1.92,12342,0.030132
train,train/images/nail_train_002174.jpg,train/masks/nail_train_002174.png,640,640,3,1,JPEG,PNG,24.33,2.26,23956,0.058486
train,train/images/nail_train_002176.jpg,train/masks/nail_train_002176.png,640,640,3,1,JPEG,PNG,20.41,1.65,22213,0.054231
train,train/images/nail_train_002177.jpg,train/masks/nail_train_002177.png,640,640,3,1,JPEG,PNG,25.26,1.84,11305,0.0276
train,train/images/nail_train_002178.jpg,train/masks/nail_train_002178.png,640,640,3,1,JPEG,PNG,26.75,1.69,11311,0.027615
train,train/images/nail_train_002179.jpg,train/masks/nail_train_002179.png,640,640,3,1,JPEG,PNG,26.75,1.72,11360,0.027734
train,train/images/nail_train_002180.jpg,train/masks/nail_train_002180.png,640,640,3,1,JPEG,PNG,23.65,1.73,11355,0.027722
train,train/images/nail_train_002181.jpg,train/masks/nail_train_002181.png,640,640,3,1,JPEG,PNG,27.78,1.54,7084,0.017295
train,train/images/nail_train_002183.jpg,train/masks/nail_train_002183.png,640,640,3,1,JPEG,PNG,34.24,2.29,22287,0.054412
train,train/images/nail_train_002184.jpg,train/masks/nail_train_002184.png,640,640,3,1,JPEG,PNG,30.99,2.51,22202,0.054204
train,train/images/nail_train_002185.jpg,train/masks/nail_train_002185.png,640,640,3,1,JPEG,PNG,28.69,1.57,9048,0.02209
train,train/images/nail_train_002186.jpg,train/masks/nail_train_002186.png,640,640,3,1,JPEG,PNG,33.47,1.59,9052,0.0221
train,train/images/nail_train_002187.jpg,train/masks/nail_train_002187.png,640,640,3,1,JPEG,PNG,64.92,1.62,5716,0.013955
train,train/images/nail_train_002188.jpg,train/masks/nail_train_002188.png,640,640,3,1,JPEG,PNG,72.08,1.45,5729,0.013987
train,train/images/nail_train_002189.jpg,train/masks/nail_train_002189.png,640,640,3,1,JPEG,PNG,23.08,1.35,3646,0.008901
train,train/images/nail_train_002191.jpg,train/masks/nail_train_002191.png,640,640,3,1,JPEG,PNG,31.42,1.29,6728,0.016426
train,train/images/nail_train_002192.jpg,train/masks/nail_train_002192.png,640,640,3,1,JPEG,PNG,30.09,1.33,6716,0.016396
train,train/images/nail_train_002194.jpg,train/masks/nail_train_002194.png,640,640,3,1,JPEG,PNG,36.42,1.26,4741,0.011575
train,train/images/nail_train_002195.jpg,train/masks/nail_train_002195.png,640,640,3,1,JPEG,PNG,28.35,1.41,4131,0.010085
train,train/images/nail_train_002196.jpg,train/masks/nail_train_002196.png,640,640,3,1,JPEG,PNG,28.24,1.39,4728,0.011543
train,train/images/nail_train_002197.jpg,train/masks/nail_train_002197.png,640,640,3,1,JPEG,PNG,40.32,3.09,37131,0.090652
train,train/images/nail_train_002198.jpg,train/masks/nail_train_002198.png,640,640,3,1,JPEG,PNG,31.62,1.38,4489,0.010959
train,train/images/nail_train_002199.jpg,train/masks/nail_train_002199.png,640,640,3,1,JPEG,PNG,26.98,1.38,4500,0.010986
train,train/images/nail_train_002203.jpg,train/masks/nail_train_002203.png,640,640,3,1,JPEG,PNG,31.66,1.25,4371,0.010671
train,train/images/nail_train_002204.jpg,train/masks/nail_train_002204.png,640,640,3,1,JPEG,PNG,29.38,1.14,2857,0.006975
train,train/images/nail_train_002205.jpg,train/masks/nail_train_002205.png,640,640,3,1,JPEG,PNG,28.21,1.44,5537,0.013518
train,train/images/nail_train_002206.jpg,train/masks/nail_train_002206.png,640,640,3,1,JPEG,PNG,38.11,1.28,4218,0.010298
train,train/images/nail_train_002207.jpg,train/masks/nail_train_002207.png,640,640,3,1,JPEG,PNG,33.13,1.28,5532,0.013506
train,train/images/nail_train_002208.jpg,train/masks/nail_train_002208.png,640,640,3,1,JPEG,PNG,23.54,1.32,4138,0.010103
train,train/images/nail_train_002210.jpg,train/masks/nail_train_002210.png,640,640,3,1,JPEG,PNG,32,1.53,8702,0.021245
train,train/images/nail_train_002211.jpg,train/masks/nail_train_002211.png,640,640,3,1,JPEG,PNG,26.88,1.96,13524,0.033018
train,train/images/nail_train_002212.jpg,train/masks/nail_train_002212.png,640,640,3,1,JPEG,PNG,28.6,1.94,13452,0.032842
train,train/images/nail_train_002215.jpg,train/masks/nail_train_002215.png,640,640,3,1,JPEG,PNG,31.24,1.15,4426,0.010806
train,train/images/nail_train_002217.jpg,train/masks/nail_train_002217.png,640,640,3,1,JPEG,PNG,38.01,4.47,55550,0.13562
train,train/images/nail_train_002219.jpg,train/masks/nail_train_002219.png,640,640,3,1,JPEG,PNG,26.03,1.66,10693,0.026106
train,train/images/nail_train_002220.jpg,train/masks/nail_train_002220.png,640,640,3,1,JPEG,PNG,30.62,1.52,10691,0.026101
train,train/images/nail_train_002221.jpg,train/masks/nail_train_002221.png,640,640,3,1,JPEG,PNG,30.49,1.73,13101,0.031985
train,train/images/nail_train_002223.jpg,train/masks/nail_train_002223.png,640,640,3,1,JPEG,PNG,31.14,1.92,13903,0.033943
train,train/images/nail_train_002224.jpg,train/masks/nail_train_002224.png,640,640,3,1,JPEG,PNG,31.14,1.92,13903,0.033943
train,train/images/nail_train_002225.jpg,train/masks/nail_train_002225.png,640,640,3,1,JPEG,PNG,23.67,1.72,14379,0.035105
train,train/images/nail_train_002226.jpg,train/masks/nail_train_002226.png,640,640,3,1,JPEG,PNG,24.52,1.53,9932,0.024248
train,train/images/nail_train_002228.jpg,train/masks/nail_train_002228.png,640,640,3,1,JPEG,PNG,27.22,1.77,14461,0.035305
train,train/images/nail_train_002229.jpg,train/masks/nail_train_002229.png,640,640,3,1,JPEG,PNG,27.22,1.77,14399,0.035154
train,train/images/nail_train_002230.jpg,train/masks/nail_train_002230.png,640,640,3,1,JPEG,PNG,21.37,1.55,9944,0.024277
train,train/images/nail_train_002231.jpg,train/masks/nail_train_002231.png,640,640,3,1,JPEG,PNG,34.66,3.6,47751,0.11658
train,train/images/nail_train_002232.jpg,train/masks/nail_train_002232.png,640,640,3,1,JPEG,PNG,35.71,3.62,47803,0.116707
train,train/images/nail_train_002234.jpg,train/masks/nail_train_002234.png,640,640,3,1,JPEG,PNG,27.63,2.11,10908,0.026631
train,train/images/nail_train_002235.jpg,train/masks/nail_train_002235.png,640,640,3,1,JPEG,PNG,27.59,1.34,6079,0.014841
train,train/images/nail_train_002236.jpg,train/masks/nail_train_002236.png,640,640,3,1,JPEG,PNG,27.4,1.58,6084,0.014854
train,train/images/nail_train_002237.jpg,train/masks/nail_train_002237.png,640,640,3,1,JPEG,PNG,32.3,1.33,6052,0.014775
train,train/images/nail_train_002239.jpg,train/masks/nail_train_002239.png,640,640,3,1,JPEG,PNG,25.63,2.06,11990,0.029272
train,train/images/nail_train_002240.jpg,train/masks/nail_train_002240.png,640,640,3,1,JPEG,PNG,30.9,1.54,12003,0.029304
train,train/images/nail_train_002242.jpg,train/masks/nail_train_002242.png,640,640,3,1,JPEG,PNG,40.48,1.28,5715,0.013953
train,train/images/nail_train_002243.jpg,train/masks/nail_train_002243.png,640,640,3,1,JPEG,PNG,29.28,1.82,8538,0.020845
train,train/images/nail_train_002244.jpg,train/masks/nail_train_002244.png,640,640,3,1,JPEG,PNG,81,1.21,5379,0.013132
train,train/images/nail_train_002245.jpg,train/masks/nail_train_002245.png,640,640,3,1,JPEG,PNG,32.33,1.49,8575,0.020935
train,train/images/nail_train_002246.jpg,train/masks/nail_train_002246.png,640,640,3,1,JPEG,PNG,74.85,1.21,5357,0.013079
train,train/images/nail_train_002247.jpg,train/masks/nail_train_002247.png,640,640,3,1,JPEG,PNG,19.87,1.33,4179,0.010203
train,train/images/nail_train_002248.jpg,train/masks/nail_train_002248.png,640,640,3,1,JPEG,PNG,22.22,1.54,4171,0.010183
train,train/images/nail_train_002249.jpg,train/masks/nail_train_002249.png,640,640,3,1,JPEG,PNG,30.38,1.19,3882,0.009478
train,train/images/nail_train_002250.jpg,train/masks/nail_train_002250.png,640,640,3,1,JPEG,PNG,25.14,1.31,3875,0.00946
train,train/images/nail_train_002251.jpg,train/masks/nail_train_002251.png,640,640,3,1,JPEG,PNG,43.09,2.27,18443,0.045027
train,train/images/nail_train_002252.jpg,train/masks/nail_train_002252.png,640,640,3,1,JPEG,PNG,36.85,2.56,18497,0.045159
train,train/images/nail_train_002253.jpg,train/masks/nail_train_002253.png,640,640,3,1,JPEG,PNG,26.09,1.25,4544,0.011094
train,train/images/nail_train_002254.jpg,train/masks/nail_train_002254.png,640,640,3,1,JPEG,PNG,35.69,1.42,5227,0.012761
train,train/images/nail_train_002255.jpg,train/masks/nail_train_002255.png,640,640,3,1,JPEG,PNG,23.45,1.42,5220,0.012744
train,train/images/nail_train_002256.jpg,train/masks/nail_train_002256.png,640,640,3,1,JPEG,PNG,31.78,1.29,4574,0.011167
train,train/images/nail_train_002257.jpg,train/masks/nail_train_002257.png,640,640,3,1,JPEG,PNG,38.54,1.91,9700,0.023682
train,train/images/nail_train_002258.jpg,train/masks/nail_train_002258.png,640,640,3,1,JPEG,PNG,43.1,1.81,9686,0.023647
train,train/images/nail_train_002259.jpg,train/masks/nail_train_002259.png,640,640,3,1,JPEG,PNG,28.82,1.22,5411,0.01321
train,train/images/nail_train_002260.jpg,train/masks/nail_train_002260.png,640,640,3,1,JPEG,PNG,28.6,1.28,5409,0.013206
train,train/images/nail_train_002261.jpg,train/masks/nail_train_002261.png,640,640,3,1,JPEG,PNG,33.8,1.42,3631,0.008865
train,train/images/nail_train_002262.jpg,train/masks/nail_train_002262.png,640,640,3,1,JPEG,PNG,37.52,1.15,3620,0.008838
train,train/images/nail_train_002263.jpg,train/masks/nail_train_002263.png,640,640,3,1,JPEG,PNG,35.42,4.43,58461,0.142727
train,train/images/nail_train_002264.jpg,train/masks/nail_train_002264.png,640,640,3,1,JPEG,PNG,43.18,3.91,58544,0.14293
train,train/images/nail_train_002266.jpg,train/masks/nail_train_002266.png,640,640,3,1,JPEG,PNG,34.37,1.62,7202,0.017583
train,train/images/nail_train_002267.jpg,train/masks/nail_train_002267.png,640,640,3,1,JPEG,PNG,25.42,1.64,7086,0.0173
train,train/images/nail_train_002268.jpg,train/masks/nail_train_002268.png,640,640,3,1,JPEG,PNG,36.72,1.44,7203,0.017585
train,train/images/nail_train_002269.jpg,train/masks/nail_train_002269.png,640,640,3,1,JPEG,PNG,34.99,1.08,9738,0.023774
train,train/images/nail_train_002270.jpg,train/masks/nail_train_002270.png,640,640,3,1,JPEG,PNG,30.6,1.38,9715,0.023718
train,train/images/nail_train_002271.jpg,train/masks/nail_train_002271.png,640,640,3,1,JPEG,PNG,14.79,3.17,262521,0.64092
train,train/images/nail_train_002272.jpg,train/masks/nail_train_002272.png,640,640,3,1,JPEG,PNG,27.6,3.35,252023,0.615291
train,train/images/nail_train_002274.jpg,train/masks/nail_train_002274.png,640,640,3,1,JPEG,PNG,17.13,3.95,180686,0.441128
train,train/images/nail_train_002275.jpg,train/masks/nail_train_002275.png,640,640,3,1,JPEG,PNG,25.83,2.98,252261,0.615872
train,train/images/nail_train_002276.jpg,train/masks/nail_train_002276.png,640,640,3,1,JPEG,PNG,19.13,3.69,178759,0.436423
train,train/images/nail_train_002277.jpg,train/masks/nail_train_002277.png,640,640,3,1,JPEG,PNG,26.96,2.97,138813,0.338899
train,train/images/nail_train_002278.jpg,train/masks/nail_train_002278.png,640,640,3,1,JPEG,PNG,29.33,2.53,139334,0.340171
train,train/images/nail_train_002281.jpg,train/masks/nail_train_002281.png,640,640,3,1,JPEG,PNG,28.37,3.42,66560,0.1625
train,train/images/nail_train_002282.jpg,train/masks/nail_train_002282.png,640,640,3,1,JPEG,PNG,29.61,1.21,3842,0.00938
train,train/images/nail_train_002283.jpg,train/masks/nail_train_002283.png,640,640,3,1,JPEG,PNG,29.81,1.18,3837,0.009368
train,train/images/nail_train_002284.jpg,train/masks/nail_train_002284.png,640,640,3,1,JPEG,PNG,26.24,3.44,66596,0.162588
train,train/images/nail_train_002285.jpg,train/masks/nail_train_002285.png,640,640,3,1,JPEG,PNG,17.23,1.36,4964,0.012119
train,train/images/nail_train_002287.jpg,train/masks/nail_train_002287.png,640,640,3,1,JPEG,PNG,21.61,1.2,4969,0.012131
train,train/images/nail_train_002288.jpg,train/masks/nail_train_002288.png,640,640,3,1,JPEG,PNG,21.61,1.19,4519,0.011033
train,train/images/nail_train_002290.jpg,train/masks/nail_train_002290.png,640,640,3,1,JPEG,PNG,28.99,1.16,4792,0.011699
train,train/images/nail_train_002292.jpg,train/masks/nail_train_002292.png,640,640,3,1,JPEG,PNG,30.98,2.89,28158,0.068745
train,train/images/nail_train_002293.jpg,train/masks/nail_train_002293.png,640,640,3,1,JPEG,PNG,25.6,1.13,2188,0.005342
train,train/images/nail_train_002294.jpg,train/masks/nail_train_002294.png,640,640,3,1,JPEG,PNG,27.42,1.01,2202,0.005376
train,train/images/nail_train_002295.jpg,train/masks/nail_train_002295.png,640,640,3,1,JPEG,PNG,32.27,1.57,8161,0.019924
train,train/images/nail_train_002298.jpg,train/masks/nail_train_002298.png,640,640,3,1,JPEG,PNG,25.13,1.83,11224,0.027402
train,train/images/nail_train_002299.jpg,train/masks/nail_train_002299.png,640,640,3,1,JPEG,PNG,30.85,2.94,38691,0.09446
train,train/images/nail_train_002300.jpg,train/masks/nail_train_002300.png,640,640,3,1,JPEG,PNG,35.71,2.83,38407,0.093767
train,train/images/nail_train_002301.jpg,train/masks/nail_train_002301.png,640,640,3,1,JPEG,PNG,29.22,1.24,3883,0.00948
train,train/images/nail_train_002302.jpg,train/masks/nail_train_002302.png,640,640,3,1,JPEG,PNG,32.06,1.17,3908,0.009541
train,train/images/nail_train_002303.jpg,train/masks/nail_train_002303.png,640,640,3,1,JPEG,PNG,35.66,1.14,4535,0.011072
train,train/images/nail_train_002304.jpg,train/masks/nail_train_002304.png,640,640,3,1,JPEG,PNG,31.01,1.24,4482,0.010942
train,train/images/nail_train_002305.jpg,train/masks/nail_train_002305.png,640,640,3,1,JPEG,PNG,22.93,1.69,11025,0.026917
train,train/images/nail_train_002306.jpg,train/masks/nail_train_002306.png,640,640,3,1,JPEG,PNG,21.64,1.46,11011,0.026882
train,train/images/nail_train_002308.jpg,train/masks/nail_train_002308.png,640,640,3,1,JPEG,PNG,22.6,3.97,188558,0.460347
train,train/images/nail_train_002309.jpg,train/masks/nail_train_002309.png,640,640,3,1,JPEG,PNG,15.36,2.92,296880,0.724805
train,train/images/nail_train_002310.jpg,train/masks/nail_train_002310.png,640,640,3,1,JPEG,PNG,19.21,3.85,188169,0.459397
train,train/images/nail_train_002312.jpg,train/masks/nail_train_002312.png,640,640,3,1,JPEG,PNG,25.77,3.32,216222,0.527886
train,train/images/nail_train_002313.jpg,train/masks/nail_train_002313.png,640,640,3,1,JPEG,PNG,17.87,2.95,296357,0.723528
train,train/images/nail_train_002314.jpg,train/masks/nail_train_002314.png,640,640,3,1,JPEG,PNG,23.48,2.79,203277,0.496282
train,train/images/nail_train_002315.jpg,train/masks/nail_train_002315.png,640,640,3,1,JPEG,PNG,20.82,3.25,215642,0.52647
train,train/images/nail_train_002316.jpg,train/masks/nail_train_002316.png,640,640,3,1,JPEG,PNG,17.15,3.29,249119,0.608201
train,train/images/nail_train_002317.jpg,train/masks/nail_train_002317.png,640,640,3,1,JPEG,PNG,44.23,1.84,13763,0.033601
train,train/images/nail_train_002318.jpg,train/masks/nail_train_002318.png,640,640,3,1,JPEG,PNG,31.06,1.7,11613,0.028352
train,train/images/nail_train_002319.jpg,train/masks/nail_train_002319.png,640,640,3,1,JPEG,PNG,25.72,1.82,11624,0.028379
train,train/images/nail_train_002320.jpg,train/masks/nail_train_002320.png,640,640,3,1,JPEG,PNG,40.57,2.11,13767,0.033611
train,train/images/nail_train_002322.jpg,train/masks/nail_train_002322.png,640,640,3,1,JPEG,PNG,28.87,1.79,11447,0.027947
train,train/images/nail_train_002323.jpg,train/masks/nail_train_002323.png,640,640,3,1,JPEG,PNG,21.45,1.36,6875,0.016785
train,train/images/nail_train_002324.jpg,train/masks/nail_train_002324.png,640,640,3,1,JPEG,PNG,21.62,1.44,6839,0.016697
train,train/images/nail_train_002325.jpg,train/masks/nail_train_002325.png,640,640,3,1,JPEG,PNG,32,1.31,6900,0.016846
train,train/images/nail_train_002326.jpg,train/masks/nail_train_002326.png,640,640,3,1,JPEG,PNG,31.6,1.41,6897,0.016838
train,train/images/nail_train_002327.jpg,train/masks/nail_train_002327.png,640,640,3,1,JPEG,PNG,52.59,1.6,6322,0.015435
train,train/images/nail_train_002328.jpg,train/masks/nail_train_002328.png,640,640,3,1,JPEG,PNG,44.95,1.54,6298,0.015376
train,train/images/nail_train_002329.jpg,train/masks/nail_train_002329.png,640,640,3,1,JPEG,PNG,34.61,1.25,5399,0.013181
train,train/images/nail_train_002330.jpg,train/masks/nail_train_002330.png,640,640,3,1,JPEG,PNG,37.53,1.08,5378,0.01313
train,train/images/nail_train_002331.jpg,train/masks/nail_train_002331.png,640,640,3,1,JPEG,PNG,25.05,1.26,5134,0.012534
train,train/images/nail_train_002332.jpg,train/masks/nail_train_002332.png,640,640,3,1,JPEG,PNG,23.91,1.53,5136,0.012539
train,train/images/nail_train_002333.jpg,train/masks/nail_train_002333.png,640,640,3,1,JPEG,PNG,23.04,1.4,5367,0.013103
train,train/images/nail_train_002334.jpg,train/masks/nail_train_002334.png,640,640,3,1,JPEG,PNG,26.36,1.38,5380,0.013135
train,train/images/nail_train_002335.jpg,train/masks/nail_train_002335.png,640,640,3,1,JPEG,PNG,57.78,1.5,7812,0.019072
train,train/images/nail_train_002337.jpg,train/masks/nail_train_002337.png,640,640,3,1,JPEG,PNG,27.02,2.48,17188,0.041963
train,train/images/nail_train_002338.jpg,train/masks/nail_train_002338.png,640,640,3,1,JPEG,PNG,25.81,2.5,17209,0.042014
train,train/images/nail_train_002339.jpg,train/masks/nail_train_002339.png,640,640,3,1,JPEG,PNG,38.89,3.92,80889,0.197483
train,train/images/nail_train_002340.jpg,train/masks/nail_train_002340.png,640,640,3,1,JPEG,PNG,38.71,4.28,87685,0.214075
train,train/images/nail_train_002341.jpg,train/masks/nail_train_002341.png,640,640,3,1,JPEG,PNG,22.21,1.62,9789,0.023899
train,train/images/nail_train_002342.jpg,train/masks/nail_train_002342.png,640,640,3,1,JPEG,PNG,22.99,1.69,9799,0.023923
train,train/images/nail_train_002344.jpg,train/masks/nail_train_002344.png,640,640,3,1,JPEG,PNG,49.96,1.1,2722,0.006646
train,train/images/nail_train_002345.jpg,train/masks/nail_train_002345.png,640,640,3,1,JPEG,PNG,30.97,2.59,101210,0.247095
train,train/images/nail_train_002346.jpg,train/masks/nail_train_002346.png,640,640,3,1,JPEG,PNG,18.62,3.11,202516,0.494424
train,train/images/nail_train_002347.jpg,train/masks/nail_train_002347.png,640,640,3,1,JPEG,PNG,22.33,2.9,113929,0.278147
train,train/images/nail_train_002348.jpg,train/masks/nail_train_002348.png,640,640,3,1,JPEG,PNG,20.93,3.33,202477,0.494329
train,train/images/nail_train_002349.jpg,train/masks/nail_train_002349.png,640,640,3,1,JPEG,PNG,23.51,2.48,114017,0.278362
train,train/images/nail_train_002350.jpg,train/masks/nail_train_002350.png,640,640,3,1,JPEG,PNG,30.47,3.02,101310,0.247339
train,train/images/nail_train_002351.jpg,train/masks/nail_train_002351.png,640,640,3,1,JPEG,PNG,28.14,1.79,10298,0.025142
train,train/images/nail_train_002352.jpg,train/masks/nail_train_002352.png,640,640,3,1,JPEG,PNG,25.44,2.05,10311,0.025173
train,train/images/nail_train_002353.jpg,train/masks/nail_train_002353.png,640,640,3,1,JPEG,PNG,24.69,1.53,6937,0.016936
train,train/images/nail_train_002356.jpg,train/masks/nail_train_002356.png,640,640,3,1,JPEG,PNG,49.45,1.14,3058,0.007466
train,train/images/nail_train_002357.jpg,train/masks/nail_train_002357.png,640,640,3,1,JPEG,PNG,39.5,1.64,7730,0.018872
train,train/images/nail_train_002358.jpg,train/masks/nail_train_002358.png,640,640,3,1,JPEG,PNG,40.6,1.36,3057,0.007463
train,train/images/nail_train_002359.jpg,train/masks/nail_train_002359.png,640,640,3,1,JPEG,PNG,26.06,1.03,2990,0.0073
train,train/images/nail_train_002360.jpg,train/masks/nail_train_002360.png,640,640,3,1,JPEG,PNG,30.2,1.43,5505,0.01344
train,train/images/nail_train_002361.jpg,train/masks/nail_train_002361.png,640,640,3,1,JPEG,PNG,22.71,1.16,3038,0.007417
train,train/images/nail_train_002362.jpg,train/masks/nail_train_002362.png,640,640,3,1,JPEG,PNG,40.61,1.32,5577,0.013616
train,train/images/nail_train_002363.jpg,train/masks/nail_train_002363.png,640,640,3,1,JPEG,PNG,27.97,2,12340,0.030127
train,train/images/nail_train_002364.jpg,train/masks/nail_train_002364.png,640,640,3,1,JPEG,PNG,32.44,1.72,12377,0.030217
train,train/images/nail_train_002365.jpg,train/masks/nail_train_002365.png,640,640,3,1,JPEG,PNG,24.95,1.58,6287,0.015349
train,train/images/nail_train_002366.jpg,train/masks/nail_train_002366.png,640,640,3,1,JPEG,PNG,31.67,1.62,6241,0.015237
train,train/images/nail_train_002367.jpg,train/masks/nail_train_002367.png,640,640,3,1,JPEG,PNG,50.82,2.22,28988,0.070771
train,train/images/nail_train_002368.jpg,train/masks/nail_train_002368.png,640,640,3,1,JPEG,PNG,33.3,2.32,28984,0.070762
train,train/images/nail_train_002369.jpg,train/masks/nail_train_002369.png,640,640,3,1,JPEG,PNG,31.2,1.28,4883,0.011921
train,train/images/nail_train_002371.jpg,train/masks/nail_train_002371.png,640,640,3,1,JPEG,PNG,31.49,1.54,5477,0.013372
train,train/images/nail_train_002372.jpg,train/masks/nail_train_002372.png,640,640,3,1,JPEG,PNG,33.44,1.34,5485,0.013391
train,train/images/nail_train_002374.jpg,train/masks/nail_train_002374.png,640,640,3,1,JPEG,PNG,34.99,1.89,15292,0.037334
train,train/images/nail_train_002375.jpg,train/masks/nail_train_002375.png,640,640,3,1,JPEG,PNG,29.92,1.48,5989,0.014622
train,train/images/nail_train_002378.jpg,train/masks/nail_train_002378.png,640,640,3,1,JPEG,PNG,32.3,1.45,4822,0.011772
train,train/images/nail_train_002379.jpg,train/masks/nail_train_002379.png,640,640,3,1,JPEG,PNG,28.11,1.68,9812,0.023955
train,train/images/nail_train_002380.jpg,train/masks/nail_train_002380.png,640,640,3,1,JPEG,PNG,18.51,1.17,3285,0.00802
train,train/images/nail_train_002381.jpg,train/masks/nail_train_002381.png,640,640,3,1,JPEG,PNG,19.45,1.22,3295,0.008044
train,train/images/nail_train_002383.jpg,train/masks/nail_train_002383.png,640,640,3,1,JPEG,PNG,23.51,2.14,16315,0.039832
train,train/images/nail_train_002384.jpg,train/masks/nail_train_002384.png,640,640,3,1,JPEG,PNG,31.15,1.28,6466,0.015786
train,train/images/nail_train_002386.jpg,train/masks/nail_train_002386.png,640,640,3,1,JPEG,PNG,21.86,2.03,16314,0.039829
train,train/images/nail_train_002387.jpg,train/masks/nail_train_002387.png,640,640,3,1,JPEG,PNG,36.79,2.56,38651,0.094363
train,train/images/nail_train_002389.jpg,train/masks/nail_train_002389.png,640,640,3,1,JPEG,PNG,31.61,1.55,10918,0.026655
train,train/images/nail_train_002390.jpg,train/masks/nail_train_002390.png,640,640,3,1,JPEG,PNG,36.44,1.56,10946,0.026724
train,train/images/nail_train_002392.jpg,train/masks/nail_train_002392.png,640,640,3,1,JPEG,PNG,16.85,2.66,209422,0.511284
train,train/images/nail_train_002393.jpg,train/masks/nail_train_002393.png,640,640,3,1,JPEG,PNG,20.99,3.51,168459,0.411277
train,train/images/nail_train_002394.jpg,train/masks/nail_train_002394.png,640,640,3,1,JPEG,PNG,20.54,3.53,168480,0.411328
train,train/images/nail_train_002395.jpg,train/masks/nail_train_002395.png,640,640,3,1,JPEG,PNG,17.66,2.92,200434,0.489341
train,train/images/nail_train_002396.jpg,train/masks/nail_train_002396.png,640,640,3,1,JPEG,PNG,18.24,2.61,200640,0.489844
train,train/images/nail_train_002397.jpg,train/masks/nail_train_002397.png,640,640,3,1,JPEG,PNG,24.39,2.12,98295,0.239978
train,train/images/nail_train_002398.jpg,train/masks/nail_train_002398.png,640,640,3,1,JPEG,PNG,16.02,2.5,207777,0.507268
train,train/images/nail_train_002399.jpg,train/masks/nail_train_002399.png,640,640,3,1,JPEG,PNG,29.21,1.98,10526,0.025698
train,train/images/nail_train_002400.jpg,train/masks/nail_train_002400.png,640,640,3,1,JPEG,PNG,25.6,1.92,10496,0.025625
train,train/images/nail_train_002401.jpg,train/masks/nail_train_002401.png,640,640,3,1,JPEG,PNG,29.29,1.45,5392,0.013164
train,train/images/nail_train_002402.jpg,train/masks/nail_train_002402.png,640,640,3,1,JPEG,PNG,29.29,1.42,5371,0.013113
train,train/images/nail_train_002403.jpg,train/masks/nail_train_002403.png,640,640,3,1,JPEG,PNG,28.64,1.27,5286,0.012905
train,train/images/nail_train_002404.jpg,train/masks/nail_train_002404.png,640,640,3,1,JPEG,PNG,23.66,1.41,6237,0.015227
train,train/images/nail_train_002405.jpg,train/masks/nail_train_002405.png,640,640,3,1,JPEG,PNG,30.04,1.24,5319,0.012986
train,train/images/nail_train_002407.jpg,train/masks/nail_train_002407.png,640,640,3,1,JPEG,PNG,32.54,1.03,2231,0.005447
train,train/images/nail_train_002409.jpg,train/masks/nail_train_002409.png,640,640,3,1,JPEG,PNG,29.63,2.13,12365,0.030188
train,train/images/nail_train_002412.jpg,train/masks/nail_train_002412.png,640,640,3,1,JPEG,PNG,21.68,3.7,232966,0.568765
train,train/images/nail_train_002414.jpg,train/masks/nail_train_002414.png,640,640,3,1,JPEG,PNG,22.81,3.31,233276,0.569521
train,train/images/nail_train_002415.jpg,train/masks/nail_train_002415.png,640,640,3,1,JPEG,PNG,17.58,3.05,297440,0.726172
train,train/images/nail_train_002416.jpg,train/masks/nail_train_002416.png,640,640,3,1,JPEG,PNG,19.26,2.8,248417,0.606487
train,train/images/nail_train_002417.jpg,train/masks/nail_train_002417.png,640,640,3,1,JPEG,PNG,30.96,3.15,224378,0.547798
train,train/images/nail_train_002418.jpg,train/masks/nail_train_002418.png,640,640,3,1,JPEG,PNG,17.23,1.34,31659,0.077292
train,train/images/nail_train_002420.jpg,train/masks/nail_train_002420.png,640,640,3,1,JPEG,PNG,17.82,1.4,31786,0.077603
train,train/images/nail_train_002421.jpg,train/masks/nail_train_002421.png,640,640,3,1,JPEG,PNG,20.58,1.77,61276,0.1496
train,train/images/nail_train_002422.jpg,train/masks/nail_train_002422.png,640,640,3,1,JPEG,PNG,21.46,3.04,165756,0.404678
train,train/images/nail_train_002423.jpg,train/masks/nail_train_002423.png,640,640,3,1,JPEG,PNG,17.97,1.66,61364,0.149814
train,train/images/nail_train_002424.jpg,train/masks/nail_train_002424.png,640,640,3,1,JPEG,PNG,22.45,3.31,215944,0.527207
train,train/images/nail_train_002425.jpg,train/masks/nail_train_002425.png,640,640,3,1,JPEG,PNG,23.5,2.84,224893,0.549055
train,train/images/nail_train_002426.jpg,train/masks/nail_train_002426.png,640,640,3,1,JPEG,PNG,17.17,2.93,298297,0.728264
train,train/images/nail_train_002427.jpg,train/masks/nail_train_002427.png,640,640,3,1,JPEG,PNG,37.47,1.74,6378,0.015571
train,train/images/nail_train_002428.jpg,train/masks/nail_train_002428.png,640,640,3,1,JPEG,PNG,52.86,1.77,6467,0.015789
train,train/images/nail_train_002429.jpg,train/masks/nail_train_002429.png,640,640,3,1,JPEG,PNG,22.58,1.88,16887,0.041228
train,train/images/nail_train_002431.jpg,train/masks/nail_train_002431.png,640,640,3,1,JPEG,PNG,23.8,2.06,16842,0.041118
train,train/images/nail_train_002432.jpg,train/masks/nail_train_002432.png,640,640,3,1,JPEG,PNG,30.75,1.65,9333,0.022786
train,train/images/nail_train_002434.jpg,train/masks/nail_train_002434.png,640,640,3,1,JPEG,PNG,22.58,1.89,16455,0.040173
train,train/images/nail_train_002435.jpg,train/masks/nail_train_002435.png,640,640,3,1,JPEG,PNG,27.45,1.45,7040,0.017188
train,train/images/nail_train_002436.jpg,train/masks/nail_train_002436.png,640,640,3,1,JPEG,PNG,29.04,1.92,7046,0.017202
train,train/images/nail_train_002437.jpg,train/masks/nail_train_002437.png,640,640,3,1,JPEG,PNG,35.21,1.04,1894,0.004624
train,train/images/nail_train_002438.jpg,train/masks/nail_train_002438.png,640,640,3,1,JPEG,PNG,46.92,1.03,1899,0.004636
train,train/images/nail_train_002439.jpg,train/masks/nail_train_002439.png,640,640,3,1,JPEG,PNG,37.09,0.74,947,0.002312
train,train/images/nail_train_002440.jpg,train/masks/nail_train_002440.png,640,640,3,1,JPEG,PNG,48.02,0.76,956,0.002334
train,train/images/nail_train_002441.jpg,train/masks/nail_train_002441.png,640,640,3,1,JPEG,PNG,47.84,2.22,16013,0.039094
train,train/images/nail_train_002443.jpg,train/masks/nail_train_002443.png,640,640,3,1,JPEG,PNG,32,1.37,5146,0.012563
train,train/images/nail_train_002444.jpg,train/masks/nail_train_002444.png,640,640,3,1,JPEG,PNG,37.67,1.37,5150,0.012573
train,train/images/nail_train_002445.jpg,train/masks/nail_train_002445.png,640,640,3,1,JPEG,PNG,37.73,1.42,5157,0.01259
train,train/images/nail_train_002446.jpg,train/masks/nail_train_002446.png,640,640,3,1,JPEG,PNG,31.12,1.38,5200,0.012695
train,train/images/nail_train_002448.jpg,train/masks/nail_train_002448.png,640,640,3,1,JPEG,PNG,44.57,1.39,5203,0.012703
train,train/images/nail_train_002450.jpg,train/masks/nail_train_002450.png,640,640,3,1,JPEG,PNG,39.67,0.47,0,0
train,train/images/nail_train_002451.jpg,train/masks/nail_train_002451.png,640,640,3,1,JPEG,PNG,32.13,2.94,30141,0.073586
train,train/images/nail_train_002452.jpg,train/masks/nail_train_002452.png,640,640,3,1,JPEG,PNG,31.85,3.03,30205,0.073743
train,train/images/nail_train_002453.jpg,train/masks/nail_train_002453.png,640,640,3,1,JPEG,PNG,38,0.47,0,0
train,train/images/nail_train_002454.jpg,train/masks/nail_train_002454.png,640,640,3,1,JPEG,PNG,42.31,0.47,0,0
train,train/images/nail_train_002455.jpg,train/masks/nail_train_002455.png,640,640,3,1,JPEG,PNG,21.97,1.23,4040,0.009863
train,train/images/nail_train_002457.jpg,train/masks/nail_train_002457.png,640,640,3,1,JPEG,PNG,27.91,0.47,0,0
train,train/images/nail_train_002458.jpg,train/masks/nail_train_002458.png,640,640,3,1,JPEG,PNG,33.24,0.47,0,0
train,train/images/nail_train_002459.jpg,train/masks/nail_train_002459.png,640,640,3,1,JPEG,PNG,33.56,0.47,0,0
train,train/images/nail_train_002460.jpg,train/masks/nail_train_002460.png,640,640,3,1,JPEG,PNG,28.65,0.47,0,0
train,train/images/nail_train_002461.jpg,train/masks/nail_train_002461.png,640,640,3,1,JPEG,PNG,55.38,1.72,7561,0.018459
train,train/images/nail_train_002463.jpg,train/masks/nail_train_002463.png,640,640,3,1,JPEG,PNG,25.88,1.25,3372,0.008232
train,train/images/nail_train_002464.jpg,train/masks/nail_train_002464.png,640,640,3,1,JPEG,PNG,25.45,1.58,7905,0.019299
train,train/images/nail_train_002465.jpg,train/masks/nail_train_002465.png,640,640,3,1,JPEG,PNG,27.27,1.62,7922,0.019341
train,train/images/nail_train_002466.jpg,train/masks/nail_train_002466.png,640,640,3,1,JPEG,PNG,21.41,1.19,3381,0.008254
train,train/images/nail_train_002467.jpg,train/masks/nail_train_002467.png,640,640,3,1,JPEG,PNG,20.02,1.16,3054,0.007456
train,train/images/nail_train_002468.jpg,train/masks/nail_train_002468.png,640,640,3,1,JPEG,PNG,22.25,1.26,3069,0.007493
train,train/images/nail_train_002469.jpg,train/masks/nail_train_002469.png,640,640,3,1,JPEG,PNG,25.76,1.51,6805,0.016614
train,train/images/nail_train_002470.jpg,train/masks/nail_train_002470.png,640,640,3,1,JPEG,PNG,30.27,1.37,6807,0.016619
train,train/images/nail_train_002473.jpg,train/masks/nail_train_002473.png,640,640,3,1,JPEG,PNG,25.79,1.52,7062,0.017241
train,train/images/nail_train_002474.jpg,train/masks/nail_train_002474.png,640,640,3,1,JPEG,PNG,23.57,1.35,8746,0.021353
train,train/images/nail_train_002475.jpg,train/masks/nail_train_002475.png,640,640,3,1,JPEG,PNG,31.09,1.46,7063,0.017244
train,train/images/nail_train_002478.jpg,train/masks/nail_train_002478.png,640,640,3,1,JPEG,PNG,55.38,1.51,5574,0.013608
train,train/images/nail_train_002479.jpg,train/masks/nail_train_002479.png,640,640,3,1,JPEG,PNG,34.25,1.62,10744,0.02623
train,train/images/nail_train_002480.jpg,train/masks/nail_train_002480.png,640,640,3,1,JPEG,PNG,30.24,1.9,10762,0.026274
train,train/images/nail_train_002481.jpg,train/masks/nail_train_002481.png,640,640,3,1,JPEG,PNG,23.8,2.01,31231,0.076248
train,train/images/nail_train_002482.jpg,train/masks/nail_train_002482.png,640,640,3,1,JPEG,PNG,22.97,2.13,31041,0.075784
train,train/images/nail_train_002483.jpg,train/masks/nail_train_002483.png,640,640,3,1,JPEG,PNG,25.81,1.34,3182,0.007769
train,train/images/nail_train_002484.jpg,train/masks/nail_train_002484.png,640,640,3,1,JPEG,PNG,33.58,1.1,3186,0.007778
train,train/images/nail_train_002485.jpg,train/masks/nail_train_002485.png,640,640,3,1,JPEG,PNG,34.05,1.22,3982,0.009722
train,train/images/nail_train_002488.jpg,train/masks/nail_train_002488.png,640,640,3,1,JPEG,PNG,32.62,1.35,3953,0.009651
train,train/images/nail_train_002489.jpg,train/masks/nail_train_002489.png,640,640,3,1,JPEG,PNG,42.2,1.22,3998,0.009761
train,train/images/nail_train_002490.jpg,train/masks/nail_train_002490.png,640,640,3,1,JPEG,PNG,36.29,1.24,4015,0.009802
train,train/images/nail_train_002491.jpg,train/masks/nail_train_002491.png,640,640,3,1,JPEG,PNG,31.2,1.21,5058,0.012349
train,train/images/nail_train_002492.jpg,train/masks/nail_train_002492.png,640,640,3,1,JPEG,PNG,28.84,1.54,5017,0.012249
train,train/images/nail_train_002493.jpg,train/masks/nail_train_002493.png,640,640,3,1,JPEG,PNG,23.73,1.15,4650,0.011353
train,train/images/nail_train_002494.jpg,train/masks/nail_train_002494.png,640,640,3,1,JPEG,PNG,34.61,1.29,5551,0.013552
train,train/images/nail_train_002495.jpg,train/masks/nail_train_002495.png,640,640,3,1,JPEG,PNG,29.17,1.14,4651,0.011355
train,train/images/nail_train_002496.jpg,train/masks/nail_train_002496.png,640,640,3,1,JPEG,PNG,28.75,1.33,5574,0.013608
train,train/images/nail_train_002497.jpg,train/masks/nail_train_002497.png,640,640,3,1,JPEG,PNG,15.65,2.02,105966,0.258706
train,train/images/nail_train_002498.jpg,train/masks/nail_train_002498.png,640,640,3,1,JPEG,PNG,14.55,2.42,106621,0.260305
train,train/images/nail_train_002499.jpg,train/masks/nail_train_002499.png,640,640,3,1,JPEG,PNG,25.33,3.29,245607,0.599626
train,train/images/nail_train_002500.jpg,train/masks/nail_train_002500.png,640,640,3,1,JPEG,PNG,20.03,2.36,180500,0.440674
train,train/images/nail_train_002501.jpg,train/masks/nail_train_002501.png,640,640,3,1,JPEG,PNG,18.93,3.14,180367,0.440349
train,train/images/nail_train_002502.jpg,train/masks/nail_train_002502.png,640,640,3,1,JPEG,PNG,27.01,3.05,182912,0.446562
train,train/images/nail_train_002503.jpg,train/masks/nail_train_002503.png,640,640,3,1,JPEG,PNG,22,2.95,183494,0.447983
train,train/images/nail_train_002504.jpg,train/masks/nail_train_002504.png,640,640,3,1,JPEG,PNG,24.42,2.71,220286,0.537808
train,train/images/nail_train_002505.jpg,train/masks/nail_train_002505.png,640,640,3,1,JPEG,PNG,24.26,3.4,248688,0.607148
train,train/images/nail_train_002506.jpg,train/masks/nail_train_002506.png,640,640,3,1,JPEG,PNG,24.43,2.72,220388,0.538057
train,train/images/nail_train_002509.jpg,train/masks/nail_train_002509.png,640,640,3,1,JPEG,PNG,28.1,1.63,9089,0.02219
train,train/images/nail_train_002510.jpg,train/masks/nail_train_002510.png,640,640,3,1,JPEG,PNG,23.81,1.87,11227,0.02741
train,train/images/nail_train_002511.jpg,train/masks/nail_train_002511.png,640,640,3,1,JPEG,PNG,22.32,1.69,10373,0.025325
train,train/images/nail_train_002512.jpg,train/masks/nail_train_002512.png,640,640,3,1,JPEG,PNG,29.62,1.84,9098,0.022212
train,train/images/nail_train_002513.jpg,train/masks/nail_train_002513.png,640,640,3,1,JPEG,PNG,22.32,1.68,11222,0.027397
train,train/images/nail_train_002514.jpg,train/masks/nail_train_002514.png,640,640,3,1,JPEG,PNG,24.36,1.65,10348,0.025264
train,train/images/nail_train_002515.jpg,train/masks/nail_train_002515.png,640,640,3,1,JPEG,PNG,21.25,1.15,3633,0.00887
train,train/images/nail_train_002516.jpg,train/masks/nail_train_002516.png,640,640,3,1,JPEG,PNG,29.54,1.22,2595,0.006335
train,train/images/nail_train_002517.jpg,train/masks/nail_train_002517.png,640,640,3,1,JPEG,PNG,37.83,1.04,2591,0.006326
train,train/images/nail_train_002518.jpg,train/masks/nail_train_002518.png,640,640,3,1,JPEG,PNG,19.9,1.25,3626,0.008853
train,train/images/nail_train_002519.jpg,train/masks/nail_train_002519.png,640,640,3,1,JPEG,PNG,24.33,1.3,2724,0.00665
train,train/images/nail_train_002520.jpg,train/masks/nail_train_002520.png,640,640,3,1,JPEG,PNG,33.56,1.06,2705,0.006604
train,train/images/nail_train_002521.jpg,train/masks/nail_train_002521.png,640,640,3,1,JPEG,PNG,27.72,2.89,34294,0.083726
train,train/images/nail_train_002522.jpg,train/masks/nail_train_002522.png,640,640,3,1,JPEG,PNG,27.95,2.78,34325,0.083801
train,train/images/nail_train_002523.jpg,train/masks/nail_train_002523.png,640,640,3,1,JPEG,PNG,51.33,1.22,3874,0.009458
train,train/images/nail_train_002524.jpg,train/masks/nail_train_002524.png,640,640,3,1,JPEG,PNG,68.02,1.2,3883,0.00948
train,train/images/nail_train_002525.jpg,train/masks/nail_train_002525.png,640,640,3,1,JPEG,PNG,32.88,1.55,8357,0.020403
train,train/images/nail_train_002526.jpg,train/masks/nail_train_002526.png,640,640,3,1,JPEG,PNG,28.94,1.54,8400,0.020508
train,train/images/nail_train_002527.jpg,train/masks/nail_train_002527.png,640,640,3,1,JPEG,PNG,21.93,1.8,9907,0.024187
train,train/images/nail_train_002528.jpg,train/masks/nail_train_002528.png,640,640,3,1,JPEG,PNG,26.26,1.49,9909,0.024192
train,train/images/nail_train_002529.jpg,train/masks/nail_train_002529.png,640,640,3,1,JPEG,PNG,62.88,1.49,7328,0.017891
train,train/images/nail_train_002530.jpg,train/masks/nail_train_002530.png,640,640,3,1,JPEG,PNG,60.18,1.79,7340,0.01792
train,train/images/nail_train_002531.jpg,train/masks/nail_train_002531.png,640,640,3,1,JPEG,PNG,45.47,2.25,11778,0.028755
train,train/images/nail_train_002532.jpg,train/masks/nail_train_002532.png,640,640,3,1,JPEG,PNG,31.38,2.36,11851,0.028933
train,train/images/nail_train_002533.jpg,train/masks/nail_train_002533.png,640,640,3,1,JPEG,PNG,23.22,3.34,171215,0.418005
train,train/images/nail_train_002534.jpg,train/masks/nail_train_002534.png,640,640,3,1,JPEG,PNG,20.82,3.32,171016,0.41752
train,train/images/nail_train_002535.jpg,train/masks/nail_train_002535.png,640,640,3,1,JPEG,PNG,26.5,1.32,4656,0.011367
train,train/images/nail_train_002536.jpg,train/masks/nail_train_002536.png,640,640,3,1,JPEG,PNG,26.48,1.47,4629,0.011301
train,train/images/nail_train_002537.jpg,train/masks/nail_train_002537.png,640,640,3,1,JPEG,PNG,23.32,1.31,3935,0.009607
train,train/images/nail_train_002538.jpg,train/masks/nail_train_002538.png,640,640,3,1,JPEG,PNG,23.57,1.3,4026,0.009829
train,train/images/nail_train_002539.jpg,train/masks/nail_train_002539.png,640,640,3,1,JPEG,PNG,24.61,1.62,8026,0.019595
train,train/images/nail_train_002541.jpg,train/masks/nail_train_002541.png,640,640,3,1,JPEG,PNG,23.32,1.3,4038,0.009858
train,train/images/nail_train_002544.jpg,train/masks/nail_train_002544.png,640,640,3,1,JPEG,PNG,33.86,1.35,6554,0.016001
train,train/images/nail_train_002545.jpg,train/masks/nail_train_002545.png,640,640,3,1,JPEG,PNG,28.04,2.35,25464,0.062168
train,train/images/nail_train_002546.jpg,train/masks/nail_train_002546.png,640,640,3,1,JPEG,PNG,30.21,2.42,25396,0.062002
train,train/images/nail_train_002547.jpg,train/masks/nail_train_002547.png,640,640,3,1,JPEG,PNG,27.98,1.1,4925,0.012024
train,train/images/nail_train_002548.jpg,train/masks/nail_train_002548.png,640,640,3,1,JPEG,PNG,28.99,1.08,4930,0.012036
train,train/images/nail_train_002549.jpg,train/masks/nail_train_002549.png,640,640,3,1,JPEG,PNG,26.26,1.28,7099,0.017332
train,train/images/nail_train_002550.jpg,train/masks/nail_train_002550.png,640,640,3,1,JPEG,PNG,28.24,1.31,7072,0.017266
train,train/images/nail_train_002551.jpg,train/masks/nail_train_002551.png,640,640,3,1,JPEG,PNG,33.21,1.83,10649,0.025999
train,train/images/nail_train_002552.jpg,train/masks/nail_train_002552.png,640,640,3,1,JPEG,PNG,29.61,1.87,10686,0.026089
train,train/images/nail_train_002553.jpg,train/masks/nail_train_002553.png,640,640,3,1,JPEG,PNG,27.91,2.91,21082,0.05147
train,train/images/nail_train_002556.jpg,train/masks/nail_train_002556.png,640,640,3,1,JPEG,PNG,29.29,1.32,6174,0.015073
train,train/images/nail_train_002558.jpg,train/masks/nail_train_002558.png,640,640,3,1,JPEG,PNG,21.85,3.54,235508,0.574971
train,train/images/nail_train_002559.jpg,train/masks/nail_train_002559.png,640,640,3,1,JPEG,PNG,32.05,1.84,10589,0.025852
train,train/images/nail_train_002560.jpg,train/masks/nail_train_002560.png,640,640,3,1,JPEG,PNG,25.38,1.95,10570,0.025806
train,train/images/nail_train_002561.jpg,train/masks/nail_train_002561.png,640,640,3,1,JPEG,PNG,22.75,1.55,9396,0.022939
train,train/images/nail_train_002562.jpg,train/masks/nail_train_002562.png,640,640,3,1,JPEG,PNG,24.57,1.63,10017,0.024456
train,train/images/nail_train_002563.jpg,train/masks/nail_train_002563.png,640,640,3,1,JPEG,PNG,25.64,1.68,10073,0.024592
train,train/images/nail_train_002564.jpg,train/masks/nail_train_002564.png,640,640,3,1,JPEG,PNG,24.57,1.54,9376,0.022891
train,train/images/nail_train_002565.jpg,train/masks/nail_train_002565.png,640,640,3,1,JPEG,PNG,45.33,1.03,2404,0.005869
train,train/images/nail_train_002566.jpg,train/masks/nail_train_002566.png,640,640,3,1,JPEG,PNG,34.49,1.15,2402,0.005864
train,train/images/nail_train_002568.jpg,train/masks/nail_train_002568.png,640,640,3,1,JPEG,PNG,23.65,1.66,7754,0.018931
train,train/images/nail_train_002570.jpg,train/masks/nail_train_002570.png,640,640,3,1,JPEG,PNG,26.34,1.48,6029,0.014719
train,train/images/nail_train_002571.jpg,train/masks/nail_train_002571.png,640,640,3,1,JPEG,PNG,26.22,0.97,2214,0.005405
train,train/images/nail_train_002572.jpg,train/masks/nail_train_002572.png,640,640,3,1,JPEG,PNG,23.84,1.08,2205,0.005383
train,train/images/nail_train_002573.jpg,train/masks/nail_train_002573.png,640,640,3,1,JPEG,PNG,29.61,1.48,8597,0.020989
train,train/images/nail_train_002574.jpg,train/masks/nail_train_002574.png,640,640,3,1,JPEG,PNG,27.33,1.81,8642,0.021099
train,train/images/nail_train_002577.jpg,train/masks/nail_train_002577.png,640,640,3,1,JPEG,PNG,23.26,1.22,5237,0.012786
train,train/images/nail_train_002579.jpg,train/masks/nail_train_002579.png,640,640,3,1,JPEG,PNG,31.3,1.83,7640,0.018652
train,train/images/nail_train_002580.jpg,train/masks/nail_train_002580.png,640,640,3,1,JPEG,PNG,27.24,1.63,7694,0.018784
train,train/images/nail_train_002581.jpg,train/masks/nail_train_002581.png,640,640,3,1,JPEG,PNG,36.35,1.39,4030,0.009839
train,train/images/nail_train_002582.jpg,train/masks/nail_train_002582.png,640,640,3,1,JPEG,PNG,31.73,1.47,4051,0.00989
train,train/images/nail_train_002583.jpg,train/masks/nail_train_002583.png,640,640,3,1,JPEG,PNG,21.48,3.58,163573,0.399348
train,train/images/nail_train_002584.jpg,train/masks/nail_train_002584.png,640,640,3,1,JPEG,PNG,19.3,2.9,198221,0.483938
train,train/images/nail_train_002587.jpg,train/masks/nail_train_002587.png,640,640,3,1,JPEG,PNG,21.85,2.04,99607,0.243181
train,train/images/nail_train_002588.jpg,train/masks/nail_train_002588.png,640,640,3,1,JPEG,PNG,21.57,2.89,191682,0.467974
train,train/images/nail_train_002589.jpg,train/masks/nail_train_002589.png,640,640,3,1,JPEG,PNG,22.93,3.46,163793,0.399885
train,train/images/nail_train_002590.jpg,train/masks/nail_train_002590.png,640,640,3,1,JPEG,PNG,20.35,3.38,196495,0.479724
train,train/images/nail_train_002591.jpg,train/masks/nail_train_002591.png,640,640,3,1,JPEG,PNG,22.38,2.87,191502,0.467534
train,train/images/nail_train_002593.jpg,train/masks/nail_train_002593.png,640,640,3,1,JPEG,PNG,20.99,2.43,99362,0.242583
train,train/images/nail_train_002595.jpg,train/masks/nail_train_002595.png,640,640,3,1,JPEG,PNG,32.81,1.54,7579,0.018503
train,train/images/nail_train_002596.jpg,train/masks/nail_train_002596.png,640,640,3,1,JPEG,PNG,41,1.4,7575,0.018494
train,train/images/nail_train_002597.jpg,train/masks/nail_train_002597.png,640,640,3,1,JPEG,PNG,29.58,1.28,6255,0.015271
train,train/images/nail_train_002598.jpg,train/masks/nail_train_002598.png,640,640,3,1,JPEG,PNG,23.21,1.29,6226,0.0152
train,train/images/nail_train_002600.jpg,train/masks/nail_train_002600.png,640,640,3,1,JPEG,PNG,55.76,1.44,4981,0.012161
train,train/images/nail_train_002601.jpg,train/masks/nail_train_002601.png,640,640,3,1,JPEG,PNG,45.02,2,21063,0.051423
train,train/images/nail_train_002602.jpg,train/masks/nail_train_002602.png,640,640,3,1,JPEG,PNG,40.96,2.44,21142,0.051616
train,train/images/nail_train_002603.jpg,train/masks/nail_train_002603.png,640,640,3,1,JPEG,PNG,18.16,1.32,4252,0.010381
train,train/images/nail_train_002605.jpg,train/masks/nail_train_002605.png,640,640,3,1,JPEG,PNG,22.74,1.61,8685,0.021204
train,train/images/nail_train_002606.jpg,train/masks/nail_train_002606.png,640,640,3,1,JPEG,PNG,21.83,1.52,8693,0.021223
train,train/images/nail_train_002607.jpg,train/masks/nail_train_002607.png,640,640,3,1,JPEG,PNG,40.6,2.76,33624,0.08209
train,train/images/nail_train_002608.jpg,train/masks/nail_train_002608.png,640,640,3,1,JPEG,PNG,40.6,3.23,36838,0.089937
train,train/images/nail_train_002609.jpg,train/masks/nail_train_002609.png,640,640,3,1,JPEG,PNG,40.6,3.34,37964,0.092686
train,train/images/nail_train_002610.jpg,train/masks/nail_train_002610.png,640,640,3,1,JPEG,PNG,37.92,3.28,36625,0.089417
train,train/images/nail_train_002611.jpg,train/masks/nail_train_002611.png,640,640,3,1,JPEG,PNG,31.81,3.22,36613,0.089387
train,train/images/nail_train_002612.jpg,train/masks/nail_train_002612.png,640,640,3,1,JPEG,PNG,33.63,2.91,32931,0.080398
train,train/images/nail_train_002613.jpg,train/masks/nail_train_002613.png,640,640,3,1,JPEG,PNG,29.09,1.79,11075,0.027039
train,train/images/nail_train_002614.jpg,train/masks/nail_train_002614.png,640,640,3,1,JPEG,PNG,25.78,1.85,11075,0.027039
train,train/images/nail_train_002615.jpg,train/masks/nail_train_002615.png,640,640,3,1,JPEG,PNG,31.61,1.23,4049,0.009885
train,train/images/nail_train_002616.jpg,train/masks/nail_train_002616.png,640,640,3,1,JPEG,PNG,34.67,1.38,4080,0.009961
train,train/images/nail_train_002617.jpg,train/masks/nail_train_002617.png,640,640,3,1,JPEG,PNG,28.28,1.62,11451,0.027957
train,train/images/nail_train_002618.jpg,train/masks/nail_train_002618.png,640,640,3,1,JPEG,PNG,24.41,1.76,11447,0.027947
train,train/images/nail_train_002619.jpg,train/masks/nail_train_002619.png,640,640,3,1,JPEG,PNG,18.46,1.12,3670,0.00896
train,train/images/nail_train_002620.jpg,train/masks/nail_train_002620.png,640,640,3,1,JPEG,PNG,20.6,1.15,3676,0.008975
train,train/images/nail_train_002621.jpg,train/masks/nail_train_002621.png,640,640,3,1,JPEG,PNG,24.71,1.85,12651,0.030886
train,train/images/nail_train_002622.jpg,train/masks/nail_train_002622.png,640,640,3,1,JPEG,PNG,28.22,1.64,12624,0.03082
train,train/images/nail_train_002623.jpg,train/masks/nail_train_002623.png,640,640,3,1,JPEG,PNG,34.26,2.17,24443,0.059675
train,train/images/nail_train_002624.jpg,train/masks/nail_train_002624.png,640,640,3,1,JPEG,PNG,34.3,2.21,24641,0.060159
train,train/images/nail_train_002625.jpg,train/masks/nail_train_002625.png,640,640,3,1,JPEG,PNG,30.28,2.13,24303,0.059333
train,train/images/nail_train_002626.jpg,train/masks/nail_train_002626.png,640,640,3,1,JPEG,PNG,27.35,2.39,24658,0.0602
train,train/images/nail_train_002627.jpg,train/masks/nail_train_002627.png,640,640,3,1,JPEG,PNG,25.31,1.5,6413,0.015657
train,train/images/nail_train_002629.jpg,train/masks/nail_train_002629.png,640,640,3,1,JPEG,PNG,20.08,2.56,130145,0.317737
train,train/images/nail_train_002630.jpg,train/masks/nail_train_002630.png,640,640,3,1,JPEG,PNG,20.62,2.69,123134,0.30062
train,train/images/nail_train_002631.jpg,train/masks/nail_train_002631.png,640,640,3,1,JPEG,PNG,20.32,2.59,122546,0.299185
train,train/images/nail_train_002632.jpg,train/masks/nail_train_002632.png,640,640,3,1,JPEG,PNG,18.69,2.5,130506,0.318618
train,train/images/nail_train_002633.jpg,train/masks/nail_train_002633.png,640,640,3,1,JPEG,PNG,26.12,2.46,25120,0.061328
train,train/images/nail_train_002634.jpg,train/masks/nail_train_002634.png,640,640,3,1,JPEG,PNG,27.3,2.48,25030,0.061108
train,train/images/nail_train_002635.jpg,train/masks/nail_train_002635.png,640,640,3,1,JPEG,PNG,26,1.46,5259,0.012839
train,train/images/nail_train_002636.jpg,train/masks/nail_train_002636.png,640,640,3,1,JPEG,PNG,24.21,1.46,5258,0.012837
train,train/images/nail_train_002637.jpg,train/masks/nail_train_002637.png,640,640,3,1,JPEG,PNG,21.84,1.79,9590,0.023413
train,train/images/nail_train_002639.jpg,train/masks/nail_train_002639.png,640,640,3,1,JPEG,PNG,20.9,1.92,9819,0.023972
train,train/images/nail_train_002640.jpg,train/masks/nail_train_002640.png,640,640,3,1,JPEG,PNG,21.69,1.91,9838,0.024019
train,train/images/nail_train_002641.jpg,train/masks/nail_train_002641.png,640,640,3,1,JPEG,PNG,22.24,1.59,7980,0.019482
train,train/images/nail_train_002642.jpg,train/masks/nail_train_002642.png,640,640,3,1,JPEG,PNG,21.94,1.48,7982,0.019487
train,train/images/nail_train_002643.jpg,train/masks/nail_train_002643.png,640,640,3,1,JPEG,PNG,20.74,1.55,6496,0.015859
train,train/images/nail_train_002644.jpg,train/masks/nail_train_002644.png,640,640,3,1,JPEG,PNG,19.36,1.52,6548,0.015986
train,train/images/nail_train_002645.jpg,train/masks/nail_train_002645.png,640,640,3,1,JPEG,PNG,22.27,1.21,4663,0.011384
train,train/images/nail_train_002647.jpg,train/masks/nail_train_002647.png,640,640,3,1,JPEG,PNG,28.93,2.11,12882,0.03145
train,train/images/nail_train_002648.jpg,train/masks/nail_train_002648.png,640,640,3,1,JPEG,PNG,30.09,1.95,12860,0.031396
train,train/images/nail_train_002650.jpg,train/masks/nail_train_002650.png,640,640,3,1,JPEG,PNG,27.43,1.67,6531,0.015945
train,train/images/nail_train_002652.jpg,train/masks/nail_train_002652.png,640,640,3,1,JPEG,PNG,31.3,2,15406,0.037612
train,train/images/nail_train_002653.jpg,train/masks/nail_train_002653.png,640,640,3,1,JPEG,PNG,26.12,1.78,10269,0.025071
train,train/images/nail_train_002654.jpg,train/masks/nail_train_002654.png,640,640,3,1,JPEG,PNG,28.73,2,11149,0.027219
train,train/images/nail_train_002655.jpg,train/masks/nail_train_002655.png,640,640,3,1,JPEG,PNG,23.23,1.83,14916,0.036416
train,train/images/nail_train_002658.jpg,train/masks/nail_train_002658.png,640,640,3,1,JPEG,PNG,26.62,1.89,7870,0.019214
train,train/images/nail_train_002660.jpg,train/masks/nail_train_002660.png,640,640,3,1,JPEG,PNG,24.15,1.31,5527,0.013494
train,train/images/nail_train_002661.jpg,train/masks/nail_train_002661.png,640,640,3,1,JPEG,PNG,26.34,1.85,11346,0.0277
train,train/images/nail_train_002662.jpg,train/masks/nail_train_002662.png,640,640,3,1,JPEG,PNG,24.28,1.9,11323,0.027644
train,train/images/nail_train_002663.jpg,train/masks/nail_train_002663.png,640,640,3,1,JPEG,PNG,29.23,1.66,5513,0.013459
train,train/images/nail_train_002664.jpg,train/masks/nail_train_002664.png,640,640,3,1,JPEG,PNG,28.89,1.73,5515,0.013464
train,train/images/nail_train_002666.jpg,train/masks/nail_train_002666.png,640,640,3,1,JPEG,PNG,25.95,1.47,6568,0.016035
train,train/images/nail_train_002667.jpg,train/masks/nail_train_002667.png,640,640,3,1,JPEG,PNG,41.68,1.19,5334,0.013022
train,train/images/nail_train_002668.jpg,train/masks/nail_train_002668.png,640,640,3,1,JPEG,PNG,42.25,1.17,5324,0.012998
train,train/images/nail_train_002669.jpg,train/masks/nail_train_002669.png,640,640,3,1,JPEG,PNG,35.85,1.44,6495,0.015857
train,train/images/nail_train_002670.jpg,train/masks/nail_train_002670.png,640,640,3,1,JPEG,PNG,26.62,1.4,6479,0.015818
train,train/images/nail_train_002672.jpg,train/masks/nail_train_002672.png,640,640,3,1,JPEG,PNG,26.55,1.53,5517,0.013469
train,train/images/nail_train_002673.jpg,train/masks/nail_train_002673.png,640,640,3,1,JPEG,PNG,21.19,1.31,5247,0.01281
train,train/images/nail_train_002674.jpg,train/masks/nail_train_002674.png,640,640,3,1,JPEG,PNG,22,1.39,5246,0.012808
train,train/images/nail_train_002675.jpg,train/masks/nail_train_002675.png,640,640,3,1,JPEG,PNG,37.29,2.82,196040,0.478613
train,train/images/nail_train_002676.jpg,train/masks/nail_train_002676.png,640,640,3,1,JPEG,PNG,21.13,3.02,224239,0.547458
train,train/images/nail_train_002677.jpg,train/masks/nail_train_002677.png,640,640,3,1,JPEG,PNG,23.74,2.57,172425,0.420959
train,train/images/nail_train_002678.jpg,train/masks/nail_train_002678.png,640,640,3,1,JPEG,PNG,18.5,3.25,223648,0.546016
train,train/images/nail_train_002679.jpg,train/masks/nail_train_002679.png,640,640,3,1,JPEG,PNG,19.15,2.38,194366,0.474526
train,train/images/nail_train_002680.jpg,train/masks/nail_train_002680.png,640,640,3,1,JPEG,PNG,20.51,2.63,192470,0.469897
train,train/images/nail_train_002681.jpg,train/masks/nail_train_002681.png,640,640,3,1,JPEG,PNG,29.66,2.77,196214,0.479038
train,train/images/nail_train_002682.jpg,train/masks/nail_train_002682.png,640,640,3,1,JPEG,PNG,23.31,2.29,171775,0.419373
train,train/images/nail_train_002683.jpg,train/masks/nail_train_002683.png,640,640,3,1,JPEG,PNG,31.99,2.07,16452,0.040166
train,train/images/nail_train_002684.jpg,train/masks/nail_train_002684.png,640,640,3,1,JPEG,PNG,36.13,2.03,16490,0.040259
train,train/images/nail_train_002687.jpg,train/masks/nail_train_002687.png,640,640,3,1,JPEG,PNG,36.13,2.03,16490,0.040259
train,train/images/nail_train_002688.jpg,train/masks/nail_train_002688.png,640,640,3,1,JPEG,PNG,36.13,2.03,16490,0.040259
train,train/images/nail_train_002689.jpg,train/masks/nail_train_002689.png,640,640,3,1,JPEG,PNG,24.04,1.48,5211,0.012722
train,train/images/nail_train_002690.jpg,train/masks/nail_train_002690.png,640,640,3,1,JPEG,PNG,23.29,1.52,5140,0.012549
train,train/images/nail_train_002691.jpg,train/masks/nail_train_002691.png,640,640,3,1,JPEG,PNG,43.94,1.71,11360,0.027734
train,train/images/nail_train_002692.jpg,train/masks/nail_train_002692.png,640,640,3,1,JPEG,PNG,32.68,1.72,11304,0.027598
train,train/images/nail_train_002694.jpg,train/masks/nail_train_002694.png,640,640,3,1,JPEG,PNG,24.04,1.5,5250,0.012817
train,train/images/nail_train_002695.jpg,train/masks/nail_train_002695.png,640,640,3,1,JPEG,PNG,27.65,1.29,3663,0.008943
train,train/images/nail_train_002696.jpg,train/masks/nail_train_002696.png,640,640,3,1,JPEG,PNG,32.7,1.1,3640,0.008887
train,train/images/nail_train_002698.jpg,train/masks/nail_train_002698.png,640,640,3,1,JPEG,PNG,28.57,1.01,1840,0.004492
train,train/images/nail_train_002699.jpg,train/masks/nail_train_002699.png,640,640,3,1,JPEG,PNG,45.63,1.48,7564,0.018467
train,train/images/nail_train_002700.jpg,train/masks/nail_train_002700.png,640,640,3,1,JPEG,PNG,52.65,1.47,7542,0.018413
train,train/images/nail_train_002701.jpg,train/masks/nail_train_002701.png,640,640,3,1,JPEG,PNG,67.12,1.25,3402,0.008306
train,train/images/nail_train_002703.jpg,train/masks/nail_train_002703.png,640,640,3,1,JPEG,PNG,26.93,0.97,2127,0.005193
train,train/images/nail_train_002704.jpg,train/masks/nail_train_002704.png,640,640,3,1,JPEG,PNG,32.56,0.94,2138,0.00522
train,train/images/nail_train_002705.jpg,train/masks/nail_train_002705.png,640,640,3,1,JPEG,PNG,27.36,1.34,5185,0.012659
train,train/images/nail_train_002706.jpg,train/masks/nail_train_002706.png,640,640,3,1,JPEG,PNG,31.69,1.37,5179,0.012644
train,train/images/nail_train_002707.jpg,train/masks/nail_train_002707.png,640,640,3,1,JPEG,PNG,28.07,1.36,7456,0.018203
train,train/images/nail_train_002708.jpg,train/masks/nail_train_002708.png,640,640,3,1,JPEG,PNG,28.12,1.42,7424,0.018125
train,train/images/nail_train_002709.jpg,train/masks/nail_train_002709.png,640,640,3,1,JPEG,PNG,30.03,1.22,4931,0.012039
train,train/images/nail_train_002710.jpg,train/masks/nail_train_002710.png,640,640,3,1,JPEG,PNG,23.48,1.42,4886,0.011929
train,train/images/nail_train_002711.jpg,train/masks/nail_train_002711.png,640,640,3,1,JPEG,PNG,38.03,1.46,6314,0.015415
train,train/images/nail_train_002712.jpg,train/masks/nail_train_002712.png,640,640,3,1,JPEG,PNG,52.83,1.37,6329,0.015452
train,train/images/nail_train_002713.jpg,train/masks/nail_train_002713.png,640,640,3,1,JPEG,PNG,20.28,3.41,182944,0.446641
train,train/images/nail_train_002714.jpg,train/masks/nail_train_002714.png,640,640,3,1,JPEG,PNG,19.75,1.24,37872,0.092461
train,train/images/nail_train_002716.jpg,train/masks/nail_train_002716.png,640,640,3,1,JPEG,PNG,18.13,1.52,37883,0.092488
train,train/images/nail_train_002717.jpg,train/masks/nail_train_002717.png,640,640,3,1,JPEG,PNG,37.39,2.48,47460,0.115869
train,train/images/nail_train_002719.jpg,train/masks/nail_train_002719.png,640,640,3,1,JPEG,PNG,36.8,2.49,47553,0.116096
train,train/images/nail_train_002720.jpg,train/masks/nail_train_002720.png,640,640,3,1,JPEG,PNG,32.27,2.29,47442,0.115825
train,train/images/nail_train_002722.jpg,train/masks/nail_train_002722.png,640,640,3,1,JPEG,PNG,37.39,2.47,47437,0.115813
train,train/images/nail_train_002723.jpg,train/masks/nail_train_002723.png,640,640,3,1,JPEG,PNG,37.39,2.46,47357,0.115618
train,train/images/nail_train_002724.jpg,train/masks/nail_train_002724.png,640,640,3,1,JPEG,PNG,37.39,2.44,47349,0.115598
train,train/images/nail_train_002725.jpg,train/masks/nail_train_002725.png,640,640,3,1,JPEG,PNG,27.5,1.64,8327,0.02033
train,train/images/nail_train_002726.jpg,train/masks/nail_train_002726.png,640,640,3,1,JPEG,PNG,22.27,1.13,3212,0.007842
train,train/images/nail_train_002727.jpg,train/masks/nail_train_002727.png,640,640,3,1,JPEG,PNG,27.77,1.71,8365,0.020422
train,train/images/nail_train_002728.jpg,train/masks/nail_train_002728.png,640,640,3,1,JPEG,PNG,26.26,1.22,3202,0.007817
train,train/images/nail_train_002730.jpg,train/masks/nail_train_002730.png,640,640,3,1,JPEG,PNG,31.63,1.98,15361,0.037502
train,train/images/nail_train_002731.jpg,train/masks/nail_train_002731.png,640,640,3,1,JPEG,PNG,20.65,1.29,5504,0.013437
train,train/images/nail_train_002732.jpg,train/masks/nail_train_002732.png,640,640,3,1,JPEG,PNG,17.82,1.27,5466,0.013345
train,train/images/nail_train_002733.jpg,train/masks/nail_train_002733.png,640,640,3,1,JPEG,PNG,26.76,1.45,7292,0.017803
train,train/images/nail_train_002736.jpg,train/masks/nail_train_002736.png,640,640,3,1,JPEG,PNG,30.22,1.29,4974,0.012144
train,train/images/nail_train_002738.jpg,train/masks/nail_train_002738.png,640,640,3,1,JPEG,PNG,27.2,1.12,6353,0.01551
train,train/images/nail_train_002739.jpg,train/masks/nail_train_002739.png,640,640,3,1,JPEG,PNG,28.34,1.61,9172,0.022393
train,train/images/nail_train_002740.jpg,train/masks/nail_train_002740.png,640,640,3,1,JPEG,PNG,32.26,1.69,9129,0.022288
train,train/images/nail_train_002741.jpg,train/masks/nail_train_002741.png,640,640,3,1,JPEG,PNG,24.64,1.61,14314,0.034946
train,train/images/nail_train_002742.jpg,train/masks/nail_train_002742.png,640,640,3,1,JPEG,PNG,25.13,2.15,14322,0.034966
train,train/images/nail_train_002743.jpg,train/masks/nail_train_002743.png,640,640,3,1,JPEG,PNG,24.07,1.95,13129,0.032053
train,train/images/nail_train_002745.jpg,train/masks/nail_train_002745.png,640,640,3,1,JPEG,PNG,44.55,1.61,7372,0.017998
train,train/images/nail_train_002746.jpg,train/masks/nail_train_002746.png,640,640,3,1,JPEG,PNG,39.42,1.77,7399,0.018064
train,train/images/nail_train_002747.jpg,train/masks/nail_train_002747.png,640,640,3,1,JPEG,PNG,26.06,3.23,223650,0.546021
train,train/images/nail_train_002748.jpg,train/masks/nail_train_002748.png,640,640,3,1,JPEG,PNG,25.78,2.97,224550,0.548218
train,train/images/nail_train_002749.jpg,train/masks/nail_train_002749.png,640,640,3,1,JPEG,PNG,25.23,1.77,11004,0.026865
train,train/images/nail_train_002750.jpg,train/masks/nail_train_002750.png,640,640,3,1,JPEG,PNG,31.03,1.34,11048,0.026973
train,train/images/nail_train_002751.jpg,train/masks/nail_train_002751.png,640,640,3,1,JPEG,PNG,31.03,1.34,11048,0.026973
train,train/images/nail_train_002752.jpg,train/masks/nail_train_002752.png,640,640,3,1,JPEG,PNG,26.25,1.79,11056,0.026992
train,train/images/nail_train_002753.jpg,train/masks/nail_train_002753.png,640,640,3,1,JPEG,PNG,25.92,1.85,11004,0.026865
train,train/images/nail_train_002754.jpg,train/masks/nail_train_002754.png,640,640,3,1,JPEG,PNG,31.03,1.34,11048,0.026973
train,train/images/nail_train_002755.jpg,train/masks/nail_train_002755.png,640,640,3,1,JPEG,PNG,31.03,1.34,11048,0.026973
train,train/images/nail_train_002756.jpg,train/masks/nail_train_002756.png,640,640,3,1,JPEG,PNG,27.75,1.92,11049,0.026975
train,train/images/nail_train_002757.jpg,train/masks/nail_train_002757.png,640,640,3,1,JPEG,PNG,25.44,2.34,21979,0.05366
train,train/images/nail_train_002758.jpg,train/masks/nail_train_002758.png,640,640,3,1,JPEG,PNG,27.8,2.33,21951,0.053591
train,train/images/nail_train_002759.jpg,train/masks/nail_train_002759.png,640,640,3,1,JPEG,PNG,23.69,1.41,9730,0.023755
train,train/images/nail_train_002760.jpg,train/masks/nail_train_002760.png,640,640,3,1,JPEG,PNG,26.76,1.45,9735,0.023767
train,train/images/nail_train_002761.jpg,train/masks/nail_train_002761.png,640,640,3,1,JPEG,PNG,25.34,2.4,21713,0.05301
train,train/images/nail_train_002762.jpg,train/masks/nail_train_002762.png,640,640,3,1,JPEG,PNG,25.44,2.23,21684,0.052939
train,train/images/nail_train_002763.jpg,train/masks/nail_train_002763.png,640,640,3,1,JPEG,PNG,32.42,1.53,8592,0.020977
train,train/images/nail_train_002764.jpg,train/masks/nail_train_002764.png,640,640,3,1,JPEG,PNG,29.89,1.88,8572,0.020928
train,train/images/nail_train_002766.jpg,train/masks/nail_train_002766.png,640,640,3,1,JPEG,PNG,49.36,1.31,5054,0.012339
train,train/images/nail_train_002767.jpg,train/masks/nail_train_002767.png,640,640,3,1,JPEG,PNG,28.08,1.5,4620,0.011279
train,train/images/nail_train_002768.jpg,train/masks/nail_train_002768.png,640,640,3,1,JPEG,PNG,25.56,1.35,4607,0.011248
train,train/images/nail_train_002769.jpg,train/masks/nail_train_002769.png,640,640,3,1,JPEG,PNG,24.1,1.09,2763,0.006746
train,train/images/nail_train_002770.jpg,train/masks/nail_train_002770.png,640,640,3,1,JPEG,PNG,24.59,1.19,2737,0.006682
train,train/images/nail_train_002772.jpg,train/masks/nail_train_002772.png,640,640,3,1,JPEG,PNG,19.02,0.74,843,0.002058
train,train/images/nail_train_002773.jpg,train/masks/nail_train_002773.png,640,640,3,1,JPEG,PNG,37.25,2.45,16791,0.040994
train,train/images/nail_train_002774.jpg,train/masks/nail_train_002774.png,640,640,3,1,JPEG,PNG,63.53,2.03,16797,0.041008
train,train/images/nail_train_002775.jpg,train/masks/nail_train_002775.png,640,640,3,1,JPEG,PNG,27.37,1.55,7561,0.018459
train,train/images/nail_train_002777.jpg,train/masks/nail_train_002777.png,640,640,3,1,JPEG,PNG,49.72,1.41,5983,0.014607
train,train/images/nail_train_002778.jpg,train/masks/nail_train_002778.png,640,640,3,1,JPEG,PNG,42.44,1.46,5235,0.012781
train,train/images/nail_train_002779.jpg,train/masks/nail_train_002779.png,640,640,3,1,JPEG,PNG,30.54,1.33,5501,0.01343
train,train/images/nail_train_002780.jpg,train/masks/nail_train_002780.png,640,640,3,1,JPEG,PNG,34.19,1.45,5528,0.013496
train,train/images/nail_train_002781.jpg,train/masks/nail_train_002781.png,640,640,3,1,JPEG,PNG,24.78,1.16,4677,0.011418
train,train/images/nail_train_002782.jpg,train/masks/nail_train_002782.png,640,640,3,1,JPEG,PNG,26.61,1.18,4730,0.011548
train,train/images/nail_train_002783.jpg,train/masks/nail_train_002783.png,640,640,3,1,JPEG,PNG,23.1,1.82,7132,0.017412
train,train/images/nail_train_002784.jpg,train/masks/nail_train_002784.png,640,640,3,1,JPEG,PNG,23.26,1.81,6866,0.016763
train,train/images/nail_train_002787.jpg,train/masks/nail_train_002787.png,640,640,3,1,JPEG,PNG,28.72,2.89,41894,0.10228
train,train/images/nail_train_002788.jpg,train/masks/nail_train_002788.png,640,640,3,1,JPEG,PNG,40.71,1.46,6658,0.016255
train,train/images/nail_train_002790.jpg,train/masks/nail_train_002790.png,640,640,3,1,JPEG,PNG,40.71,1.45,6664,0.01627
train,train/images/nail_train_002791.jpg,train/masks/nail_train_002791.png,640,640,3,1,JPEG,PNG,34.29,1.41,6657,0.016252
train,train/images/nail_train_002792.jpg,train/masks/nail_train_002792.png,640,640,3,1,JPEG,PNG,27.26,1.38,6642,0.016216
train,train/images/nail_train_002793.jpg,train/masks/nail_train_002793.png,640,640,3,1,JPEG,PNG,40.71,1.46,6658,0.016255
train,train/images/nail_train_002794.jpg,train/masks/nail_train_002794.png,640,640,3,1,JPEG,PNG,32.9,3.2,45224,0.11041
train,train/images/nail_train_002795.jpg,train/masks/nail_train_002795.png,640,640,3,1,JPEG,PNG,25.8,1.38,4290,0.010474
train,train/images/nail_train_002796.jpg,train/masks/nail_train_002796.png,640,640,3,1,JPEG,PNG,25.8,1.34,4407,0.010759
train,train/images/nail_train_002797.jpg,train/masks/nail_train_002797.png,640,640,3,1,JPEG,PNG,26.66,1.34,4297,0.010491
train,train/images/nail_train_002798.jpg,train/masks/nail_train_002798.png,640,640,3,1,JPEG,PNG,25.19,1.36,4414,0.010776
train,train/images/nail_train_002799.jpg,train/masks/nail_train_002799.png,640,640,3,1,JPEG,PNG,24.61,1.48,10163,0.024812
train,train/images/nail_train_002800.jpg,train/masks/nail_train_002800.png,640,640,3,1,JPEG,PNG,22.75,1.71,10121,0.024709
train,train/images/nail_train_002802.jpg,train/masks/nail_train_002802.png,640,640,3,1,JPEG,PNG,51.86,1.75,8232,0.020098
train,train/images/nail_train_002803.jpg,train/masks/nail_train_002803.png,640,640,3,1,JPEG,PNG,23.49,1.03,4781,0.011672
train,train/images/nail_train_002804.jpg,train/masks/nail_train_002804.png,640,640,3,1,JPEG,PNG,24.02,1.02,4776,0.01166
train,train/images/nail_train_002805.jpg,train/masks/nail_train_002805.png,640,640,3,1,JPEG,PNG,34.94,1.24,4719,0.011521
train,train/images/nail_train_002806.jpg,train/masks/nail_train_002806.png,640,640,3,1,JPEG,PNG,33.16,1.34,4697,0.011467
train,train/images/nail_train_002807.jpg,train/masks/nail_train_002807.png,640,640,3,1,JPEG,PNG,25.32,1.63,10226,0.024966
train,train/images/nail_train_002808.jpg,train/masks/nail_train_002808.png,640,640,3,1,JPEG,PNG,27.68,1.53,10248,0.02502
train,train/images/nail_train_002810.jpg,train/masks/nail_train_002810.png,640,640,3,1,JPEG,PNG,21.87,3.41,252147,0.615593
train,train/images/nail_train_002811.jpg,train/masks/nail_train_002811.png,640,640,3,1,JPEG,PNG,32.87,2.6,27659,0.067527
train,train/images/nail_train_002812.jpg,train/masks/nail_train_002812.png,640,640,3,1,JPEG,PNG,32.46,2.32,27650,0.067505
train,train/images/nail_train_002813.jpg,train/masks/nail_train_002813.png,640,640,3,1,JPEG,PNG,30.88,2.47,27750,0.067749
train,train/images/nail_train_002814.jpg,train/masks/nail_train_002814.png,640,640,3,1,JPEG,PNG,32.87,2.6,27659,0.067527
train,train/images/nail_train_002815.jpg,train/masks/nail_train_002815.png,640,640,3,1,JPEG,PNG,32.87,2.6,27659,0.067527
train,train/images/nail_train_002816.jpg,train/masks/nail_train_002816.png,640,640,3,1,JPEG,PNG,29.66,2.32,27657,0.067522
train,train/images/nail_train_002817.jpg,train/masks/nail_train_002817.png,640,640,3,1,JPEG,PNG,32.87,2.6,27659,0.067527
train,train/images/nail_train_002819.jpg,train/masks/nail_train_002819.png,640,640,3,1,JPEG,PNG,31.97,2.55,27560,0.067285
train,train/images/nail_train_002821.jpg,train/masks/nail_train_002821.png,640,640,3,1,JPEG,PNG,22.77,1.25,2932,0.007158
train,train/images/nail_train_002822.jpg,train/masks/nail_train_002822.png,640,640,3,1,JPEG,PNG,22.57,1.24,2955,0.007214
train,train/images/nail_train_002823.jpg,train/masks/nail_train_002823.png,640,640,3,1,JPEG,PNG,22.57,1.23,2682,0.006548
train,train/images/nail_train_002824.jpg,train/masks/nail_train_002824.png,640,640,3,1,JPEG,PNG,18.32,1.34,5741,0.014016
train,train/images/nail_train_002825.jpg,train/masks/nail_train_002825.png,640,640,3,1,JPEG,PNG,22.65,1.28,5759,0.01406
train,train/images/nail_train_002826.jpg,train/masks/nail_train_002826.png,640,640,3,1,JPEG,PNG,20.84,1.1,2685,0.006555
train,train/images/nail_train_002827.jpg,train/masks/nail_train_002827.png,640,640,3,1,JPEG,PNG,20.49,2.21,104227,0.25446
train,train/images/nail_train_002828.jpg,train/masks/nail_train_002828.png,640,640,3,1,JPEG,PNG,29.42,2.52,166568,0.40666
train,train/images/nail_train_002829.jpg,train/masks/nail_train_002829.png,640,640,3,1,JPEG,PNG,25.51,2.35,113635,0.277429
train,train/images/nail_train_002830.jpg,train/masks/nail_train_002830.png,640,640,3,1,JPEG,PNG,24.04,3.02,113588,0.277314
train,train/images/nail_train_002831.jpg,train/masks/nail_train_002831.png,640,640,3,1,JPEG,PNG,23.56,2.79,166183,0.40572
train,train/images/nail_train_002832.jpg,train/masks/nail_train_002832.png,640,640,3,1,JPEG,PNG,21.71,2.53,148368,0.362227
train,train/images/nail_train_002833.jpg,train/masks/nail_train_002833.png,640,640,3,1,JPEG,PNG,27.18,3.36,193523,0.472468
train,train/images/nail_train_002834.jpg,train/masks/nail_train_002834.png,640,640,3,1,JPEG,PNG,26.78,3,193160,0.471582
train,train/images/nail_train_002835.jpg,train/masks/nail_train_002835.png,640,640,3,1,JPEG,PNG,20.71,3.07,147853,0.360969
train,train/images/nail_train_002836.jpg,train/masks/nail_train_002836.png,640,640,3,1,JPEG,PNG,20.23,2.39,103777,0.253362
train,train/images/nail_train_002837.jpg,train/masks/nail_train_002837.png,640,640,3,1,JPEG,PNG,30.16,2.24,8249,0.020139
train,train/images/nail_train_002838.jpg,train/masks/nail_train_002838.png,640,640,3,1,JPEG,PNG,23.2,1.97,8108,0.019795
train,train/images/nail_train_002839.jpg,train/masks/nail_train_002839.png,640,640,3,1,JPEG,PNG,26.28,1.24,3152,0.007695
train,train/images/nail_train_002840.jpg,train/masks/nail_train_002840.png,640,640,3,1,JPEG,PNG,26.13,1.37,2971,0.007253
train,train/images/nail_train_002841.jpg,train/masks/nail_train_002841.png,640,640,3,1,JPEG,PNG,24.36,1.31,2968,0.007246
train,train/images/nail_train_002842.jpg,train/masks/nail_train_002842.png,640,640,3,1,JPEG,PNG,24.36,1.3,3142,0.007671
train,train/images/nail_train_002843.jpg,train/masks/nail_train_002843.png,640,640,3,1,JPEG,PNG,41.87,1.66,9323,0.022761
train,train/images/nail_train_002844.jpg,train/masks/nail_train_002844.png,640,640,3,1,JPEG,PNG,37.63,1.6,9331,0.022781
train,train/images/nail_train_002846.jpg,train/masks/nail_train_002846.png,640,640,3,1,JPEG,PNG,28.89,0.65,850,0.002075
train,train/images/nail_train_002848.jpg,train/masks/nail_train_002848.png,640,640,3,1,JPEG,PNG,43.01,0.92,2698,0.006587
train,train/images/nail_train_002849.jpg,train/masks/nail_train_002849.png,640,640,3,1,JPEG,PNG,41.12,1.99,7074,0.017271
train,train/images/nail_train_002851.jpg,train/masks/nail_train_002851.png,640,640,3,1,JPEG,PNG,45.27,1.22,3547,0.00866
train,train/images/nail_train_002852.jpg,train/masks/nail_train_002852.png,640,640,3,1,JPEG,PNG,41.23,1,2514,0.006138
train,train/images/nail_train_002854.jpg,train/masks/nail_train_002854.png,640,640,3,1,JPEG,PNG,42.95,3.55,28592,0.069805
train,train/images/nail_train_002855.jpg,train/masks/nail_train_002855.png,640,640,3,1,JPEG,PNG,89.22,1.28,10216,0.024941
train,train/images/nail_train_002856.jpg,train/masks/nail_train_002856.png,640,640,3,1,JPEG,PNG,75.27,1.61,10244,0.02501
train,train/images/nail_train_002858.jpg,train/masks/nail_train_002858.png,640,640,3,1,JPEG,PNG,29.43,1.26,5500,0.013428
train,train/images/nail_train_002859.jpg,train/masks/nail_train_002859.png,640,640,3,1,JPEG,PNG,33.49,1.81,9202,0.022466
train,train/images/nail_train_002860.jpg,train/masks/nail_train_002860.png,640,640,3,1,JPEG,PNG,35.09,1.54,9213,0.022493
train,train/images/nail_train_002861.jpg,train/masks/nail_train_002861.png,640,640,3,1,JPEG,PNG,24.76,1.56,7537,0.018401
train,train/images/nail_train_002862.jpg,train/masks/nail_train_002862.png,640,640,3,1,JPEG,PNG,25.88,1.57,7560,0.018457
train,train/images/nail_train_002863.jpg,train/masks/nail_train_002863.png,640,640,3,1,JPEG,PNG,23.3,1.1,2406,0.005874
train,train/images/nail_train_002864.jpg,train/masks/nail_train_002864.png,640,640,3,1,JPEG,PNG,21.9,1.09,2418,0.005903
train,train/images/nail_train_002865.jpg,train/masks/nail_train_002865.png,640,640,3,1,JPEG,PNG,25.32,2.27,36336,0.088711
train,train/images/nail_train_002866.jpg,train/masks/nail_train_002866.png,640,640,3,1,JPEG,PNG,25.45,2.43,36336,0.088711
train,train/images/nail_train_002867.jpg,train/masks/nail_train_002867.png,640,640,3,1,JPEG,PNG,32.28,1.6,7982,0.019487
train,train/images/nail_train_002868.jpg,train/masks/nail_train_002868.png,640,640,3,1,JPEG,PNG,36.25,1.66,7980,0.019482
train,train/images/nail_train_002869.jpg,train/masks/nail_train_002869.png,640,640,3,1,JPEG,PNG,22.35,2.46,130044,0.31749
train,train/images/nail_train_002870.jpg,train/masks/nail_train_002870.png,640,640,3,1,JPEG,PNG,17.24,2.96,135302,0.330327
train,train/images/nail_train_002872.jpg,train/masks/nail_train_002872.png,640,640,3,1,JPEG,PNG,19.93,2.33,130041,0.317483
train,train/images/nail_train_002873.jpg,train/masks/nail_train_002873.png,640,640,3,1,JPEG,PNG,26.69,1.93,11341,0.027688
train,train/images/nail_train_002875.jpg,train/masks/nail_train_002875.png,640,640,3,1,JPEG,PNG,25.36,1.79,11009,0.026877
train,train/images/nail_train_002876.jpg,train/masks/nail_train_002876.png,640,640,3,1,JPEG,PNG,28.02,1.8,11029,0.026926
train,train/images/nail_train_002877.jpg,train/masks/nail_train_002877.png,640,640,3,1,JPEG,PNG,27.63,2.02,24301,0.059329
train,train/images/nail_train_002878.jpg,train/masks/nail_train_002878.png,640,640,3,1,JPEG,PNG,29.29,1.92,24329,0.059397
train,train/images/nail_train_002879.jpg,train/masks/nail_train_002879.png,640,640,3,1,JPEG,PNG,24.11,1.76,10358,0.025288
train,train/images/nail_train_002880.jpg,train/masks/nail_train_002880.png,640,640,3,1,JPEG,PNG,23.05,1.86,10374,0.025327
train,train/images/nail_train_002881.jpg,train/masks/nail_train_002881.png,640,640,3,1,JPEG,PNG,37.87,1.33,4468,0.010908
train,train/images/nail_train_002882.jpg,train/masks/nail_train_002882.png,640,640,3,1,JPEG,PNG,55.76,1.29,4712,0.011504
train,train/images/nail_train_002883.jpg,train/masks/nail_train_002883.png,640,640,3,1,JPEG,PNG,20.78,0.47,0,0
train,train/images/nail_train_002885.jpg,train/masks/nail_train_002885.png,640,640,3,1,JPEG,PNG,22.69,1.53,8223,0.020076
train,train/images/nail_train_002886.jpg,train/masks/nail_train_002886.png,640,640,3,1,JPEG,PNG,25.78,1.44,8216,0.020059
train,train/images/nail_train_002887.jpg,train/masks/nail_train_002887.png,640,640,3,1,JPEG,PNG,28.42,1.72,11152,0.027227
train,train/images/nail_train_002888.jpg,train/masks/nail_train_002888.png,640,640,3,1,JPEG,PNG,33.11,1.69,11190,0.027319
train,train/images/nail_train_002889.jpg,train/masks/nail_train_002889.png,640,640,3,1,JPEG,PNG,52.99,1.71,10516,0.025674
train,train/images/nail_train_002890.jpg,train/masks/nail_train_002890.png,640,640,3,1,JPEG,PNG,43.97,1.74,10482,0.025591
train,train/images/nail_train_002892.jpg,train/masks/nail_train_002892.png,640,640,3,1,JPEG,PNG,19.46,2.62,249973,0.610286
train,train/images/nail_train_002894.jpg,train/masks/nail_train_002894.png,640,640,3,1,JPEG,PNG,25.75,1.11,2841,0.006936
train,train/images/nail_train_002895.jpg,train/masks/nail_train_002895.png,640,640,3,1,JPEG,PNG,21.81,1.52,6319,0.015427
train,train/images/nail_train_002896.jpg,train/masks/nail_train_002896.png,640,640,3,1,JPEG,PNG,24.18,1.56,6020,0.014697
train,train/images/nail_train_002899.jpg,train/masks/nail_train_002899.png,640,640,3,1,JPEG,PNG,30.78,1.35,10375,0.02533
train,train/images/nail_train_002900.jpg,train/masks/nail_train_002900.png,640,640,3,1,JPEG,PNG,29.04,1.33,10311,0.025173
train,train/images/nail_train_002901.jpg,train/masks/nail_train_002901.png,640,640,3,1,JPEG,PNG,30.78,1.37,10814,0.026401
train,train/images/nail_train_002902.jpg,train/masks/nail_train_002902.png,640,640,3,1,JPEG,PNG,29.53,1.5,10765,0.026282
train,train/images/nail_train_002903.jpg,train/masks/nail_train_002903.png,640,640,3,1,JPEG,PNG,20.61,1.8,10399,0.025388
train,train/images/nail_train_002904.jpg,train/masks/nail_train_002904.png,640,640,3,1,JPEG,PNG,30.79,1.33,10358,0.025288
train,train/images/nail_train_002905.jpg,train/masks/nail_train_002905.png,640,640,3,1,JPEG,PNG,19.4,1.36,3766,0.009194
train,train/images/nail_train_002907.jpg,train/masks/nail_train_002907.png,640,640,3,1,JPEG,PNG,26.58,1.43,5024,0.012266
train,train/images/nail_train_002910.jpg,train/masks/nail_train_002910.png,640,640,3,1,JPEG,PNG,24.2,1.34,5597,0.013665
train,train/images/nail_train_002911.jpg,train/masks/nail_train_002911.png,640,640,3,1,JPEG,PNG,23.42,1.1,2575,0.006287
train,train/images/nail_train_002912.jpg,train/masks/nail_train_002912.png,640,640,3,1,JPEG,PNG,26.12,1.08,2576,0.006289
train,train/images/nail_train_002915.jpg,train/masks/nail_train_002915.png,640,640,3,1,JPEG,PNG,28.01,1.2,4097,0.010002
train,train/images/nail_train_002917.jpg,train/masks/nail_train_002917.png,640,640,3,1,JPEG,PNG,23.03,1.2,3200,0.007812
train,train/images/nail_train_002918.jpg,train/masks/nail_train_002918.png,640,640,3,1,JPEG,PNG,27.01,1.24,3208,0.007832
train,train/images/nail_train_002919.jpg,train/masks/nail_train_002919.png,640,640,3,1,JPEG,PNG,47.14,1.47,6630,0.016187
train,train/images/nail_train_002920.jpg,train/masks/nail_train_002920.png,640,640,3,1,JPEG,PNG,51.25,1.36,6399,0.015623
train,train/images/nail_train_002921.jpg,train/masks/nail_train_002921.png,640,640,3,1,JPEG,PNG,46.83,1.4,6394,0.01561
train,train/images/nail_train_002922.jpg,train/masks/nail_train_002922.png,640,640,3,1,JPEG,PNG,51.25,1.39,6631,0.016189
train,train/images/nail_train_002923.jpg,train/masks/nail_train_002923.png,640,640,3,1,JPEG,PNG,43.27,1.36,8389,0.020481
train,train/images/nail_train_002924.jpg,train/masks/nail_train_002924.png,640,640,3,1,JPEG,PNG,28.51,1.14,3031,0.0074
train,train/images/nail_train_002925.jpg,train/masks/nail_train_002925.png,640,640,3,1,JPEG,PNG,27.61,1.07,3023,0.00738
train,train/images/nail_train_002926.jpg,train/masks/nail_train_002926.png,640,640,3,1,JPEG,PNG,33.53,1.29,8478,0.020698
train,train/images/nail_train_002927.jpg,train/masks/nail_train_002927.png,640,640,3,1,JPEG,PNG,23.85,1.19,3767,0.009197
train,train/images/nail_train_002928.jpg,train/masks/nail_train_002928.png,640,640,3,1,JPEG,PNG,16.27,1.21,3718,0.009077
train,train/images/nail_train_002929.jpg,train/masks/nail_train_002929.png,640,640,3,1,JPEG,PNG,17.76,0.86,3047,0.007439
train,train/images/nail_train_002930.jpg,train/masks/nail_train_002930.png,640,640,3,1,JPEG,PNG,18.6,0.87,3035,0.00741
train,train/images/nail_train_002933.jpg,train/masks/nail_train_002933.png,640,640,3,1,JPEG,PNG,31.65,1.08,3720,0.009082
train,train/images/nail_train_002934.jpg,train/masks/nail_train_002934.png,640,640,3,1,JPEG,PNG,22.05,1.4,4999,0.012205
train,train/images/nail_train_002935.jpg,train/masks/nail_train_002935.png,640,640,3,1,JPEG,PNG,22.81,1.54,4972,0.012139
train,train/images/nail_train_002936.jpg,train/masks/nail_train_002936.png,640,640,3,1,JPEG,PNG,34.53,1.1,3709,0.009055
train,train/images/nail_train_002937.jpg,train/masks/nail_train_002937.png,640,640,3,1,JPEG,PNG,23.77,1.06,2534,0.006187
train,train/images/nail_train_002938.jpg,train/masks/nail_train_002938.png,640,640,3,1,JPEG,PNG,21.78,1.84,14205,0.03468
train,train/images/nail_train_002940.jpg,train/masks/nail_train_002940.png,640,640,3,1,JPEG,PNG,23.18,1.92,14250,0.03479
train,train/images/nail_train_002941.jpg,train/masks/nail_train_002941.png,640,640,3,1,JPEG,PNG,45.07,1.68,6780,0.016553
train,train/images/nail_train_002942.jpg,train/masks/nail_train_002942.png,640,640,3,1,JPEG,PNG,51.46,1.41,6792,0.016582
train,train/images/nail_train_002943.jpg,train/masks/nail_train_002943.png,640,640,3,1,JPEG,PNG,25.31,1.39,6281,0.015334
train,train/images/nail_train_002944.jpg,train/masks/nail_train_002944.png,640,640,3,1,JPEG,PNG,25.58,1.36,6136,0.01498
train,train/images/nail_train_002945.jpg,train/masks/nail_train_002945.png,640,640,3,1,JPEG,PNG,24.11,1.51,6266,0.015298
train,train/images/nail_train_002946.jpg,train/masks/nail_train_002946.png,640,640,3,1,JPEG,PNG,33.45,1.34,4352,0.010625
train,train/images/nail_train_002947.jpg,train/masks/nail_train_002947.png,640,640,3,1,JPEG,PNG,30.36,1.42,4359,0.010642
train,train/images/nail_train_002948.jpg,train/masks/nail_train_002948.png,640,640,3,1,JPEG,PNG,24.11,1.49,6149,0.015012
train,train/images/nail_train_002949.jpg,train/masks/nail_train_002949.png,640,640,3,1,JPEG,PNG,23.48,1.01,1779,0.004343
train,train/images/nail_train_002951.jpg,train/masks/nail_train_002951.png,640,640,3,1,JPEG,PNG,23.96,1.14,2912,0.007109
train,train/images/nail_train_002952.jpg,train/masks/nail_train_002952.png,640,640,3,1,JPEG,PNG,23.4,1.07,2936,0.007168
train,train/images/nail_train_002953.jpg,train/masks/nail_train_002953.png,640,640,3,1,JPEG,PNG,22.67,1.11,3681,0.008987
train,train/images/nail_train_002954.jpg,train/masks/nail_train_002954.png,640,640,3,1,JPEG,PNG,26.39,1.2,4541,0.011086
train,train/images/nail_train_002955.jpg,train/masks/nail_train_002955.png,640,640,3,1,JPEG,PNG,21.7,0.96,3681,0.008987
train,train/images/nail_train_002956.jpg,train/masks/nail_train_002956.png,640,640,3,1,JPEG,PNG,24.44,1.27,4544,0.011094
train,train/images/nail_train_002957.jpg,train/masks/nail_train_002957.png,640,640,3,1,JPEG,PNG,26.38,1.73,10617,0.02592
train,train/images/nail_train_002960.jpg,train/masks/nail_train_002960.png,640,640,3,1,JPEG,PNG,29.22,1.75,10549,0.025754
train,train/images/nail_train_002961.jpg,train/masks/nail_train_002961.png,640,640,3,1,JPEG,PNG,36.97,1.52,5852,0.014287
train,train/images/nail_train_002962.jpg,train/masks/nail_train_002962.png,640,640,3,1,JPEG,PNG,25.77,0.99,2957,0.007219
train,train/images/nail_train_002964.jpg,train/masks/nail_train_002964.png,640,640,3,1,JPEG,PNG,33.54,1.59,5870,0.014331
train,train/images/nail_train_002965.jpg,train/masks/nail_train_002965.png,640,640,3,1,JPEG,PNG,56.34,0.89,4665,0.011389
train,train/images/nail_train_002966.jpg,train/masks/nail_train_002966.png,640,640,3,1,JPEG,PNG,63.33,0.97,4659,0.011375
train,train/images/nail_train_002967.jpg,train/masks/nail_train_002967.png,640,640,3,1,JPEG,PNG,42.36,1.15,4447,0.010857
train,train/images/nail_train_002968.jpg,train/masks/nail_train_002968.png,640,640,3,1,JPEG,PNG,39.34,1.52,9709,0.023704
train,train/images/nail_train_002969.jpg,train/masks/nail_train_002969.png,640,640,3,1,JPEG,PNG,38.45,0.96,4456,0.010879
train,train/images/nail_train_002971.jpg,train/masks/nail_train_002971.png,640,640,3,1,JPEG,PNG,45.7,1.65,15282,0.03731
train,train/images/nail_train_002972.jpg,train/masks/nail_train_002972.png,640,640,3,1,JPEG,PNG,24.68,1.11,2859,0.00698
train,train/images/nail_train_002973.jpg,train/masks/nail_train_002973.png,640,640,3,1,JPEG,PNG,35.68,1.79,15272,0.037285
train,train/images/nail_train_002974.jpg,train/masks/nail_train_002974.png,640,640,3,1,JPEG,PNG,26.14,1.01,2865,0.006995
train,train/images/nail_train_002975.jpg,train/masks/nail_train_002975.png,640,640,3,1,JPEG,PNG,25.66,2.27,21766,0.05314
train,train/images/nail_train_002976.jpg,train/masks/nail_train_002976.png,640,640,3,1,JPEG,PNG,24.73,2.13,21737,0.053069
train,train/images/nail_train_002977.jpg,train/masks/nail_train_002977.png,640,640,3,1,JPEG,PNG,30.96,1.03,2875,0.007019
train,train/images/nail_train_002978.jpg,train/masks/nail_train_002978.png,640,640,3,1,JPEG,PNG,30.6,1.02,2873,0.007014
train,train/images/nail_train_002979.jpg,train/masks/nail_train_002979.png,640,640,3,1,JPEG,PNG,30.8,2.17,11785,0.028772
train,train/images/nail_train_002980.jpg,train/masks/nail_train_002980.png,640,640,3,1,JPEG,PNG,33.88,1.33,4164,0.010166
train,train/images/nail_train_002981.jpg,train/masks/nail_train_002981.png,640,640,3,1,JPEG,PNG,31.04,1.59,11836,0.028896
train,train/images/nail_train_002982.jpg,train/masks/nail_train_002982.png,640,640,3,1,JPEG,PNG,40.24,1.17,4126,0.010073
train,train/images/nail_train_002983.jpg,train/masks/nail_train_002983.png,640,640,3,1,JPEG,PNG,18.03,1.02,2266,0.005532
train,train/images/nail_train_002984.jpg,train/masks/nail_train_002984.png,640,640,3,1,JPEG,PNG,28.09,1.04,3992,0.009746
train,train/images/nail_train_002985.jpg,train/masks/nail_train_002985.png,640,640,3,1,JPEG,PNG,29.07,1.21,3980,0.009717
train,train/images/nail_train_002986.jpg,train/masks/nail_train_002986.png,640,640,3,1,JPEG,PNG,17.39,1.06,2253,0.0055
train,train/images/nail_train_002987.jpg,train/masks/nail_train_002987.png,640,640,3,1,JPEG,PNG,26.15,1.54,7747,0.018914
train,train/images/nail_train_002988.jpg,train/masks/nail_train_002988.png,640,640,3,1,JPEG,PNG,23.74,1.11,3140,0.007666
train,train/images/nail_train_002989.jpg,train/masks/nail_train_002989.png,640,640,3,1,JPEG,PNG,23.27,1.09,3134,0.007651
train,train/images/nail_train_002990.jpg,train/masks/nail_train_002990.png,640,640,3,1,JPEG,PNG,26.19,1.7,7749,0.018918
train,train/images/nail_train_002992.jpg,train/masks/nail_train_002992.png,640,640,3,1,JPEG,PNG,22.29,3.22,206831,0.504958
train,train/images/nail_train_002993.jpg,train/masks/nail_train_002993.png,640,640,3,1,JPEG,PNG,23.87,3.08,247707,0.604753
train,train/images/nail_train_002994.jpg,train/masks/nail_train_002994.png,640,640,3,1,JPEG,PNG,23.69,3.44,247274,0.603696
train,train/images/nail_train_002995.jpg,train/masks/nail_train_002995.png,640,640,3,1,JPEG,PNG,41.39,3.35,37042,0.090435
train,train/images/nail_train_002996.jpg,train/masks/nail_train_002996.png,640,640,3,1,JPEG,PNG,36.84,3.32,36186,0.088345
train,train/images/nail_train_002997.jpg,train/masks/nail_train_002997.png,640,640,3,1,JPEG,PNG,20.55,1.42,7204,0.017588
train,train/images/nail_train_002998.jpg,train/masks/nail_train_002998.png,640,640,3,1,JPEG,PNG,21.56,1.63,7961,0.019436
train,train/images/nail_train_002999.jpg,train/masks/nail_train_002999.png,640,640,3,1,JPEG,PNG,20.95,1.56,7199,0.017576
train,train/images/nail_train_003000.jpg,train/masks/nail_train_003000.png,640,640,3,1,JPEG,PNG,20.95,1.62,7947,0.019402
train,train/images/nail_train_003001.jpg,train/masks/nail_train_003001.png,640,640,3,1,JPEG,PNG,39.92,1.89,11431,0.027908
train,train/images/nail_train_003002.jpg,train/masks/nail_train_003002.png,640,640,3,1,JPEG,PNG,46.84,1.86,11453,0.027961
train,train/images/nail_train_003005.jpg,train/masks/nail_train_003005.png,640,640,3,1,JPEG,PNG,31.33,1.3,5502,0.013433
train,train/images/nail_train_003007.jpg,train/masks/nail_train_003007.png,640,640,3,1,JPEG,PNG,35.07,1.43,5503,0.013435
train,train/images/nail_train_003010.jpg,train/masks/nail_train_003010.png,640,640,3,1,JPEG,PNG,25.65,2.26,17843,0.043562
train,train/images/nail_train_003011.jpg,train/masks/nail_train_003011.png,640,640,3,1,JPEG,PNG,34.31,1.44,5579,0.013621
train,train/images/nail_train_003012.jpg,train/masks/nail_train_003012.png,640,640,3,1,JPEG,PNG,27.67,1.46,5623,0.013728
train,train/images/nail_train_003014.jpg,train/masks/nail_train_003014.png,640,640,3,1,JPEG,PNG,34.55,1.67,9921,0.024221
train,train/images/nail_train_003015.jpg,train/masks/nail_train_003015.png,640,640,3,1,JPEG,PNG,52.25,1.15,3431,0.008376
train,train/images/nail_train_003016.jpg,train/masks/nail_train_003016.png,640,640,3,1,JPEG,PNG,22.82,1.8,19671,0.048025
train,train/images/nail_train_003017.jpg,train/masks/nail_train_003017.png,640,640,3,1,JPEG,PNG,64.74,1.16,3648,0.008906
train,train/images/nail_train_003018.jpg,train/masks/nail_train_003018.png,640,640,3,1,JPEG,PNG,24.66,2.14,19672,0.048027
train,train/images/nail_train_003019.jpg,train/masks/nail_train_003019.png,640,640,3,1,JPEG,PNG,25.39,1.56,9019,0.022019
train,train/images/nail_train_003020.jpg,train/masks/nail_train_003020.png,640,640,3,1,JPEG,PNG,25.05,1.59,8959,0.021873
train,train/images/nail_train_003021.jpg,train/masks/nail_train_003021.png,640,640,3,1,JPEG,PNG,35.37,1.26,4822,0.011772
train,train/images/nail_train_003022.jpg,train/masks/nail_train_003022.png,640,640,3,1,JPEG,PNG,50,1.27,4812,0.011748
train,train/images/nail_train_003023.jpg,train/masks/nail_train_003023.png,640,640,3,1,JPEG,PNG,37.41,1.23,3271,0.007986
train,train/images/nail_train_003026.jpg,train/masks/nail_train_003026.png,640,640,3,1,JPEG,PNG,47.32,1.26,3273,0.007991
train,train/images/nail_train_003027.jpg,train/masks/nail_train_003027.png,640,640,3,1,JPEG,PNG,30.03,1.75,9775,0.023865
train,train/images/nail_train_003029.jpg,train/masks/nail_train_003029.png,640,640,3,1,JPEG,PNG,34.71,1.54,11642,0.028423
train,train/images/nail_train_003030.jpg,train/masks/nail_train_003030.png,640,640,3,1,JPEG,PNG,31.06,1.41,9743,0.023787
train,train/images/nail_train_003031.jpg,train/masks/nail_train_003031.png,640,640,3,1,JPEG,PNG,20.95,2.68,192552,0.470098
train,train/images/nail_train_003033.jpg,train/masks/nail_train_003033.png,640,640,3,1,JPEG,PNG,25.13,3.17,189800,0.463379
train,train/images/nail_train_003034.jpg,train/masks/nail_train_003034.png,640,640,3,1,JPEG,PNG,22.27,3.16,190903,0.466072
train,train/images/nail_train_003035.jpg,train/masks/nail_train_003035.png,640,640,3,1,JPEG,PNG,18.94,2.98,255958,0.624897
train,train/images/nail_train_003037.jpg,train/masks/nail_train_003037.png,640,640,3,1,JPEG,PNG,28.92,2.18,25628,0.062568
train,train/images/nail_train_003038.jpg,train/masks/nail_train_003038.png,640,640,3,1,JPEG,PNG,34.94,2.21,25570,0.062427
train,train/images/nail_train_003039.jpg,train/masks/nail_train_003039.png,640,640,3,1,JPEG,PNG,25.12,1.5,4316,0.010537
train,train/images/nail_train_003040.jpg,train/masks/nail_train_003040.png,640,640,3,1,JPEG,PNG,25.12,1.52,4402,0.010747
train,train/images/nail_train_003041.jpg,train/masks/nail_train_003041.png,640,640,3,1,JPEG,PNG,21.57,1.32,4396,0.010732
train,train/images/nail_train_003042.jpg,train/masks/nail_train_003042.png,640,640,3,1,JPEG,PNG,18.34,1.53,5656,0.013809
train,train/images/nail_train_003043.jpg,train/masks/nail_train_003043.png,640,640,3,1,JPEG,PNG,19.2,1.56,5659,0.013816
train,train/images/nail_train_003044.jpg,train/masks/nail_train_003044.png,640,640,3,1,JPEG,PNG,24.3,1.25,3702,0.009038
train,train/images/nail_train_003045.jpg,train/masks/nail_train_003045.png,640,640,3,1,JPEG,PNG,52.1,1.68,5307,0.012957
train,train/images/nail_train_003046.jpg,train/masks/nail_train_003046.png,640,640,3,1,JPEG,PNG,26.42,1.92,10809,0.026389
train,train/images/nail_train_003047.jpg,train/masks/nail_train_003047.png,640,640,3,1,JPEG,PNG,28.4,1.34,10846,0.026479
train,train/images/nail_train_003049.jpg,train/masks/nail_train_003049.png,640,640,3,1,JPEG,PNG,59.21,1.14,4452,0.010869
train,train/images/nail_train_003052.jpg,train/masks/nail_train_003052.png,640,640,3,1,JPEG,PNG,27.38,1.49,5393,0.013167
train,train/images/nail_train_003054.jpg,train/masks/nail_train_003054.png,640,640,3,1,JPEG,PNG,21.1,1.21,9540,0.023291
train,train/images/nail_train_003055.jpg,train/masks/nail_train_003055.png,640,640,3,1,JPEG,PNG,39.09,1.82,13266,0.032388
train,train/images/nail_train_003056.jpg,train/masks/nail_train_003056.png,640,640,3,1,JPEG,PNG,29.6,2.28,13316,0.03251
train,train/images/nail_train_003057.jpg,train/masks/nail_train_003057.png,640,640,3,1,JPEG,PNG,20.52,1.14,4478,0.010933
train,train/images/nail_train_003058.jpg,train/masks/nail_train_003058.png,640,640,3,1,JPEG,PNG,26.16,1.2,4469,0.010911
train,train/images/nail_train_003059.jpg,train/masks/nail_train_003059.png,640,640,3,1,JPEG,PNG,28.34,1.3,6603,0.016121
train,train/images/nail_train_003060.jpg,train/masks/nail_train_003060.png,640,640,3,1,JPEG,PNG,26.96,1.48,6635,0.016199
train,train/images/nail_train_003062.jpg,train/masks/nail_train_003062.png,640,640,3,1,JPEG,PNG,31.1,1.4,7446,0.018179
train,train/images/nail_train_003063.jpg,train/masks/nail_train_003063.png,640,640,3,1,JPEG,PNG,29.58,1.96,10493,0.025618
train,train/images/nail_train_003064.jpg,train/masks/nail_train_003064.png,640,640,3,1,JPEG,PNG,32.96,1.51,10527,0.025701
train,train/images/nail_train_003065.jpg,train/masks/nail_train_003065.png,640,640,3,1,JPEG,PNG,28.13,1.89,14429,0.035227
train,train/images/nail_train_003066.jpg,train/masks/nail_train_003066.png,640,640,3,1,JPEG,PNG,32.81,1.49,14407,0.035173
train,train/images/nail_train_003067.jpg,train/masks/nail_train_003067.png,640,640,3,1,JPEG,PNG,33.23,1.26,6014,0.014683
train,train/images/nail_train_003068.jpg,train/masks/nail_train_003068.png,640,640,3,1,JPEG,PNG,28.76,1.32,5990,0.014624
train,train/images/nail_train_003069.jpg,train/masks/nail_train_003069.png,640,640,3,1,JPEG,PNG,27.59,1.85,10477,0.025579
train,train/images/nail_train_003070.jpg,train/masks/nail_train_003070.png,640,640,3,1,JPEG,PNG,29.1,1.48,10480,0.025586
train,train/images/nail_train_003071.jpg,train/masks/nail_train_003071.png,640,640,3,1,JPEG,PNG,28.57,1.86,11674,0.028501
train,train/images/nail_train_003072.jpg,train/masks/nail_train_003072.png,640,640,3,1,JPEG,PNG,41.23,1.46,11245,0.027454
train,train/images/nail_train_003074.jpg,train/masks/nail_train_003074.png,640,640,3,1,JPEG,PNG,30.63,1.77,11599,0.028318
train,train/images/nail_train_003075.jpg,train/masks/nail_train_003075.png,640,640,3,1,JPEG,PNG,21.48,3.5,214712,0.524199
train,train/images/nail_train_003076.jpg,train/masks/nail_train_003076.png,640,640,3,1,JPEG,PNG,24.09,3.61,214987,0.524871
train,train/images/nail_train_003077.jpg,train/masks/nail_train_003077.png,640,640,3,1,JPEG,PNG,25.99,4.01,200643,0.489851
train,train/images/nail_train_003078.jpg,train/masks/nail_train_003078.png,640,640,3,1,JPEG,PNG,25.43,3.45,200686,0.489956
train,train/images/nail_train_003079.jpg,train/masks/nail_train_003079.png,640,640,3,1,JPEG,PNG,29.54,2.71,53256,0.13002
train,train/images/nail_train_003081.jpg,train/masks/nail_train_003081.png,640,640,3,1,JPEG,PNG,23.35,1.9,10594,0.025864
train,train/images/nail_train_003082.jpg,train/masks/nail_train_003082.png,640,640,3,1,JPEG,PNG,21.27,1.88,10251,0.025027
train,train/images/nail_train_003083.jpg,train/masks/nail_train_003083.png,640,640,3,1,JPEG,PNG,22.91,1.71,10244,0.02501
train,train/images/nail_train_003084.jpg,train/masks/nail_train_003084.png,640,640,3,1,JPEG,PNG,22.91,1.68,10572,0.025811
train,train/images/nail_train_003085.jpg,train/masks/nail_train_003085.png,640,640,3,1,JPEG,PNG,44.38,1.57,5406,0.013198
train,train/images/nail_train_003086.jpg,train/masks/nail_train_003086.png,640,640,3,1,JPEG,PNG,62.98,1.4,5477,0.013372
train,train/images/nail_train_003088.jpg,train/masks/nail_train_003088.png,640,640,3,1,JPEG,PNG,30.86,0.83,1734,0.004233
train,train/images/nail_train_003089.jpg,train/masks/nail_train_003089.png,640,640,3,1,JPEG,PNG,20.67,1.67,7967,0.019451
train,train/images/nail_train_003090.jpg,train/masks/nail_train_003090.png,640,640,3,1,JPEG,PNG,19.32,1.46,7930,0.01936
train,train/images/nail_train_003091.jpg,train/masks/nail_train_003091.png,640,640,3,1,JPEG,PNG,23.24,1.39,5521,0.013479
train,train/images/nail_train_003092.jpg,train/masks/nail_train_003092.png,640,640,3,1,JPEG,PNG,23.46,1.87,13922,0.033989
train,train/images/nail_train_003093.jpg,train/masks/nail_train_003093.png,640,640,3,1,JPEG,PNG,19.48,1.37,5529,0.013499
train,train/images/nail_train_003094.jpg,train/masks/nail_train_003094.png,640,640,3,1,JPEG,PNG,22.51,1.74,13929,0.034006
train,train/images/nail_train_003096.jpg,train/masks/nail_train_003096.png,640,640,3,1,JPEG,PNG,30.62,1.39,4974,0.012144
train,train/images/nail_train_003098.jpg,train/masks/nail_train_003098.png,640,640,3,1,JPEG,PNG,24.74,1.21,7051,0.017214
train,train/images/nail_train_003099.jpg,train/masks/nail_train_003099.png,640,640,3,1,JPEG,PNG,30.69,1.79,9719,0.023728
train,train/images/nail_train_003100.jpg,train/masks/nail_train_003100.png,640,640,3,1,JPEG,PNG,18.12,1.79,9764,0.023838
train,train/images/nail_train_003101.jpg,train/masks/nail_train_003101.png,640,640,3,1,JPEG,PNG,39.58,1.52,5552,0.013555
train,train/images/nail_train_003103.jpg,train/masks/nail_train_003103.png,640,640,3,1,JPEG,PNG,29.54,1.62,6715,0.016394
train,train/images/nail_train_003104.jpg,train/masks/nail_train_003104.png,640,640,3,1,JPEG,PNG,28.42,1.5,6759,0.016501
train,train/images/nail_train_003105.jpg,train/masks/nail_train_003105.png,640,640,3,1,JPEG,PNG,30.68,1.17,2782,0.006792
train,train/images/nail_train_003106.jpg,train/masks/nail_train_003106.png,640,640,3,1,JPEG,PNG,29.01,1.39,6960,0.016992
train,train/images/nail_train_003107.jpg,train/masks/nail_train_003107.png,640,640,3,1,JPEG,PNG,27,1.55,6959,0.01699
train,train/images/nail_train_003108.jpg,train/masks/nail_train_003108.png,640,640,3,1,JPEG,PNG,32.24,1.06,2777,0.00678
train,train/images/nail_train_003109.jpg,train/masks/nail_train_003109.png,640,640,3,1,JPEG,PNG,23.64,2.02,12463,0.030427
train,train/images/nail_train_003110.jpg,train/masks/nail_train_003110.png,640,640,3,1,JPEG,PNG,21.24,1.93,12446,0.030386
train,train/images/nail_train_003111.jpg,train/masks/nail_train_003111.png,640,640,3,1,JPEG,PNG,16.23,1.37,7402,0.018071
train,train/images/nail_train_003112.jpg,train/masks/nail_train_003112.png,640,640,3,1,JPEG,PNG,19.34,1.59,7420,0.018115
train,train/images/nail_train_003113.jpg,train/masks/nail_train_003113.png,640,640,3,1,JPEG,PNG,19.9,2.09,15774,0.038511
train,train/images/nail_train_003114.jpg,train/masks/nail_train_003114.png,640,640,3,1,JPEG,PNG,18.28,1.88,15769,0.038499
train,train/images/nail_train_003115.jpg,train/masks/nail_train_003115.png,640,640,3,1,JPEG,PNG,18.31,2.84,169234,0.413169
train,train/images/nail_train_003116.jpg,train/masks/nail_train_003116.png,640,640,3,1,JPEG,PNG,21.4,2.74,173437,0.42343
train,train/images/nail_train_003117.jpg,train/masks/nail_train_003117.png,640,640,3,1,JPEG,PNG,24.86,1.69,6965,0.017004
train,train/images/nail_train_003118.jpg,train/masks/nail_train_003118.png,640,640,3,1,JPEG,PNG,35.98,1.41,6957,0.016985
train,train/images/nail_train_003119.jpg,train/masks/nail_train_003119.png,640,640,3,1,JPEG,PNG,24.14,1.45,5114,0.012485
train,train/images/nail_train_003120.jpg,train/masks/nail_train_003120.png,640,640,3,1,JPEG,PNG,23.36,1.48,5112,0.01248
train,train/images/nail_train_003121.jpg,train/masks/nail_train_003121.png,640,640,3,1,JPEG,PNG,25.29,1.47,5255,0.01283
train,train/images/nail_train_003122.jpg,train/masks/nail_train_003122.png,640,640,3,1,JPEG,PNG,24.14,1.46,5253,0.012825
train,train/images/nail_train_003123.jpg,train/masks/nail_train_003123.png,640,640,3,1,JPEG,PNG,23.2,2.28,20136,0.04916
train,train/images/nail_train_003124.jpg,train/masks/nail_train_003124.png,640,640,3,1,JPEG,PNG,25.46,1.97,20160,0.049219
train,train/images/nail_train_003125.jpg,train/masks/nail_train_003125.png,640,640,3,1,JPEG,PNG,18.59,1.42,6270,0.015308
train,train/images/nail_train_003126.jpg,train/masks/nail_train_003126.png,640,640,3,1,JPEG,PNG,19.87,1.35,6294,0.015366
train,train/images/nail_train_003127.jpg,train/masks/nail_train_003127.png,640,640,3,1,JPEG,PNG,31.72,1.06,3163,0.007722
train,train/images/nail_train_003128.jpg,train/masks/nail_train_003128.png,640,640,3,1,JPEG,PNG,28.51,1.16,3180,0.007764
train,train/images/nail_train_003129.jpg,train/masks/nail_train_003129.png,640,640,3,1,JPEG,PNG,25.92,1.07,5216,0.012734
train,train/images/nail_train_003131.jpg,train/masks/nail_train_003131.png,640,640,3,1,JPEG,PNG,22.02,1.48,9687,0.02365
train,train/images/nail_train_003132.jpg,train/masks/nail_train_003132.png,640,640,3,1,JPEG,PNG,25.3,1.46,5194,0.012681
train,train/images/nail_train_003133.jpg,train/masks/nail_train_003133.png,640,640,3,1,JPEG,PNG,34.11,1.42,4227,0.01032
train,train/images/nail_train_003134.jpg,train/masks/nail_train_003134.png,640,640,3,1,JPEG,PNG,22.77,2.18,13359,0.032615
train,train/images/nail_train_003135.jpg,train/masks/nail_train_003135.png,640,640,3,1,JPEG,PNG,37.07,1.2,4223,0.01031
train,train/images/nail_train_003136.jpg,train/masks/nail_train_003136.png,640,640,3,1,JPEG,PNG,20.73,1.75,13339,0.032566
train,train/images/nail_train_003137.jpg,train/masks/nail_train_003137.png,640,640,3,1,JPEG,PNG,19.29,1.47,8089,0.019749
train,train/images/nail_train_003138.jpg,train/masks/nail_train_003138.png,640,640,3,1,JPEG,PNG,20.65,1.58,7558,0.018452
train,train/images/nail_train_003139.jpg,train/masks/nail_train_003139.png,640,640,3,1,JPEG,PNG,31.69,1.44,7430,0.01814
train,train/images/nail_train_003140.jpg,train/masks/nail_train_003140.png,640,640,3,1,JPEG,PNG,29.77,1.45,7444,0.018174
train,train/images/nail_train_003141.jpg,train/masks/nail_train_003141.png,640,640,3,1,JPEG,PNG,16.9,1.45,8429,0.020579
train,train/images/nail_train_003144.jpg,train/masks/nail_train_003144.png,640,640,3,1,JPEG,PNG,19.54,1.16,4941,0.012063
train,train/images/nail_train_003145.jpg,train/masks/nail_train_003145.png,640,640,3,1,JPEG,PNG,18.51,1.47,6198,0.015132
train,train/images/nail_train_003146.jpg,train/masks/nail_train_003146.png,640,640,3,1,JPEG,PNG,17.51,1.33,6209,0.015159
train,train/images/nail_train_003147.jpg,train/masks/nail_train_003147.png,640,640,3,1,JPEG,PNG,23.7,1.96,9153,0.022346
train,train/images/nail_train_003148.jpg,train/masks/nail_train_003148.png,640,640,3,1,JPEG,PNG,21.71,1.49,9113,0.022249
train,train/images/nail_train_003150.jpg,train/masks/nail_train_003150.png,640,640,3,1,JPEG,PNG,18.13,1.72,6495,0.015857
train,train/images/nail_train_003151.jpg,train/masks/nail_train_003151.png,640,640,3,1,JPEG,PNG,34.24,2.58,40666,0.099282
train,train/images/nail_train_003152.jpg,train/masks/nail_train_003152.png,640,640,3,1,JPEG,PNG,40.77,2.52,40764,0.099521
train,train/images/nail_train_003153.jpg,train/masks/nail_train_003153.png,640,640,3,1,JPEG,PNG,16.59,1.96,13842,0.033794
train,train/images/nail_train_003154.jpg,train/masks/nail_train_003154.png,640,640,3,1,JPEG,PNG,17.43,1.99,13803,0.033699
train,train/images/nail_train_003156.jpg,train/masks/nail_train_003156.png,640,640,3,1,JPEG,PNG,27.12,1.23,4680,0.011426
train,train/images/nail_train_003157.jpg,train/masks/nail_train_003157.png,640,640,3,1,JPEG,PNG,18.66,1.29,5584,0.013633
train,train/images/nail_train_003158.jpg,train/masks/nail_train_003158.png,640,640,3,1,JPEG,PNG,15.93,1.35,5581,0.013625
train,train/images/nail_train_003161.jpg,train/masks/nail_train_003161.png,640,640,3,1,JPEG,PNG,21.25,3.36,160077,0.390813
train,train/images/nail_train_003162.jpg,train/masks/nail_train_003162.png,640,640,3,1,JPEG,PNG,19.37,3.57,159928,0.390449
train,train/images/nail_train_003163.jpg,train/masks/nail_train_003163.png,640,640,3,1,JPEG,PNG,25.97,2.87,26689,0.065159
train,train/images/nail_train_003164.jpg,train/masks/nail_train_003164.png,640,640,3,1,JPEG,PNG,45.15,3.08,26580,0.064893
train,train/images/nail_train_003165.jpg,train/masks/nail_train_003165.png,640,640,3,1,JPEG,PNG,32.24,2.3,23272,0.056816
train,train/images/nail_train_003166.jpg,train/masks/nail_train_003166.png,640,640,3,1,JPEG,PNG,34.91,2.28,23268,0.056807
train,train/images/nail_train_003167.jpg,train/masks/nail_train_003167.png,640,640,3,1,JPEG,PNG,28.44,2.09,13840,0.033789
train,train/images/nail_train_003168.jpg,train/masks/nail_train_003168.png,640,640,3,1,JPEG,PNG,26.77,2.1,13992,0.03416
train,train/images/nail_train_003169.jpg,train/masks/nail_train_003169.png,640,640,3,1,JPEG,PNG,27.08,1.91,14004,0.034189
train,train/images/nail_train_003170.jpg,train/masks/nail_train_003170.png,640,640,3,1,JPEG,PNG,26.77,2.1,13860,0.033838
train,train/images/nail_train_003171.jpg,train/masks/nail_train_003171.png,640,640,3,1,JPEG,PNG,17.78,1.63,8875,0.021667
train,train/images/nail_train_003172.jpg,train/masks/nail_train_003172.png,640,640,3,1,JPEG,PNG,20.52,1.5,8844,0.021592
train,train/images/nail_train_003173.jpg,train/masks/nail_train_003173.png,640,640,3,1,JPEG,PNG,25.77,1.67,19162,0.046782
train,train/images/nail_train_003175.jpg,train/masks/nail_train_003175.png,640,640,3,1,JPEG,PNG,22.67,1.17,3720,0.009082
train,train/images/nail_train_003176.jpg,train/masks/nail_train_003176.png,640,640,3,1,JPEG,PNG,26.08,1.39,3709,0.009055
train,train/images/nail_train_003177.jpg,train/masks/nail_train_003177.png,640,640,3,1,JPEG,PNG,57.2,1.22,4456,0.010879
train,train/images/nail_train_003179.jpg,train/masks/nail_train_003179.png,640,640,3,1,JPEG,PNG,56.55,1.25,5168,0.012617
train,train/images/nail_train_003180.jpg,train/masks/nail_train_003180.png,640,640,3,1,JPEG,PNG,46.19,1.26,5209,0.012717
train,train/images/nail_train_003181.jpg,train/masks/nail_train_003181.png,640,640,3,1,JPEG,PNG,31.72,1.37,7737,0.018889
train,train/images/nail_train_003182.jpg,train/masks/nail_train_003182.png,640,640,3,1,JPEG,PNG,34.25,1.34,7788,0.019014
train,train/images/nail_train_003183.jpg,train/masks/nail_train_003183.png,640,640,3,1,JPEG,PNG,19.44,1.28,6326,0.015444
train,train/images/nail_train_003185.jpg,train/masks/nail_train_003185.png,640,640,3,1,JPEG,PNG,22.38,1.65,9764,0.023838
train,train/images/nail_train_003186.jpg,train/masks/nail_train_003186.png,640,640,3,1,JPEG,PNG,20.66,1.27,6366,0.015542
train,train/images/nail_train_003187.jpg,train/masks/nail_train_003187.png,640,640,3,1,JPEG,PNG,23.04,1.64,9789,0.023899
train,train/images/nail_train_003189.jpg,train/masks/nail_train_003189.png,640,640,3,1,JPEG,PNG,19.33,1.33,3831,0.009353
train,train/images/nail_train_003190.jpg,train/masks/nail_train_003190.png,640,640,3,1,JPEG,PNG,24.31,1.56,8999,0.02197
train,train/images/nail_train_003191.jpg,train/masks/nail_train_003191.png,640,640,3,1,JPEG,PNG,21.21,1.38,3836,0.009365
train,train/images/nail_train_003192.jpg,train/masks/nail_train_003192.png,640,640,3,1,JPEG,PNG,24.02,1.73,8985,0.021936
train,train/images/nail_train_003195.jpg,train/masks/nail_train_003195.png,640,640,3,1,JPEG,PNG,31.17,1.31,5384,0.013145
train,train/images/nail_train_003196.jpg,train/masks/nail_train_003196.png,640,640,3,1,JPEG,PNG,22.76,1.83,13243,0.032332
train,train/images/nail_train_003197.jpg,train/masks/nail_train_003197.png,640,640,3,1,JPEG,PNG,22.13,1.14,3567,0.008708
train,train/images/nail_train_003198.jpg,train/masks/nail_train_003198.png,640,640,3,1,JPEG,PNG,22.21,1.33,3544,0.008652
train,train/images/nail_train_003199.jpg,train/masks/nail_train_003199.png,640,640,3,1,JPEG,PNG,30.08,0.73,1476,0.003604
train,train/images/nail_train_003200.jpg,train/masks/nail_train_003200.png,640,640,3,1,JPEG,PNG,40.45,0.67,1642,0.004009
train,train/images/nail_train_003201.jpg,train/masks/nail_train_003201.png,640,640,3,1,JPEG,PNG,16.67,2.97,269330,0.657544
train,train/images/nail_train_003204.jpg,train/masks/nail_train_003204.png,640,640,3,1,JPEG,PNG,37.62,1.75,12548,0.030635
train,train/images/nail_train_003205.jpg,train/masks/nail_train_003205.png,640,640,3,1,JPEG,PNG,24.01,2.2,18969,0.046311
train,train/images/nail_train_003206.jpg,train/masks/nail_train_003206.png,640,640,3,1,JPEG,PNG,44.75,1.68,12528,0.030586
train,train/images/nail_train_003207.jpg,train/masks/nail_train_003207.png,640,640,3,1,JPEG,PNG,24.89,2.12,19137,0.046721
train,train/images/nail_train_003208.jpg,train/masks/nail_train_003208.png,640,640,3,1,JPEG,PNG,19.77,2.16,19132,0.046709
train,train/images/nail_train_003209.jpg,train/masks/nail_train_003209.png,640,640,3,1,JPEG,PNG,28.14,0.97,3382,0.008257
train,train/images/nail_train_003211.jpg,train/masks/nail_train_003211.png,640,640,3,1,JPEG,PNG,27.38,0.94,3384,0.008262
train,train/images/nail_train_003212.jpg,train/masks/nail_train_003212.png,640,640,3,1,JPEG,PNG,25.4,1.63,19275,0.047058
train,train/images/nail_train_003217.jpg,train/masks/nail_train_003217.png,640,640,3,1,JPEG,PNG,38.25,1.38,5250,0.012817
train,train/images/nail_train_003218.jpg,train/masks/nail_train_003218.png,640,640,3,1,JPEG,PNG,47.02,1.4,5255,0.01283
train,train/images/nail_train_003220.jpg,train/masks/nail_train_003220.png,640,640,3,1,JPEG,PNG,29.9,1.01,2664,0.006504
train,train/images/nail_train_003221.jpg,train/masks/nail_train_003221.png,640,640,3,1,JPEG,PNG,22.43,1.5,7387,0.018035
train,train/images/nail_train_003222.jpg,train/masks/nail_train_003222.png,640,640,3,1,JPEG,PNG,40.64,2.04,19299,0.047117
train,train/images/nail_train_003223.jpg,train/masks/nail_train_003223.png,640,640,3,1,JPEG,PNG,22.38,1.29,7356,0.017959
train,train/images/nail_train_003224.jpg,train/masks/nail_train_003224.png,640,640,3,1,JPEG,PNG,31.75,2.17,19264,0.047031
train,train/images/nail_train_003225.jpg,train/masks/nail_train_003225.png,640,640,3,1,JPEG,PNG,36.32,1.27,5099,0.012449
train,train/images/nail_train_003226.jpg,train/masks/nail_train_003226.png,640,640,3,1,JPEG,PNG,36.6,1.31,4215,0.010291
train,train/images/nail_train_003227.jpg,train/masks/nail_train_003227.png,640,640,3,1,JPEG,PNG,35.21,1.17,4215,0.010291
train,train/images/nail_train_003228.jpg,train/masks/nail_train_003228.png,640,640,3,1,JPEG,PNG,38,1.24,5073,0.012385
train,train/images/nail_train_003229.jpg,train/masks/nail_train_003229.png,640,640,3,1,JPEG,PNG,32.15,1.27,5325,0.013
train,train/images/nail_train_003230.jpg,train/masks/nail_train_003230.png,640,640,3,1,JPEG,PNG,31.25,1.14,4146,0.010122
train,train/images/nail_train_003231.jpg,train/masks/nail_train_003231.png,640,640,3,1,JPEG,PNG,30.12,1.24,5324,0.012998
train,train/images/nail_train_003232.jpg,train/masks/nail_train_003232.png,640,640,3,1,JPEG,PNG,33.06,1.1,4127,0.010076
train,train/images/nail_train_003233.jpg,train/masks/nail_train_003233.png,640,640,3,1,JPEG,PNG,37.93,1.04,2401,0.005862
train,train/images/nail_train_003234.jpg,train/masks/nail_train_003234.png,640,640,3,1,JPEG,PNG,44.02,0.99,2378,0.005806
train,train/images/nail_train_003235.jpg,train/masks/nail_train_003235.png,640,640,3,1,JPEG,PNG,29.51,1.65,8172,0.019951
train,train/images/nail_train_003238.jpg,train/masks/nail_train_003238.png,640,640,3,1,JPEG,PNG,44.67,1.04,3451,0.008425
train,train/images/nail_train_003239.jpg,train/masks/nail_train_003239.png,640,640,3,1,JPEG,PNG,55.61,1.82,10262,0.025054
train,train/images/nail_train_003240.jpg,train/masks/nail_train_003240.png,640,640,3,1,JPEG,PNG,66.27,1.57,10236,0.02499
train,train/images/nail_train_003241.jpg,train/masks/nail_train_003241.png,640,640,3,1,JPEG,PNG,26.81,1.13,3537,0.008635
train,train/images/nail_train_003242.jpg,train/masks/nail_train_003242.png,640,640,3,1,JPEG,PNG,29.79,1.06,3519,0.008591
train,train/images/nail_train_003243.jpg,train/masks/nail_train_003243.png,640,640,3,1,JPEG,PNG,31.07,1.55,4628,0.011299
train,train/images/nail_train_003244.jpg,train/masks/nail_train_003244.png,640,640,3,1,JPEG,PNG,34.38,1.2,4641,0.011331
train,train/images/nail_train_003245.jpg,train/masks/nail_train_003245.png,640,640,3,1,JPEG,PNG,22.02,1.19,3770,0.009204
train,train/images/nail_train_003246.jpg,train/masks/nail_train_003246.png,640,640,3,1,JPEG,PNG,21.37,1.19,4188,0.010225
train,train/images/nail_train_003247.jpg,train/masks/nail_train_003247.png,640,640,3,1,JPEG,PNG,23.64,1.33,4187,0.010222
train,train/images/nail_train_003248.jpg,train/masks/nail_train_003248.png,640,640,3,1,JPEG,PNG,26.51,1.74,12160,0.029687
train,train/images/nail_train_003249.jpg,train/masks/nail_train_003249.png,640,640,3,1,JPEG,PNG,24.16,1.98,12224,0.029844
train,train/images/nail_train_003250.jpg,train/masks/nail_train_003250.png,640,640,3,1,JPEG,PNG,21.37,1.17,3776,0.009219
train,train/images/nail_train_003251.jpg,train/masks/nail_train_003251.png,640,640,3,1,JPEG,PNG,19.08,2.25,95320,0.232715
train,train/images/nail_train_003252.jpg,train/masks/nail_train_003252.png,640,640,3,1,JPEG,PNG,23.08,2.2,123680,0.301953
train,train/images/nail_train_003253.jpg,train/masks/nail_train_003253.png,640,640,3,1,JPEG,PNG,28.76,2.54,227416,0.555215
train,train/images/nail_train_003254.jpg,train/masks/nail_train_003254.png,640,640,3,1,JPEG,PNG,25.59,1.99,96006,0.23439
train,train/images/nail_train_003255.jpg,train/masks/nail_train_003255.png,640,640,3,1,JPEG,PNG,21.59,2.71,123106,0.300552
train,train/images/nail_train_003256.jpg,train/masks/nail_train_003256.png,640,640,3,1,JPEG,PNG,27.94,2.82,227419,0.555222
train,train/images/nail_train_003257.jpg,train/masks/nail_train_003257.png,640,640,3,1,JPEG,PNG,24.19,1.15,4328,0.010566
train,train/images/nail_train_003259.jpg,train/masks/nail_train_003259.png,640,640,3,1,JPEG,PNG,23.51,1.15,4328,0.010566
train,train/images/nail_train_003261.jpg,train/masks/nail_train_003261.png,640,640,3,1,JPEG,PNG,32.51,0.7,1043,0.002546
train,train/images/nail_train_003262.jpg,train/masks/nail_train_003262.png,640,640,3,1,JPEG,PNG,38.41,0.69,1041,0.002542
train,train/images/nail_train_003263.jpg,train/masks/nail_train_003263.png,640,640,3,1,JPEG,PNG,25.16,2.33,23325,0.056946
train,train/images/nail_train_003264.jpg,train/masks/nail_train_003264.png,640,640,3,1,JPEG,PNG,24.01,2.22,23328,0.056953
train,train/images/nail_train_003265.jpg,train/masks/nail_train_003265.png,640,640,3,1,JPEG,PNG,27.87,1.9,9169,0.022385
train,train/images/nail_train_003266.jpg,train/masks/nail_train_003266.png,640,640,3,1,JPEG,PNG,28.11,1.76,10430,0.025464
train,train/images/nail_train_003267.jpg,train/masks/nail_train_003267.png,640,640,3,1,JPEG,PNG,28.12,1.6,9561,0.023342
train,train/images/nail_train_003268.jpg,train/masks/nail_train_003268.png,640,640,3,1,JPEG,PNG,28.12,1.76,9951,0.024294
train,train/images/nail_train_003269.jpg,train/masks/nail_train_003269.png,640,640,3,1,JPEG,PNG,27.11,1.51,9521,0.023245
train,train/images/nail_train_003271.jpg,train/masks/nail_train_003271.png,640,640,3,1,JPEG,PNG,28.93,1.52,9975,0.024353
train,train/images/nail_train_003274.jpg,train/masks/nail_train_003274.png,640,640,3,1,JPEG,PNG,29.25,1.81,9953,0.024299
train,train/images/nail_train_003275.jpg,train/masks/nail_train_003275.png,640,640,3,1,JPEG,PNG,23.8,1.58,10283,0.025105
train,train/images/nail_train_003276.jpg,train/masks/nail_train_003276.png,640,640,3,1,JPEG,PNG,29.23,1.92,10263,0.025056
train,train/images/nail_train_003277.jpg,train/masks/nail_train_003277.png,640,640,3,1,JPEG,PNG,32.53,2.01,14282,0.034868
train,train/images/nail_train_003278.jpg,train/masks/nail_train_003278.png,640,640,3,1,JPEG,PNG,25.58,2.17,13239,0.032322
train,train/images/nail_train_003279.jpg,train/masks/nail_train_003279.png,640,640,3,1,JPEG,PNG,31.06,1.97,14274,0.034849
train,train/images/nail_train_003280.jpg,train/masks/nail_train_003280.png,640,640,3,1,JPEG,PNG,31.03,1.88,13224,0.032285
train,train/images/nail_train_003282.jpg,train/masks/nail_train_003282.png,640,640,3,1,JPEG,PNG,31.03,1.93,14523,0.035457
train,train/images/nail_train_003283.jpg,train/masks/nail_train_003283.png,640,640,3,1,JPEG,PNG,23.85,1.27,3438,0.008394
train,train/images/nail_train_003284.jpg,train/masks/nail_train_003284.png,640,640,3,1,JPEG,PNG,27.63,1.19,3421,0.008352
train,train/images/nail_train_003285.jpg,train/masks/nail_train_003285.png,640,640,3,1,JPEG,PNG,19.6,1.26,3857,0.009417
train,train/images/nail_train_003286.jpg,train/masks/nail_train_003286.png,640,640,3,1,JPEG,PNG,23.96,1.32,4101,0.010012
train,train/images/nail_train_003287.jpg,train/masks/nail_train_003287.png,640,640,3,1,JPEG,PNG,28.45,1.25,3894,0.009507
train,train/images/nail_train_003288.jpg,train/masks/nail_train_003288.png,640,640,3,1,JPEG,PNG,29.82,1.16,3875,0.00946
train,train/images/nail_train_003291.jpg,train/masks/nail_train_003291.png,640,640,3,1,JPEG,PNG,26.58,1.24,4545,0.011096
train,train/images/nail_train_003293.jpg,train/masks/nail_train_003293.png,640,640,3,1,JPEG,PNG,23.29,1.29,4506,0.011001
train,train/images/nail_train_003294.jpg,train/masks/nail_train_003294.png,640,640,3,1,JPEG,PNG,26.58,1.24,4737,0.011565
train,train/images/nail_train_003295.jpg,train/masks/nail_train_003295.png,640,640,3,1,JPEG,PNG,37.06,1.27,3333,0.008137
train,train/images/nail_train_003296.jpg,train/masks/nail_train_003296.png,640,640,3,1,JPEG,PNG,40.49,1.11,3068,0.00749
train,train/images/nail_train_003297.jpg,train/masks/nail_train_003297.png,640,640,3,1,JPEG,PNG,40.49,1.1,3326,0.00812
train,train/images/nail_train_003298.jpg,train/masks/nail_train_003298.png,640,640,3,1,JPEG,PNG,32.91,1.16,3090,0.007544
train,train/images/nail_train_003300.jpg,train/masks/nail_train_003300.png,640,640,3,1,JPEG,PNG,34.05,1.33,3965,0.00968
train,train/images/nail_train_003301.jpg,train/masks/nail_train_003301.png,640,640,3,1,JPEG,PNG,31.33,1.57,5592,0.013652
train,train/images/nail_train_003302.jpg,train/masks/nail_train_003302.png,640,640,3,1,JPEG,PNG,34.09,1.42,5607,0.013689
train,train/images/nail_train_003303.jpg,train/masks/nail_train_003303.png,640,640,3,1,JPEG,PNG,49.71,0.47,0,0
train,train/images/nail_train_003304.jpg,train/masks/nail_train_003304.png,640,640,3,1,JPEG,PNG,58.29,0.47,0,0
train,train/images/nail_train_003305.jpg,train/masks/nail_train_003305.png,640,640,3,1,JPEG,PNG,30.83,1.56,5433,0.013264
train,train/images/nail_train_003308.jpg,train/masks/nail_train_003308.png,640,640,3,1,JPEG,PNG,57.53,1.23,3932,0.0096
train,train/images/nail_train_003309.jpg,train/masks/nail_train_003309.png,640,640,3,1,JPEG,PNG,75.34,1.22,3930,0.009595
train,train/images/nail_train_003310.jpg,train/masks/nail_train_003310.png,640,640,3,1,JPEG,PNG,27.77,1.26,4935,0.012048
train,train/images/nail_train_003311.jpg,train/masks/nail_train_003311.png,640,640,3,1,JPEG,PNG,21.58,1.41,7172,0.01751
train,train/images/nail_train_003312.jpg,train/masks/nail_train_003312.png,640,640,3,1,JPEG,PNG,21.82,1.41,7156,0.017471
train,train/images/nail_train_003313.jpg,train/masks/nail_train_003313.png,640,640,3,1,JPEG,PNG,21.94,1.38,4942,0.012065
train,train/images/nail_train_003314.jpg,train/masks/nail_train_003314.png,640,640,3,1,JPEG,PNG,25.1,2.06,15071,0.036794
train,train/images/nail_train_003315.jpg,train/masks/nail_train_003315.png,640,640,3,1,JPEG,PNG,25.18,2.14,15086,0.036831
train,train/images/nail_train_003317.jpg,train/masks/nail_train_003317.png,640,640,3,1,JPEG,PNG,44.33,1.2,4609,0.011252
train,train/images/nail_train_003318.jpg,train/masks/nail_train_003318.png,640,640,3,1,JPEG,PNG,25.31,1.42,4822,0.011772
train,train/images/nail_train_003319.jpg,train/masks/nail_train_003319.png,640,640,3,1,JPEG,PNG,26.3,1.39,4803,0.011726
train,train/images/nail_train_003320.jpg,train/masks/nail_train_003320.png,640,640,3,1,JPEG,PNG,51.46,1.37,4571,0.01116
train,train/images/nail_train_003321.jpg,train/masks/nail_train_003321.png,640,640,3,1,JPEG,PNG,38.99,1.66,12061,0.029446
train,train/images/nail_train_003323.jpg,train/masks/nail_train_003323.png,640,640,3,1,JPEG,PNG,66.84,1.55,7043,0.017195
train,train/images/nail_train_003324.jpg,train/masks/nail_train_003324.png,640,640,3,1,JPEG,PNG,77.13,1.29,7757,0.018938
train,train/images/nail_train_003325.jpg,train/masks/nail_train_003325.png,640,640,3,1,JPEG,PNG,24.99,1.24,3908,0.009541
train,train/images/nail_train_003326.jpg,train/masks/nail_train_003326.png,640,640,3,1,JPEG,PNG,23.03,1.32,3941,0.009622
train,train/images/nail_train_003327.jpg,train/masks/nail_train_003327.png,640,640,3,1,JPEG,PNG,46.75,1.33,4505,0.010999
train,train/images/nail_train_003328.jpg,train/masks/nail_train_003328.png,640,640,3,1,JPEG,PNG,59.96,1.49,4482,0.010942
train,train/images/nail_train_003329.jpg,train/masks/nail_train_003329.png,640,640,3,1,JPEG,PNG,46.02,2.09,18317,0.044719
train,train/images/nail_train_003330.jpg,train/masks/nail_train_003330.png,640,640,3,1,JPEG,PNG,34.96,2.21,18324,0.044736
train,train/images/nail_train_003331.jpg,train/masks/nail_train_003331.png,640,640,3,1,JPEG,PNG,28.3,1.34,3894,0.009507
train,train/images/nail_train_003332.jpg,train/masks/nail_train_003332.png,640,640,3,1,JPEG,PNG,29.03,1.26,3885,0.009485
train,train/images/nail_train_003334.jpg,train/masks/nail_train_003334.png,640,640,3,1,JPEG,PNG,23.36,1.62,10510,0.025659
train,train/images/nail_train_003336.jpg,train/masks/nail_train_003336.png,640,640,3,1,JPEG,PNG,27.17,1.04,2397,0.005852
train,train/images/nail_train_003338.jpg,train/masks/nail_train_003338.png,640,640,3,1,JPEG,PNG,29.64,1.97,7110,0.017358
train,train/images/nail_train_003339.jpg,train/masks/nail_train_003339.png,640,640,3,1,JPEG,PNG,21.53,1.91,12303,0.030037
train,train/images/nail_train_003340.jpg,train/masks/nail_train_003340.png,640,640,3,1,JPEG,PNG,27.75,1.48,5757,0.014055
train,train/images/nail_train_003341.jpg,train/masks/nail_train_003341.png,640,640,3,1,JPEG,PNG,23.24,1.68,12093,0.029524
train,train/images/nail_train_003342.jpg,train/masks/nail_train_003342.png,640,640,3,1,JPEG,PNG,23.24,1.77,12246,0.029897
train,train/images/nail_train_003344.jpg,train/masks/nail_train_003344.png,640,640,3,1,JPEG,PNG,22.77,1.66,12128,0.029609
train,train/images/nail_train_003345.jpg,train/masks/nail_train_003345.png,640,640,3,1,JPEG,PNG,29.76,1.36,4996,0.012197
train,train/images/nail_train_003346.jpg,train/masks/nail_train_003346.png,640,640,3,1,JPEG,PNG,26.63,1.24,4575,0.011169
train,train/images/nail_train_003347.jpg,train/masks/nail_train_003347.png,640,640,3,1,JPEG,PNG,23.02,1.32,4240,0.010352
train,train/images/nail_train_003349.jpg,train/masks/nail_train_003349.png,640,640,3,1,JPEG,PNG,35.81,1.28,3294,0.008042
train,train/images/nail_train_003350.jpg,train/masks/nail_train_003350.png,640,640,3,1,JPEG,PNG,41.86,1.24,3280,0.008008
train,train/images/nail_train_003351.jpg,train/masks/nail_train_003351.png,640,640,3,1,JPEG,PNG,19.42,1.6,8247,0.020134
train,train/images/nail_train_003353.jpg,train/masks/nail_train_003353.png,640,640,3,1,JPEG,PNG,31.58,2.33,17648,0.043086
train,train/images/nail_train_003354.jpg,train/masks/nail_train_003354.png,640,640,3,1,JPEG,PNG,16.84,1.56,8217,0.020061
train,train/images/nail_train_003355.jpg,train/masks/nail_train_003355.png,640,640,3,1,JPEG,PNG,18.1,1.27,5856,0.014297
train,train/images/nail_train_003356.jpg,train/masks/nail_train_003356.png,640,640,3,1,JPEG,PNG,24.81,1.46,5545,0.013538
train,train/images/nail_train_003357.jpg,train/masks/nail_train_003357.png,640,640,3,1,JPEG,PNG,20.75,1.36,5875,0.014343
train,train/images/nail_train_003358.jpg,train/masks/nail_train_003358.png,640,640,3,1,JPEG,PNG,23.5,1.53,5578,0.013618
train,train/images/nail_train_003359.jpg,train/masks/nail_train_003359.png,640,640,3,1,JPEG,PNG,24.38,1.62,7470,0.018237
train,train/images/nail_train_003360.jpg,train/masks/nail_train_003360.png,640,640,3,1,JPEG,PNG,31.38,1.68,12411,0.0303
train,train/images/nail_train_003361.jpg,train/masks/nail_train_003361.png,640,640,3,1,JPEG,PNG,25.48,1.76,12487,0.030486
train,train/images/nail_train_003362.jpg,train/masks/nail_train_003362.png,640,640,3,1,JPEG,PNG,22.94,1.33,7440,0.018164
train,train/images/nail_train_003363.jpg,train/masks/nail_train_003363.png,640,640,3,1,JPEG,PNG,22.71,1.42,4451,0.010867
train,train/images/nail_train_003364.jpg,train/masks/nail_train_003364.png,640,640,3,1,JPEG,PNG,26.36,1.8,9989,0.024387
train,train/images/nail_train_003365.jpg,train/masks/nail_train_003365.png,640,640,3,1,JPEG,PNG,28.31,1.88,9965,0.024329
train,train/images/nail_train_003366.jpg,train/masks/nail_train_003366.png,640,640,3,1,JPEG,PNG,23.91,1.29,4480,0.010937
train,train/images/nail_train_003367.jpg,train/masks/nail_train_003367.png,640,640,3,1,JPEG,PNG,22.75,1.8,9477,0.023137
train,train/images/nail_train_003368.jpg,train/masks/nail_train_003368.png,640,640,3,1,JPEG,PNG,23.77,1.53,9491,0.023171
train,train/images/nail_train_003370.jpg,train/masks/nail_train_003370.png,640,640,3,1,JPEG,PNG,30.7,1.21,4823,0.011775
train,train/images/nail_train_003371.jpg,train/masks/nail_train_003371.png,640,640,3,1,JPEG,PNG,24.42,1.43,10889,0.026584
train,train/images/nail_train_003372.jpg,train/masks/nail_train_003372.png,640,640,3,1,JPEG,PNG,28.83,1.56,4805,0.011731
train,train/images/nail_train_003373.jpg,train/masks/nail_train_003373.png,640,640,3,1,JPEG,PNG,24.18,1.74,9042,0.022075
train,train/images/nail_train_003375.jpg,train/masks/nail_train_003375.png,640,640,3,1,JPEG,PNG,23.92,2.25,14846,0.036245
train,train/images/nail_train_003376.jpg,train/masks/nail_train_003376.png,640,640,3,1,JPEG,PNG,23.65,2.28,14893,0.03636
train,train/images/nail_train_003377.jpg,train/masks/nail_train_003377.png,640,640,3,1,JPEG,PNG,22.25,1.52,6177,0.015081
train,train/images/nail_train_003378.jpg,train/masks/nail_train_003378.png,640,640,3,1,JPEG,PNG,25.7,2.26,15174,0.037046
train,train/images/nail_train_003379.jpg,train/masks/nail_train_003379.png,640,640,3,1,JPEG,PNG,30.51,2.08,15435,0.037683
train,train/images/nail_train_003380.jpg,train/masks/nail_train_003380.png,640,640,3,1,JPEG,PNG,22.73,1.51,6199,0.015134
train,train/images/nail_train_003381.jpg,train/masks/nail_train_003381.png,640,640,3,1,JPEG,PNG,33.98,3.77,58655,0.143201
train,train/images/nail_train_003382.jpg,train/masks/nail_train_003382.png,640,640,3,1,JPEG,PNG,29.46,3.59,58976,0.143984
train,train/images/nail_train_003383.jpg,train/masks/nail_train_003383.png,640,640,3,1,JPEG,PNG,27.78,1.69,12707,0.031023
train,train/images/nail_train_003384.jpg,train/masks/nail_train_003384.png,640,640,3,1,JPEG,PNG,32.83,1.79,12740,0.031104
train,train/images/nail_train_003385.jpg,train/masks/nail_train_003385.png,640,640,3,1,JPEG,PNG,20.5,1.36,4407,0.010759
train,train/images/nail_train_003387.jpg,train/masks/nail_train_003387.png,640,640,3,1,JPEG,PNG,57.74,1.24,4691,0.011453
train,train/images/nail_train_003388.jpg,train/masks/nail_train_003388.png,640,640,3,1,JPEG,PNG,20.56,1.29,4390,0.010718
train,train/images/nail_train_003389.jpg,train/masks/nail_train_003389.png,640,640,3,1,JPEG,PNG,25.38,1.38,7234,0.017661
train,train/images/nail_train_003390.jpg,train/masks/nail_train_003390.png,640,640,3,1,JPEG,PNG,23.34,1.18,3213,0.007844
train,train/images/nail_train_003392.jpg,train/masks/nail_train_003392.png,640,640,3,1,JPEG,PNG,25.59,1.46,7230,0.017651
train,train/images/nail_train_003393.jpg,train/masks/nail_train_003393.png,640,640,3,1,JPEG,PNG,22.89,1.69,6598,0.016108
train,train/images/nail_train_003394.jpg,train/masks/nail_train_003394.png,640,640,3,1,JPEG,PNG,23.84,1.68,6603,0.016121
train,train/images/nail_train_003395.jpg,train/masks/nail_train_003395.png,640,640,3,1,JPEG,PNG,31.63,1.73,8267,0.020183
train,train/images/nail_train_003396.jpg,train/masks/nail_train_003396.png,640,640,3,1,JPEG,PNG,30.99,1.6,8261,0.020168
train,train/images/nail_train_003397.jpg,train/masks/nail_train_003397.png,640,640,3,1,JPEG,PNG,26.59,2.17,16211,0.039578
train,train/images/nail_train_003398.jpg,train/masks/nail_train_003398.png,640,640,3,1,JPEG,PNG,24.47,1.75,16167,0.03947
train,train/images/nail_train_003399.jpg,train/masks/nail_train_003399.png,640,640,3,1,JPEG,PNG,23.79,1.28,5371,0.013113
train,train/images/nail_train_003401.jpg,train/masks/nail_train_003401.png,640,640,3,1,JPEG,PNG,21.19,2.08,16556,0.04042
train,train/images/nail_train_003402.jpg,train/masks/nail_train_003402.png,640,640,3,1,JPEG,PNG,22.74,1.29,5376,0.013125
train,train/images/nail_train_003403.jpg,train/masks/nail_train_003403.png,640,640,3,1,JPEG,PNG,30.58,1.32,4835,0.011804
train,train/images/nail_train_003404.jpg,train/masks/nail_train_003404.png,640,640,3,1,JPEG,PNG,30.46,1.54,4819,0.011765
train,train/images/nail_train_003405.jpg,train/masks/nail_train_003405.png,640,640,3,1,JPEG,PNG,29.48,1.65,11857,0.028948
train,train/images/nail_train_003406.jpg,train/masks/nail_train_003406.png,640,640,3,1,JPEG,PNG,22.91,1.09,3099,0.007566
train,train/images/nail_train_003407.jpg,train/masks/nail_train_003407.png,640,640,3,1,JPEG,PNG,28.17,1.71,11853,0.028938
train,train/images/nail_train_003408.jpg,train/masks/nail_train_003408.png,640,640,3,1,JPEG,PNG,21.15,1.29,3113,0.0076
train,train/images/nail_train_003409.jpg,train/masks/nail_train_003409.png,640,640,3,1,JPEG,PNG,23.43,1.44,4231,0.01033
train,train/images/nail_train_003410.jpg,train/masks/nail_train_003410.png,640,640,3,1,JPEG,PNG,23.21,1.47,4249,0.010374
train,train/images/nail_train_003411.jpg,train/masks/nail_train_003411.png,640,640,3,1,JPEG,PNG,24.21,1.64,5779,0.014109
train,train/images/nail_train_003412.jpg,train/masks/nail_train_003412.png,640,640,3,1,JPEG,PNG,27.63,1.48,5787,0.014128
train,train/images/nail_train_003413.jpg,train/masks/nail_train_003413.png,640,640,3,1,JPEG,PNG,34.85,1.1,3639,0.008884
train,train/images/nail_train_003414.jpg,train/masks/nail_train_003414.png,640,640,3,1,JPEG,PNG,44.35,1.42,8039,0.019626
train,train/images/nail_train_003415.jpg,train/masks/nail_train_003415.png,640,640,3,1,JPEG,PNG,32.06,1.25,3526,0.008608
train,train/images/nail_train_003417.jpg,train/masks/nail_train_003417.png,640,640,3,1,JPEG,PNG,33.63,1.56,7673,0.018733
train,train/images/nail_train_003418.jpg,train/masks/nail_train_003418.png,640,640,3,1,JPEG,PNG,40.99,1.48,7705,0.018811
train,train/images/nail_train_003420.jpg,train/masks/nail_train_003420.png,640,640,3,1,JPEG,PNG,40.99,1.48,7705,0.018811
train,train/images/nail_train_003421.jpg,train/masks/nail_train_003421.png,640,640,3,1,JPEG,PNG,37.94,1.54,7702,0.018804
train,train/images/nail_train_003422.jpg,train/masks/nail_train_003422.png,640,640,3,1,JPEG,PNG,40.99,1.48,7705,0.018811
train,train/images/nail_train_003423.jpg,train/masks/nail_train_003423.png,640,640,3,1,JPEG,PNG,45.71,1.73,6372,0.015557
train,train/images/nail_train_003424.jpg,train/masks/nail_train_003424.png,640,640,3,1,JPEG,PNG,50.86,1.34,6381,0.015579
train,train/images/nail_train_003425.jpg,train/masks/nail_train_003425.png,640,640,3,1,JPEG,PNG,44.3,1.59,9217,0.022502
train,train/images/nail_train_003426.jpg,train/masks/nail_train_003426.png,640,640,3,1,JPEG,PNG,51.31,1.49,9245,0.022571
train,train/images/nail_train_003428.jpg,train/masks/nail_train_003428.png,640,640,3,1,JPEG,PNG,27.49,1.65,12365,0.030188
train,train/images/nail_train_003430.jpg,train/masks/nail_train_003430.png,640,640,3,1,JPEG,PNG,40.42,1.34,7472,0.018242
train,train/images/nail_train_003434.jpg,train/masks/nail_train_003434.png,640,640,3,1,JPEG,PNG,27.22,1.07,2999,0.007322
train,train/images/nail_train_003435.jpg,train/masks/nail_train_003435.png,640,640,3,1,JPEG,PNG,26.72,1.75,9559,0.023337
train,train/images/nail_train_003436.jpg,train/masks/nail_train_003436.png,640,640,3,1,JPEG,PNG,25.54,1.82,9545,0.023303
train,train/images/nail_train_003437.jpg,train/masks/nail_train_003437.png,640,640,3,1,JPEG,PNG,26.96,2.29,21001,0.051272
train,train/images/nail_train_003438.jpg,train/masks/nail_train_003438.png,640,640,3,1,JPEG,PNG,23.22,2.6,20981,0.051223
train,train/images/nail_train_003439.jpg,train/masks/nail_train_003439.png,640,640,3,1,JPEG,PNG,30.81,1.51,6284,0.015342
train,train/images/nail_train_003441.jpg,train/masks/nail_train_003441.png,640,640,3,1,JPEG,PNG,24.13,1.25,4102,0.010015
train,train/images/nail_train_003442.jpg,train/masks/nail_train_003442.png,640,640,3,1,JPEG,PNG,23.96,1.16,4122,0.010063
train,train/images/nail_train_003443.jpg,train/masks/nail_train_003443.png,640,640,3,1,JPEG,PNG,68.39,2.95,23918,0.058394
train,train/images/nail_train_003444.jpg,train/masks/nail_train_003444.png,640,640,3,1,JPEG,PNG,59.52,3.06,23791,0.058083
train,train/images/nail_train_003446.jpg,train/masks/nail_train_003446.png,640,640,3,1,JPEG,PNG,26.67,1.14,4953,0.012092
train,train/images/nail_train_003447.jpg,train/masks/nail_train_003447.png,640,640,3,1,JPEG,PNG,33.52,1.57,9629,0.023508
train,train/images/nail_train_003448.jpg,train/masks/nail_train_003448.png,640,640,3,1,JPEG,PNG,41.2,1.52,9635,0.023523
train,train/images/nail_train_003450.jpg,train/masks/nail_train_003450.png,640,640,3,1,JPEG,PNG,29.09,2.75,52885,0.129114
train,train/images/nail_train_003451.jpg,train/masks/nail_train_003451.png,640,640,3,1,JPEG,PNG,25.3,3.22,52492,0.128154
train,train/images/nail_train_003452.jpg,train/masks/nail_train_003452.png,640,640,3,1,JPEG,PNG,29.09,2.65,52444,0.128037
train,train/images/nail_train_003453.jpg,train/masks/nail_train_003453.png,640,640,3,1,JPEG,PNG,29.12,2.66,51437,0.125579
train,train/images/nail_train_003454.jpg,train/masks/nail_train_003454.png,640,640,3,1,JPEG,PNG,25.66,2.87,51332,0.125322
train,train/images/nail_train_003455.jpg,train/masks/nail_train_003455.png,640,640,3,1,JPEG,PNG,31.42,1.99,13934,0.034019
train,train/images/nail_train_003456.jpg,train/masks/nail_train_003456.png,640,640,3,1,JPEG,PNG,29.73,1.7,13849,0.033811
train,train/images/nail_train_003457.jpg,train/masks/nail_train_003457.png,640,640,3,1,JPEG,PNG,33.41,1.69,7414,0.018101
train,train/images/nail_train_003458.jpg,train/masks/nail_train_003458.png,640,640,3,1,JPEG,PNG,43.43,1.22,7449,0.018186
train,train/images/nail_train_003459.jpg,train/masks/nail_train_003459.png,640,640,3,1,JPEG,PNG,32.33,1.19,4138,0.010103
train,train/images/nail_train_003460.jpg,train/masks/nail_train_003460.png,640,640,3,1,JPEG,PNG,29.07,1.35,4135,0.010095
train,train/images/nail_train_003461.jpg,train/masks/nail_train_003461.png,640,640,3,1,JPEG,PNG,23.03,2.03,14740,0.035986
train,train/images/nail_train_003462.jpg,train/masks/nail_train_003462.png,640,640,3,1,JPEG,PNG,37.35,1.94,14655,0.035779
train,train/images/nail_train_003463.jpg,train/masks/nail_train_003463.png,640,640,3,1,JPEG,PNG,67.84,1.71,8756,0.021377
train,train/images/nail_train_003464.jpg,train/masks/nail_train_003464.png,640,640,3,1,JPEG,PNG,73.29,1.25,8782,0.02144
train,train/images/nail_train_003465.jpg,train/masks/nail_train_003465.png,640,640,3,1,JPEG,PNG,21.41,2.57,31786,0.077603
train,train/images/nail_train_003466.jpg,train/masks/nail_train_003466.png,640,640,3,1,JPEG,PNG,36.57,2.53,14853,0.036262
train,train/images/nail_train_003467.jpg,train/masks/nail_train_003467.png,640,640,3,1,JPEG,PNG,23.75,2.9,32730,0.079907
train,train/images/nail_train_003468.jpg,train/masks/nail_train_003468.png,640,640,3,1,JPEG,PNG,32.11,2.52,14901,0.036379
train,train/images/nail_train_003469.jpg,train/masks/nail_train_003469.png,640,640,3,1,JPEG,PNG,27.52,2.13,20736,0.050625
train,train/images/nail_train_003470.jpg,train/masks/nail_train_003470.png,640,640,3,1,JPEG,PNG,30.07,2.07,20753,0.050667
train,train/images/nail_train_003471.jpg,train/masks/nail_train_003471.png,640,640,3,1,JPEG,PNG,20.58,1.65,12305,0.030042
train,train/images/nail_train_003472.jpg,train/masks/nail_train_003472.png,640,640,3,1,JPEG,PNG,20.45,2.18,12315,0.030066
train,train/images/nail_train_003473.jpg,train/masks/nail_train_003473.png,640,640,3,1,JPEG,PNG,27.19,1.46,5631,0.013748
train,train/images/nail_train_003474.jpg,train/masks/nail_train_003474.png,640,640,3,1,JPEG,PNG,26.35,1.28,5653,0.013801
train,train/images/nail_train_003475.jpg,train/masks/nail_train_003475.png,640,640,3,1,JPEG,PNG,27.35,1.34,4042,0.009868
train,train/images/nail_train_003476.jpg,train/masks/nail_train_003476.png,640,640,3,1,JPEG,PNG,27.99,1.26,4042,0.009868
train,train/images/nail_train_003477.jpg,train/masks/nail_train_003477.png,640,640,3,1,JPEG,PNG,26.11,1.27,5529,0.013499
train,train/images/nail_train_003479.jpg,train/masks/nail_train_003479.png,640,640,3,1,JPEG,PNG,29.42,2.12,12894,0.031479
train,train/images/nail_train_003481.jpg,train/masks/nail_train_003481.png,640,640,3,1,JPEG,PNG,27.53,1.48,8424,0.020566
train,train/images/nail_train_003482.jpg,train/masks/nail_train_003482.png,640,640,3,1,JPEG,PNG,28.61,1.56,8423,0.020564
train,train/images/nail_train_003483.jpg,train/masks/nail_train_003483.png,640,640,3,1,JPEG,PNG,34.53,2.48,25564,0.062412
train,train/images/nail_train_003484.jpg,train/masks/nail_train_003484.png,640,640,3,1,JPEG,PNG,35.66,2.9,25473,0.06219
train,train/images/nail_train_003485.jpg,train/masks/nail_train_003485.png,640,640,3,1,JPEG,PNG,58.75,1.24,3064,0.00748
train,train/images/nail_train_003486.jpg,train/masks/nail_train_003486.png,640,640,3,1,JPEG,PNG,78.52,1.13,3067,0.007488
train,train/images/nail_train_003487.jpg,train/masks/nail_train_003487.png,640,640,3,1,JPEG,PNG,22.96,2.09,17135,0.041833
train,train/images/nail_train_003488.jpg,train/masks/nail_train_003488.png,640,640,3,1,JPEG,PNG,62.49,1.34,5820,0.014209
train,train/images/nail_train_003489.jpg,train/masks/nail_train_003489.png,640,640,3,1,JPEG,PNG,50.23,1.37,5795,0.014148
train,train/images/nail_train_003490.jpg,train/masks/nail_train_003490.png,640,640,3,1,JPEG,PNG,23.81,2.03,17162,0.041899
train,train/images/nail_train_003491.jpg,train/masks/nail_train_003491.png,640,640,3,1,JPEG,PNG,17.6,1.21,4162,0.010161
train,train/images/nail_train_003493.jpg,train/masks/nail_train_003493.png,640,640,3,1,JPEG,PNG,27.52,1.77,10386,0.025356
train,train/images/nail_train_003494.jpg,train/masks/nail_train_003494.png,640,640,3,1,JPEG,PNG,24.62,1.83,10407,0.025408
train,train/images/nail_train_003495.jpg,train/masks/nail_train_003495.png,640,640,3,1,JPEG,PNG,16.93,1.56,7600,0.018555
train,train/images/nail_train_003496.jpg,train/masks/nail_train_003496.png,640,640,3,1,JPEG,PNG,24.2,1.55,7612,0.018584
train,train/images/nail_train_003497.jpg,train/masks/nail_train_003497.png,640,640,3,1,JPEG,PNG,27.75,1.27,4930,0.012036
train,train/images/nail_train_003499.jpg,train/masks/nail_train_003499.png,640,640,3,1,JPEG,PNG,28.47,1.46,7393,0.018049
train,train/images/nail_train_003500.jpg,train/masks/nail_train_003500.png,640,640,3,1,JPEG,PNG,26.67,1.35,7404,0.018076
train,train/images/nail_train_003501.jpg,train/masks/nail_train_003501.png,640,640,3,1,JPEG,PNG,26.06,1.98,15131,0.036941
train,train/images/nail_train_003502.jpg,train/masks/nail_train_003502.png,640,640,3,1,JPEG,PNG,27.34,1.56,15056,0.036758
train,train/images/nail_train_003503.jpg,train/masks/nail_train_003503.png,640,640,3,1,JPEG,PNG,28.74,1.42,7704,0.018809
train,train/images/nail_train_003504.jpg,train/masks/nail_train_003504.png,640,640,3,1,JPEG,PNG,28.45,1.36,7740,0.018896
train,train/images/nail_train_003505.jpg,train/masks/nail_train_003505.png,640,640,3,1,JPEG,PNG,52.95,3.75,55663,0.135896
train,train/images/nail_train_003507.jpg,train/masks/nail_train_003507.png,640,640,3,1,JPEG,PNG,30.03,1.55,7456,0.018203
train,train/images/nail_train_003509.jpg,train/masks/nail_train_003509.png,640,640,3,1,JPEG,PNG,31.96,1.22,4762,0.011626
train,train/images/nail_train_003511.jpg,train/masks/nail_train_003511.png,640,640,3,1,JPEG,PNG,28.74,1.92,9978,0.02436
train,train/images/nail_train_003512.jpg,train/masks/nail_train_003512.png,640,640,3,1,JPEG,PNG,26.74,1.53,9996,0.024404
train,train/images/nail_train_003513.jpg,train/masks/nail_train_003513.png,640,640,3,1,JPEG,PNG,26.43,2.56,31116,0.075967
train,train/images/nail_train_003514.jpg,train/masks/nail_train_003514.png,640,640,3,1,JPEG,PNG,32.67,2.79,31099,0.075925
train,train/images/nail_train_003515.jpg,train/masks/nail_train_003515.png,640,640,3,1,JPEG,PNG,27.15,2.52,21792,0.053203
train,train/images/nail_train_003516.jpg,train/masks/nail_train_003516.png,640,640,3,1,JPEG,PNG,26.2,2.26,21794,0.053208
train,train/images/nail_train_003517.jpg,train/masks/nail_train_003517.png,640,640,3,1,JPEG,PNG,31.06,1.41,6440,0.015723
train,train/images/nail_train_003518.jpg,train/masks/nail_train_003518.png,640,640,3,1,JPEG,PNG,29.54,1.47,6419,0.015671
train,train/images/nail_train_003519.jpg,train/masks/nail_train_003519.png,640,640,3,1,JPEG,PNG,21.85,1.85,13975,0.034119
train,train/images/nail_train_003520.jpg,train/masks/nail_train_003520.png,640,640,3,1,JPEG,PNG,23.52,1.59,13955,0.03407
train,train/images/nail_train_003521.jpg,train/masks/nail_train_003521.png,640,640,3,1,JPEG,PNG,33.79,1.48,6600,0.016113
train,train/images/nail_train_003522.jpg,train/masks/nail_train_003522.png,640,640,3,1,JPEG,PNG,32.54,1.48,6589,0.016086
train,train/images/nail_train_003523.jpg,train/masks/nail_train_003523.png,640,640,3,1,JPEG,PNG,30.07,1.33,2940,0.007178
train,train/images/nail_train_003524.jpg,train/masks/nail_train_003524.png,640,640,3,1,JPEG,PNG,33.88,1.06,2960,0.007227
train,train/images/nail_train_003525.jpg,train/masks/nail_train_003525.png,640,640,3,1,JPEG,PNG,33.8,1.08,3139,0.007664
train,train/images/nail_train_003526.jpg,train/masks/nail_train_003526.png,640,640,3,1,JPEG,PNG,31.56,1.29,3143,0.007673
train,train/images/nail_train_003527.jpg,train/masks/nail_train_003527.png,640,640,3,1,JPEG,PNG,33.14,1.39,7967,0.019451
train,train/images/nail_train_003528.jpg,train/masks/nail_train_003528.png,640,640,3,1,JPEG,PNG,29.55,1.47,7966,0.019448
train,train/images/nail_train_003529.jpg,train/masks/nail_train_003529.png,640,640,3,1,JPEG,PNG,31.92,0.96,1586,0.003872
train,train/images/nail_train_003530.jpg,train/masks/nail_train_003530.png,640,640,3,1,JPEG,PNG,43.61,0.97,1598,0.003901
train,train/images/nail_train_003531.jpg,train/masks/nail_train_003531.png,640,640,3,1,JPEG,PNG,26.55,1.77,20715,0.050574
train,train/images/nail_train_003532.jpg,train/masks/nail_train_003532.png,640,640,3,1,JPEG,PNG,26.04,1.54,20662,0.050444
train,train/images/nail_train_003533.jpg,train/masks/nail_train_003533.png,640,640,3,1,JPEG,PNG,21.7,1.9,17272,0.042168
train,train/images/nail_train_003534.jpg,train/masks/nail_train_003534.png,640,640,3,1,JPEG,PNG,23.98,1.72,17216,0.042031
train,train/images/nail_train_003535.jpg,train/masks/nail_train_003535.png,640,640,3,1,JPEG,PNG,62.16,3.84,41089,0.100315
train,train/images/nail_train_003536.jpg,train/masks/nail_train_003536.png,640,640,3,1,JPEG,PNG,74.91,3.86,41067,0.100261
train,train/images/nail_train_003538.jpg,train/masks/nail_train_003538.png,640,640,3,1,JPEG,PNG,26.59,1.26,3347,0.008171
train,train/images/nail_train_003539.jpg,train/masks/nail_train_003539.png,640,640,3,1,JPEG,PNG,34.82,2.22,26716,0.065225
train,train/images/nail_train_003542.jpg,train/masks/nail_train_003542.png,640,640,3,1,JPEG,PNG,34.91,1.33,6104,0.014902
train,train/images/nail_train_003543.jpg,train/masks/nail_train_003543.png,640,640,3,1,JPEG,PNG,23.16,1.34,5491,0.013406
train,train/images/nail_train_003544.jpg,train/masks/nail_train_003544.png,640,640,3,1,JPEG,PNG,21.46,1.41,5532,0.013506
train,train/images/nail_train_003545.jpg,train/masks/nail_train_003545.png,640,640,3,1,JPEG,PNG,24.83,1.33,6196,0.015127
train,train/images/nail_train_003547.jpg,train/masks/nail_train_003547.png,640,640,3,1,JPEG,PNG,23.96,0.91,2088,0.005098
train,train/images/nail_train_003549.jpg,train/masks/nail_train_003549.png,640,640,3,1,JPEG,PNG,23.96,0.96,2076,0.005068
train,train/images/nail_train_003550.jpg,train/masks/nail_train_003550.png,640,640,3,1,JPEG,PNG,22.36,2.21,24523,0.059871
train,train/images/nail_train_003551.jpg,train/masks/nail_train_003551.png,640,640,3,1,JPEG,PNG,30.9,3.2,61304,0.149668
train,train/images/nail_train_003553.jpg,train/masks/nail_train_003553.png,640,640,3,1,JPEG,PNG,29.67,3.02,60797,0.14843
train,train/images/nail_train_003554.jpg,train/masks/nail_train_003554.png,640,640,3,1,JPEG,PNG,28.84,1.48,6555,0.016003
train,train/images/nail_train_003555.jpg,train/masks/nail_train_003555.png,640,640,3,1,JPEG,PNG,31.7,1.96,16651,0.040652
train,train/images/nail_train_003556.jpg,train/masks/nail_train_003556.png,640,640,3,1,JPEG,PNG,35.75,1.57,6946,0.016958
train,train/images/nail_train_003557.jpg,train/masks/nail_train_003557.png,640,640,3,1,JPEG,PNG,44.68,1.42,6950,0.016968
train,train/images/nail_train_003558.jpg,train/masks/nail_train_003558.png,640,640,3,1,JPEG,PNG,32.59,2.33,16639,0.040623
train,train/images/nail_train_003560.jpg,train/masks/nail_train_003560.png,640,640,3,1,JPEG,PNG,31.79,1.7,13235,0.032312
train,train/images/nail_train_003562.jpg,train/masks/nail_train_003562.png,640,640,3,1,JPEG,PNG,32.71,1.43,4987,0.012175
train,train/images/nail_train_003563.jpg,train/masks/nail_train_003563.png,640,640,3,1,JPEG,PNG,78.35,1.78,12219,0.029832
train,train/images/nail_train_003564.jpg,train/masks/nail_train_003564.png,640,640,3,1,JPEG,PNG,92.24,1.39,12205,0.029797
train,train/images/nail_train_003565.jpg,train/masks/nail_train_003565.png,640,640,3,1,JPEG,PNG,46.74,1.42,6924,0.016904
train,train/images/nail_train_003566.jpg,train/masks/nail_train_003566.png,640,640,3,1,JPEG,PNG,51.32,1.52,6953,0.016975
train,train/images/nail_train_003567.jpg,train/masks/nail_train_003567.png,640,640,3,1,JPEG,PNG,32.48,1.32,3916,0.009561
train,train/images/nail_train_003568.jpg,train/masks/nail_train_003568.png,640,640,3,1,JPEG,PNG,33.45,1.15,3874,0.009458
train,train/images/nail_train_003569.jpg,train/masks/nail_train_003569.png,640,640,3,1,JPEG,PNG,31.81,1.78,11228,0.027412
train,train/images/nail_train_003571.jpg,train/masks/nail_train_003571.png,640,640,3,1,JPEG,PNG,65.01,1.43,6266,0.015298
train,train/images/nail_train_003572.jpg,train/masks/nail_train_003572.png,640,640,3,1,JPEG,PNG,32.81,1.72,11227,0.02741
train,train/images/nail_train_003573.jpg,train/masks/nail_train_003573.png,640,640,3,1,JPEG,PNG,43.25,1.28,5619,0.013718
train,train/images/nail_train_003574.jpg,train/masks/nail_train_003574.png,640,640,3,1,JPEG,PNG,25.05,1.23,4445,0.010852
train,train/images/nail_train_003576.jpg,train/masks/nail_train_003576.png,640,640,3,1,JPEG,PNG,27.62,1.36,5628,0.01374
train,train/images/nail_train_003577.jpg,train/masks/nail_train_003577.png,640,640,3,1,JPEG,PNG,34.41,2.14,10787,0.026335
train,train/images/nail_train_003578.jpg,train/masks/nail_train_003578.png,640,640,3,1,JPEG,PNG,37.53,1.72,10749,0.026243
train,train/images/nail_train_003579.jpg,train/masks/nail_train_003579.png,640,640,3,1,JPEG,PNG,30.17,1.55,8810,0.021509
train,train/images/nail_train_003580.jpg,train/masks/nail_train_003580.png,640,640,3,1,JPEG,PNG,21.77,1.63,8827,0.02155
train,train/images/nail_train_003581.jpg,train/masks/nail_train_003581.png,640,640,3,1,JPEG,PNG,21.84,1.52,9822,0.023979
train,train/images/nail_train_003582.jpg,train/masks/nail_train_003582.png,640,640,3,1,JPEG,PNG,22.49,1.6,9779,0.023875
train,train/images/nail_train_003584.jpg,train/masks/nail_train_003584.png,640,640,3,1,JPEG,PNG,37.12,1.63,4960,0.012109
train,train/images/nail_train_003585.jpg,train/masks/nail_train_003585.png,640,640,3,1,JPEG,PNG,48.46,1.66,9563,0.023347
train,train/images/nail_train_003586.jpg,train/masks/nail_train_003586.png,640,640,3,1,JPEG,PNG,35.44,1.86,9590,0.023413
train,train/images/nail_train_003588.jpg,train/masks/nail_train_003588.png,640,640,3,1,JPEG,PNG,29.4,2.27,18425,0.044983
train,train/images/nail_train_003589.jpg,train/masks/nail_train_003589.png,640,640,3,1,JPEG,PNG,30.98,2.22,18315,0.044714
train,train/images/nail_train_003590.jpg,train/masks/nail_train_003590.png,640,640,3,1,JPEG,PNG,27.67,2.11,18079,0.044138
train,train/images/nail_train_003591.jpg,train/masks/nail_train_003591.png,640,640,3,1,JPEG,PNG,25.14,1.58,8397,0.0205
train,train/images/nail_train_003592.jpg,train/masks/nail_train_003592.png,640,640,3,1,JPEG,PNG,18.13,1.56,6770,0.016528
train,train/images/nail_train_003593.jpg,train/masks/nail_train_003593.png,640,640,3,1,JPEG,PNG,19.89,1.45,6822,0.016655
train,train/images/nail_train_003594.jpg,train/masks/nail_train_003594.png,640,640,3,1,JPEG,PNG,22.4,1.62,8377,0.020452
train,train/images/nail_train_003595.jpg,train/masks/nail_train_003595.png,640,640,3,1,JPEG,PNG,35.28,1.49,5544,0.013535
train,train/images/nail_train_003596.jpg,train/masks/nail_train_003596.png,640,640,3,1,JPEG,PNG,40.42,2.75,22589,0.055149
train,train/images/nail_train_003598.jpg,train/masks/nail_train_003598.png,640,640,3,1,JPEG,PNG,60.52,2.81,22639,0.055271
train,train/images/nail_train_003599.jpg,train/masks/nail_train_003599.png,640,640,3,1,JPEG,PNG,27.14,1.3,3940,0.009619
train,train/images/nail_train_003600.jpg,train/masks/nail_train_003600.png,640,640,3,1,JPEG,PNG,25.68,1.36,3959,0.009666
train,train/images/nail_train_003601.jpg,train/masks/nail_train_003601.png,640,640,3,1,JPEG,PNG,34.51,1.36,6039,0.014744
train,train/images/nail_train_003602.jpg,train/masks/nail_train_003602.png,640,640,3,1,JPEG,PNG,37.69,1.39,6656,0.01625
train,train/images/nail_train_003603.jpg,train/masks/nail_train_003603.png,640,640,3,1,JPEG,PNG,27.62,1.39,6061,0.014797
train,train/images/nail_train_003604.jpg,train/masks/nail_train_003604.png,640,640,3,1,JPEG,PNG,36.86,1.46,6642,0.016216
train,train/images/nail_train_003605.jpg,train/masks/nail_train_003605.png,640,640,3,1,JPEG,PNG,30.55,1.01,3616,0.008828
train,train/images/nail_train_003606.jpg,train/masks/nail_train_003606.png,640,640,3,1,JPEG,PNG,27.71,1.15,3652,0.008916
train,train/images/nail_train_003608.jpg,train/masks/nail_train_003608.png,640,640,3,1,JPEG,PNG,33.75,1.79,7656,0.018691
train,train/images/nail_train_003609.jpg,train/masks/nail_train_003609.png,640,640,3,1,JPEG,PNG,29.8,1.82,10859,0.026511
train,train/images/nail_train_003610.jpg,train/masks/nail_train_003610.png,640,640,3,1,JPEG,PNG,30,1.85,10898,0.026606
train,train/images/nail_train_003611.jpg,train/masks/nail_train_003611.png,640,640,3,1,JPEG,PNG,29.7,1.63,10350,0.025269
train,train/images/nail_train_003612.jpg,train/masks/nail_train_003612.png,640,640,3,1,JPEG,PNG,26.55,1.63,10321,0.025198
train,train/images/nail_train_003613.jpg,train/masks/nail_train_003613.png,640,640,3,1,JPEG,PNG,38.96,2.79,22040,0.053809
train,train/images/nail_train_003614.jpg,train/masks/nail_train_003614.png,640,640,3,1,JPEG,PNG,29.41,3.22,22049,0.053831
train,train/images/nail_train_003615.jpg,train/masks/nail_train_003615.png,640,640,3,1,JPEG,PNG,25.5,2.75,157029,0.383372
train,train/images/nail_train_003616.jpg,train/masks/nail_train_003616.png,640,640,3,1,JPEG,PNG,22.2,3,169485,0.413782
train,train/images/nail_train_003617.jpg,train/masks/nail_train_003617.png,640,640,3,1,JPEG,PNG,22.88,2.53,170195,0.415515
train,train/images/nail_train_003618.jpg,train/masks/nail_train_003618.png,640,640,3,1,JPEG,PNG,25.21,2.78,156831,0.382888
train,train/images/nail_train_003620.jpg,train/masks/nail_train_003620.png,640,640,3,1,JPEG,PNG,25.28,2.63,258866,0.631997
train,train/images/nail_train_003621.jpg,train/masks/nail_train_003621.png,640,640,3,1,JPEG,PNG,30.51,1.31,2216,0.00541
train,train/images/nail_train_003622.jpg,train/masks/nail_train_003622.png,640,640,3,1,JPEG,PNG,32.05,1.27,2196,0.005361
train,train/images/nail_train_003623.jpg,train/masks/nail_train_003623.png,640,640,3,1,JPEG,PNG,32.05,1.27,2196,0.005361
train,train/images/nail_train_003624.jpg,train/masks/nail_train_003624.png,640,640,3,1,JPEG,PNG,31.17,1.19,2192,0.005352
train,train/images/nail_train_003625.jpg,train/masks/nail_train_003625.png,640,640,3,1,JPEG,PNG,21.58,1.6,9119,0.022263
train,train/images/nail_train_003626.jpg,train/masks/nail_train_003626.png,640,640,3,1,JPEG,PNG,30.02,1.33,6165,0.015051
train,train/images/nail_train_003627.jpg,train/masks/nail_train_003627.png,640,640,3,1,JPEG,PNG,27.96,1.33,6186,0.015103
train,train/images/nail_train_003628.jpg,train/masks/nail_train_003628.png,640,640,3,1,JPEG,PNG,22.2,1.79,8742,0.021343
train,train/images/nail_train_003629.jpg,train/masks/nail_train_003629.png,640,640,3,1,JPEG,PNG,21.83,1.92,9080,0.022168
train,train/images/nail_train_003630.jpg,train/masks/nail_train_003630.png,640,640,3,1,JPEG,PNG,21.58,1.58,8756,0.021377
train,train/images/nail_train_003631.jpg,train/masks/nail_train_003631.png,640,640,3,1,JPEG,PNG,48.73,1.86,6859,0.016746
train,train/images/nail_train_003632.jpg,train/masks/nail_train_003632.png,640,640,3,1,JPEG,PNG,43.16,2.21,6867,0.016765
train,train/images/nail_train_003633.jpg,train/masks/nail_train_003633.png,640,640,3,1,JPEG,PNG,52.46,0.47,0,0
train,train/images/nail_train_003634.jpg,train/masks/nail_train_003634.png,640,640,3,1,JPEG,PNG,74.65,0.47,0,0
train,train/images/nail_train_003636.jpg,train/masks/nail_train_003636.png,640,640,3,1,JPEG,PNG,38.17,0.47,0,0
train,train/images/nail_train_003637.jpg,train/masks/nail_train_003637.png,640,640,3,1,JPEG,PNG,46.92,1.47,5811,0.014187
train,train/images/nail_train_003638.jpg,train/masks/nail_train_003638.png,640,640,3,1,JPEG,PNG,53.16,1.46,5775,0.014099
train,train/images/nail_train_003639.jpg,train/masks/nail_train_003639.png,640,640,3,1,JPEG,PNG,40.67,1.41,7132,0.017412
train,train/images/nail_train_003640.jpg,train/masks/nail_train_003640.png,640,640,3,1,JPEG,PNG,31.43,1.65,7433,0.018147
train,train/images/nail_train_003641.jpg,train/masks/nail_train_003641.png,640,640,3,1,JPEG,PNG,40.67,1.46,7454,0.018198
train,train/images/nail_train_003642.jpg,train/masks/nail_train_003642.png,640,640,3,1,JPEG,PNG,27.95,1.66,7133,0.017415
train,train/images/nail_train_003643.jpg,train/masks/nail_train_003643.png,640,640,3,1,JPEG,PNG,34.02,2.71,30778,0.075142
train,train/images/nail_train_003644.jpg,train/masks/nail_train_003644.png,640,640,3,1,JPEG,PNG,33.36,2.63,30768,0.075117
train,train/images/nail_train_003645.jpg,train/masks/nail_train_003645.png,640,640,3,1,JPEG,PNG,27.88,1.23,4269,0.010422
train,train/images/nail_train_003647.jpg,train/masks/nail_train_003647.png,640,640,3,1,JPEG,PNG,27.99,1.22,4243,0.010359
train,train/images/nail_train_003648.jpg,train/masks/nail_train_003648.png,640,640,3,1,JPEG,PNG,27.21,1.58,9520,0.023242
train,train/images/nail_train_003649.jpg,train/masks/nail_train_003649.png,640,640,3,1,JPEG,PNG,27.84,2.27,22287,0.054412
train,train/images/nail_train_003650.jpg,train/masks/nail_train_003650.png,640,640,3,1,JPEG,PNG,32.13,2.26,22256,0.054336
train,train/images/nail_train_003651.jpg,train/masks/nail_train_003651.png,640,640,3,1,JPEG,PNG,37,2.04,10348,0.025264
train,train/images/nail_train_003652.jpg,train/masks/nail_train_003652.png,640,640,3,1,JPEG,PNG,37.81,2.03,10366,0.025308
train,train/images/nail_train_003653.jpg,train/masks/nail_train_003653.png,640,640,3,1,JPEG,PNG,37.94,1.46,5929,0.014475
train,train/images/nail_train_003654.jpg,train/masks/nail_train_003654.png,640,640,3,1,JPEG,PNG,36.86,1.52,5919,0.014451
train,train/images/nail_train_003655.jpg,train/masks/nail_train_003655.png,640,640,3,1,JPEG,PNG,44.49,1.15,3995,0.009753
train,train/images/nail_train_003657.jpg,train/masks/nail_train_003657.png,640,640,3,1,JPEG,PNG,38.61,1.38,4022,0.009819
train,train/images/nail_train_003658.jpg,train/masks/nail_train_003658.png,640,640,3,1,JPEG,PNG,23.27,1.36,5091,0.012429
train,train/images/nail_train_003659.jpg,train/masks/nail_train_003659.png,640,640,3,1,JPEG,PNG,54.47,1.49,6900,0.016846
train,train/images/nail_train_003660.jpg,train/masks/nail_train_003660.png,640,640,3,1,JPEG,PNG,25.64,1.69,7935,0.019373
train,train/images/nail_train_003661.jpg,train/masks/nail_train_003661.png,640,640,3,1,JPEG,PNG,39.95,1.61,6860,0.016748
train,train/images/nail_train_003662.jpg,train/masks/nail_train_003662.png,640,640,3,1,JPEG,PNG,23.99,1.56,7930,0.01936
train,train/images/nail_train_003663.jpg,train/masks/nail_train_003663.png,640,640,3,1,JPEG,PNG,24.31,1.91,17534,0.042808
train,train/images/nail_train_003664.jpg,train/masks/nail_train_003664.png,640,640,3,1,JPEG,PNG,25.27,2.08,17582,0.042925
train,train/images/nail_train_003665.jpg,train/masks/nail_train_003665.png,640,640,3,1,JPEG,PNG,82.54,1.33,10190,0.024878
train,train/images/nail_train_003666.jpg,train/masks/nail_train_003666.png,640,640,3,1,JPEG,PNG,65.91,1.56,10234,0.024985
train,train/images/nail_train_003667.jpg,train/masks/nail_train_003667.png,640,640,3,1,JPEG,PNG,23.22,1.34,4655,0.011365
train,train/images/nail_train_003668.jpg,train/masks/nail_train_003668.png,640,640,3,1,JPEG,PNG,28.04,1.3,7657,0.018694
train,train/images/nail_train_003669.jpg,train/masks/nail_train_003669.png,640,640,3,1,JPEG,PNG,24.05,1.26,4638,0.011323
train,train/images/nail_train_003670.jpg,train/masks/nail_train_003670.png,640,640,3,1,JPEG,PNG,23.38,1.66,7677,0.018743
train,train/images/nail_train_003671.jpg,train/masks/nail_train_003671.png,640,640,3,1,JPEG,PNG,18.74,1.27,5410,0.013208
train,train/images/nail_train_003673.jpg,train/masks/nail_train_003673.png,640,640,3,1,JPEG,PNG,26.65,2.23,22435,0.054773
train,train/images/nail_train_003674.jpg,train/masks/nail_train_003674.png,640,640,3,1,JPEG,PNG,37.67,1.22,5362,0.013091
train,train/images/nail_train_003675.jpg,train/masks/nail_train_003675.png,640,640,3,1,JPEG,PNG,28.29,1.45,5681,0.01387
train,train/images/nail_train_003676.jpg,train/masks/nail_train_003676.png,640,640,3,1,JPEG,PNG,25.11,1.52,5483,0.013386
train,train/images/nail_train_003678.jpg,train/masks/nail_train_003678.png,640,640,3,1,JPEG,PNG,26.21,1.24,5668,0.013838
train,train/images/nail_train_003679.jpg,train/masks/nail_train_003679.png,640,640,3,1,JPEG,PNG,25.51,1.48,6232,0.015215
train,train/images/nail_train_003682.jpg,train/masks/nail_train_003682.png,640,640,3,1,JPEG,PNG,27.58,2.14,24810,0.060571
train,train/images/nail_train_003684.jpg,train/masks/nail_train_003684.png,640,640,3,1,JPEG,PNG,28.7,1.37,6059,0.014792
train,train/images/nail_train_003685.jpg,train/masks/nail_train_003685.png,640,640,3,1,JPEG,PNG,28.53,1.15,6033,0.014729
train,train/images/nail_train_003686.jpg,train/masks/nail_train_003686.png,640,640,3,1,JPEG,PNG,23.59,1.55,6616,0.016152
train,train/images/nail_train_003688.jpg,train/masks/nail_train_003688.png,640,640,3,1,JPEG,PNG,30.45,1.78,5109,0.012473
train,train/images/nail_train_003689.jpg,train/masks/nail_train_003689.png,640,640,3,1,JPEG,PNG,22.93,1.39,5545,0.013538
train,train/images/nail_train_003690.jpg,train/masks/nail_train_003690.png,640,640,3,1,JPEG,PNG,22.65,1.36,5557,0.013567
train,train/images/nail_train_003691.jpg,train/masks/nail_train_003691.png,640,640,3,1,JPEG,PNG,21.08,1.37,5513,0.013459
train,train/images/nail_train_003692.jpg,train/masks/nail_train_003692.png,640,640,3,1,JPEG,PNG,21.3,1.35,5571,0.013601
train,train/images/nail_train_003693.jpg,train/masks/nail_train_003693.png,640,640,3,1,JPEG,PNG,26.9,1.37,4950,0.012085
train,train/images/nail_train_003695.jpg,train/masks/nail_train_003695.png,640,640,3,1,JPEG,PNG,35.48,1.25,6682,0.016313
train,train/images/nail_train_003696.jpg,train/masks/nail_train_003696.png,640,640,3,1,JPEG,PNG,35.57,1.6,8497,0.020745
train,train/images/nail_train_003697.jpg,train/masks/nail_train_003697.png,640,640,3,1,JPEG,PNG,29.08,1.24,6644,0.016221
train,train/images/nail_train_003699.jpg,train/masks/nail_train_003699.png,640,640,3,1,JPEG,PNG,18.57,1.23,3749,0.009153
train,train/images/nail_train_003700.jpg,train/masks/nail_train_003700.png,640,640,3,1,JPEG,PNG,17.03,1.11,3915,0.009558
train,train/images/nail_train_003701.jpg,train/masks/nail_train_003701.png,640,640,3,1,JPEG,PNG,32.61,1.99,7698,0.018794
train,train/images/nail_train_003702.jpg,train/masks/nail_train_003702.png,640,640,3,1,JPEG,PNG,19.08,1.49,8831,0.02156
train,train/images/nail_train_003703.jpg,train/masks/nail_train_003703.png,640,640,3,1,JPEG,PNG,40.97,1.9,7719,0.018845
train,train/images/nail_train_003704.jpg,train/masks/nail_train_003704.png,640,640,3,1,JPEG,PNG,22.07,1.52,8810,0.021509
train,train/images/nail_train_003705.jpg,train/masks/nail_train_003705.png,640,640,3,1,JPEG,PNG,24.18,1.89,11769,0.028733
train,train/images/nail_train_003706.jpg,train/masks/nail_train_003706.png,640,640,3,1,JPEG,PNG,27.12,2.21,19783,0.048298
train,train/images/nail_train_003707.jpg,train/masks/nail_train_003707.png,640,640,3,1,JPEG,PNG,30.31,1.49,11741,0.028665
train,train/images/nail_train_003710.jpg,train/masks/nail_train_003710.png,640,640,3,1,JPEG,PNG,54.15,1.64,8032,0.019609
train,train/images/nail_train_003711.jpg,train/masks/nail_train_003711.png,640,640,3,1,JPEG,PNG,39.19,1.75,8050,0.019653
train,train/images/nail_train_003713.jpg,train/masks/nail_train_003713.png,640,640,3,1,JPEG,PNG,40.35,1.84,7143,0.017439
train,train/images/nail_train_003714.jpg,train/masks/nail_train_003714.png,640,640,3,1,JPEG,PNG,51.44,1.59,7182,0.017534
train,train/images/nail_train_003715.jpg,train/masks/nail_train_003715.png,640,640,3,1,JPEG,PNG,23.75,2.12,20535,0.050134
train,train/images/nail_train_003716.jpg,train/masks/nail_train_003716.png,640,640,3,1,JPEG,PNG,23.96,2.33,20469,0.049973
train,train/images/nail_train_003718.jpg,train/masks/nail_train_003718.png,640,640,3,1,JPEG,PNG,28.15,1.21,4452,0.010869
train,train/images/nail_train_003720.jpg,train/masks/nail_train_003720.png,640,640,3,1,JPEG,PNG,19.66,1.46,8772,0.021416
train,train/images/nail_train_003721.jpg,train/masks/nail_train_003721.png,640,640,3,1,JPEG,PNG,23.61,1.83,14479,0.035349
train,train/images/nail_train_003723.jpg,train/masks/nail_train_003723.png,640,640,3,1,JPEG,PNG,27.25,3.03,40625,0.099182
train,train/images/nail_train_003724.jpg,train/masks/nail_train_003724.png,640,640,3,1,JPEG,PNG,28.4,3.21,43078,0.105171
train,train/images/nail_train_003725.jpg,train/masks/nail_train_003725.png,640,640,3,1,JPEG,PNG,28.4,3.22,44079,0.107615
train,train/images/nail_train_003726.jpg,train/masks/nail_train_003726.png,640,640,3,1,JPEG,PNG,29.61,3.25,41156,0.100479
train,train/images/nail_train_003727.jpg,train/masks/nail_train_003727.png,640,640,3,1,JPEG,PNG,25.73,1.2,5280,0.012891
train,train/images/nail_train_003728.jpg,train/masks/nail_train_003728.png,640,640,3,1,JPEG,PNG,25.21,1.53,5289,0.012913
train,train/images/nail_train_003730.jpg,train/masks/nail_train_003730.png,640,640,3,1,JPEG,PNG,33.54,1.49,4737,0.011565
train,train/images/nail_train_003731.jpg,train/masks/nail_train_003731.png,640,640,3,1,JPEG,PNG,51.38,1.43,4449,0.010862
train,train/images/nail_train_003734.jpg,train/masks/nail_train_003734.png,640,640,3,1,JPEG,PNG,26.9,1.66,7964,0.019443
train,train/images/nail_train_003735.jpg,train/masks/nail_train_003735.png,640,640,3,1,JPEG,PNG,23.17,2.52,25251,0.061648
train,train/images/nail_train_003736.jpg,train/masks/nail_train_003736.png,640,640,3,1,JPEG,PNG,28.19,1.72,7989,0.019504
train,train/images/nail_train_003737.jpg,train/masks/nail_train_003737.png,640,640,3,1,JPEG,PNG,17.17,1.41,6434,0.015708
train,train/images/nail_train_003738.jpg,train/masks/nail_train_003738.png,640,640,3,1,JPEG,PNG,30.37,1.7,12614,0.030796
train,train/images/nail_train_003739.jpg,train/masks/nail_train_003739.png,640,640,3,1,JPEG,PNG,15.85,1.24,6468,0.015791
train,train/images/nail_train_003740.jpg,train/masks/nail_train_003740.png,640,640,3,1,JPEG,PNG,31.17,1.85,12610,0.030786
train,train/images/nail_train_003741.jpg,train/masks/nail_train_003741.png,640,640,3,1,JPEG,PNG,23.18,1.7,7750,0.018921
train,train/images/nail_train_003742.jpg,train/masks/nail_train_003742.png,640,640,3,1,JPEG,PNG,23.49,1.81,7780,0.018994
train,train/images/nail_train_003743.jpg,train/masks/nail_train_003743.png,640,640,3,1,JPEG,PNG,32.92,1.4,4776,0.01166
train,train/images/nail_train_003744.jpg,train/masks/nail_train_003744.png,640,640,3,1,JPEG,PNG,32.43,1.34,4797,0.011711
train,train/images/nail_train_003745.jpg,train/masks/nail_train_003745.png,640,640,3,1,JPEG,PNG,33.19,1.13,3337,0.008147
train,train/images/nail_train_003746.jpg,train/masks/nail_train_003746.png,640,640,3,1,JPEG,PNG,26.79,1.28,3346,0.008169
train,train/images/nail_train_003747.jpg,train/masks/nail_train_003747.png,640,640,3,1,JPEG,PNG,26.14,1.86,10579,0.025828
train,train/images/nail_train_003748.jpg,train/masks/nail_train_003748.png,640,640,3,1,JPEG,PNG,26.86,1.77,10586,0.025845
train,train/images/nail_train_003749.jpg,train/masks/nail_train_003749.png,640,640,3,1,JPEG,PNG,18.28,1.33,5425,0.013245
train,train/images/nail_train_003751.jpg,train/masks/nail_train_003751.png,640,640,3,1,JPEG,PNG,32.29,1.25,4272,0.01043
train,train/images/nail_train_003752.jpg,train/masks/nail_train_003752.png,640,640,3,1,JPEG,PNG,23.78,1.29,4052,0.009893
train,train/images/nail_train_003753.jpg,train/masks/nail_train_003753.png,640,640,3,1,JPEG,PNG,33.05,2.97,15091,0.036843
train,train/images/nail_train_003754.jpg,train/masks/nail_train_003754.png,640,640,3,1,JPEG,PNG,31.25,3.48,15159,0.037009
train,train/images/nail_train_003756.jpg,train/masks/nail_train_003756.png,640,640,3,1,JPEG,PNG,24.38,1.34,8018,0.019575
train,train/images/nail_train_003757.jpg,train/masks/nail_train_003757.png,640,640,3,1,JPEG,PNG,25.89,1.56,8011,0.019558
train,train/images/nail_train_003758.jpg,train/masks/nail_train_003758.png,640,640,3,1,JPEG,PNG,36.68,1.52,8036,0.019619
train,train/images/nail_train_003760.jpg,train/masks/nail_train_003760.png,640,640,3,1,JPEG,PNG,23.26,1.19,5205,0.012708
train,train/images/nail_train_003761.jpg,train/masks/nail_train_003761.png,640,640,3,1,JPEG,PNG,41.35,1.43,6894,0.016831
train,train/images/nail_train_003762.jpg,train/masks/nail_train_003762.png,640,640,3,1,JPEG,PNG,25.94,1.33,5196,0.012686
train,train/images/nail_train_003763.jpg,train/masks/nail_train_003763.png,640,640,3,1,JPEG,PNG,29.02,1.47,7527,0.018376
train,train/images/nail_train_003764.jpg,train/masks/nail_train_003764.png,640,640,3,1,JPEG,PNG,25.34,1.53,7559,0.018455
train,train/images/nail_train_003765.jpg,train/masks/nail_train_003765.png,640,640,3,1,JPEG,PNG,22.51,1.7,8629,0.021067
train,train/images/nail_train_003766.jpg,train/masks/nail_train_003766.png,640,640,3,1,JPEG,PNG,22.37,1.65,8676,0.021182
train,train/images/nail_train_003767.jpg,train/masks/nail_train_003767.png,640,640,3,1,JPEG,PNG,39.54,2.03,11522,0.02813
train,train/images/nail_train_003768.jpg,train/masks/nail_train_003768.png,640,640,3,1,JPEG,PNG,29.53,2.04,11519,0.028123
train,train/images/nail_train_003769.jpg,train/masks/nail_train_003769.png,640,640,3,1,JPEG,PNG,21.25,1.33,3672,0.008965
train,train/images/nail_train_003770.jpg,train/masks/nail_train_003770.png,640,640,3,1,JPEG,PNG,23.19,1.22,3675,0.008972
train,train/images/nail_train_003771.jpg,train/masks/nail_train_003771.png,640,640,3,1,JPEG,PNG,42.28,1.02,1489,0.003635
train,train/images/nail_train_003772.jpg,train/masks/nail_train_003772.png,640,640,3,1,JPEG,PNG,46.45,1.03,1509,0.003684
train,train/images/nail_train_003773.jpg,train/masks/nail_train_003773.png,640,640,3,1,JPEG,PNG,30.39,1.66,10163,0.024812
train,train/images/nail_train_003774.jpg,train/masks/nail_train_003774.png,640,640,3,1,JPEG,PNG,32.67,1.71,10120,0.024707
train,train/images/nail_train_003776.jpg,train/masks/nail_train_003776.png,640,640,3,1,JPEG,PNG,33.85,1.47,7423,0.018123
train,train/images/nail_train_003778.jpg,train/masks/nail_train_003778.png,640,640,3,1,JPEG,PNG,26.46,1.47,5971,0.014578
train,train/images/nail_train_003779.jpg,train/masks/nail_train_003779.png,640,640,3,1,JPEG,PNG,33.41,1.68,9669,0.023606
train,train/images/nail_train_003780.jpg,train/masks/nail_train_003780.png,640,640,3,1,JPEG,PNG,31.21,1.38,5966,0.014565
train,train/images/nail_train_003783.jpg,train/masks/nail_train_003783.png,640,640,3,1,JPEG,PNG,28.56,1.35,5042,0.01231
train,train/images/nail_train_003784.jpg,train/masks/nail_train_003784.png,640,640,3,1,JPEG,PNG,16.75,1.15,3666,0.00895
train,train/images/nail_train_003785.jpg,train/masks/nail_train_003785.png,640,640,3,1,JPEG,PNG,39.35,1.7,5507,0.013445
train,train/images/nail_train_003787.jpg,train/masks/nail_train_003787.png,640,640,3,1,JPEG,PNG,31.13,1.46,6270,0.015308
train,train/images/nail_train_003788.jpg,train/masks/nail_train_003788.png,640,640,3,1,JPEG,PNG,31.05,1.29,6279,0.01533
train,train/images/nail_train_003789.jpg,train/masks/nail_train_003789.png,640,640,3,1,JPEG,PNG,36.63,2.77,44422,0.108452
train,train/images/nail_train_003790.jpg,train/masks/nail_train_003790.png,640,640,3,1,JPEG,PNG,36.61,3.12,44622,0.10894
train,train/images/nail_train_003791.jpg,train/masks/nail_train_003791.png,640,640,3,1,JPEG,PNG,23.68,1.42,7664,0.018711
train,train/images/nail_train_003793.jpg,train/masks/nail_train_003793.png,640,640,3,1,JPEG,PNG,24.58,1.56,5244,0.012803
train,train/images/nail_train_003794.jpg,train/masks/nail_train_003794.png,640,640,3,1,JPEG,PNG,26.78,1.27,5214,0.012729
train,train/images/nail_train_003795.jpg,train/masks/nail_train_003795.png,640,640,3,1,JPEG,PNG,43.79,1.54,8501,0.020754
train,train/images/nail_train_003796.jpg,train/masks/nail_train_003796.png,640,640,3,1,JPEG,PNG,42.14,1.47,8507,0.020769
train,train/images/nail_train_003797.jpg,train/masks/nail_train_003797.png,640,640,3,1,JPEG,PNG,25.48,1.76,11138,0.027192
train,train/images/nail_train_003798.jpg,train/masks/nail_train_003798.png,640,640,3,1,JPEG,PNG,37.58,1.38,9165,0.022375
train,train/images/nail_train_003799.jpg,train/masks/nail_train_003799.png,640,640,3,1,JPEG,PNG,41.11,1.34,9121,0.022268
train,train/images/nail_train_003800.jpg,train/masks/nail_train_003800.png,640,640,3,1,JPEG,PNG,26.05,1.76,11142,0.027202
train,train/images/nail_train_003801.jpg,train/masks/nail_train_003801.png,640,640,3,1,JPEG,PNG,36.32,1.5,6166,0.015054
train,train/images/nail_train_003802.jpg,train/masks/nail_train_003802.png,640,640,3,1,JPEG,PNG,38.03,1.73,13475,0.032898
train,train/images/nail_train_003803.jpg,train/masks/nail_train_003803.png,640,640,3,1,JPEG,PNG,36.17,2.06,13181,0.03218
train,train/images/nail_train_003804.jpg,train/masks/nail_train_003804.png,640,640,3,1,JPEG,PNG,26.98,1.27,6140,0.01499
train,train/images/nail_train_003805.jpg,train/masks/nail_train_003805.png,640,640,3,1,JPEG,PNG,58.54,3.12,62330,0.152173
train,train/images/nail_train_003806.jpg,train/masks/nail_train_003806.png,640,640,3,1,JPEG,PNG,46.93,2.76,62330,0.152173
train,train/images/nail_train_003809.jpg,train/masks/nail_train_003809.png,640,640,3,1,JPEG,PNG,33.73,1.31,3369,0.008225
train,train/images/nail_train_003810.jpg,train/masks/nail_train_003810.png,640,640,3,1,JPEG,PNG,40.63,1.09,3344,0.008164
train,train/images/nail_train_003811.jpg,train/masks/nail_train_003811.png,640,640,3,1,JPEG,PNG,28.58,1.65,7029,0.017161
train,train/images/nail_train_003812.jpg,train/masks/nail_train_003812.png,640,640,3,1,JPEG,PNG,30.69,1.39,7023,0.017146
train,train/images/nail_train_003813.jpg,train/masks/nail_train_003813.png,640,640,3,1,JPEG,PNG,32.09,1.48,5078,0.012397
train,train/images/nail_train_003814.jpg,train/masks/nail_train_003814.png,640,640,3,1,JPEG,PNG,37.5,1.18,5059,0.012351
train,train/images/nail_train_003815.jpg,train/masks/nail_train_003815.png,640,640,3,1,JPEG,PNG,23.21,1.59,7627,0.018621
train,train/images/nail_train_003816.jpg,train/masks/nail_train_003816.png,640,640,3,1,JPEG,PNG,25.79,1.56,7639,0.01865
train,train/images/nail_train_003817.jpg,train/masks/nail_train_003817.png,640,640,3,1,JPEG,PNG,47.74,1.34,6916,0.016885
train,train/images/nail_train_003818.jpg,train/masks/nail_train_003818.png,640,640,3,1,JPEG,PNG,33.8,1.66,6929,0.016917
train,train/images/nail_train_003819.jpg,train/masks/nail_train_003819.png,640,640,3,1,JPEG,PNG,24.92,1.12,3277,0.008
train,train/images/nail_train_003820.jpg,train/masks/nail_train_003820.png,640,640,3,1,JPEG,PNG,23.48,1.1,3254,0.007944
train,train/images/nail_train_003822.jpg,train/masks/nail_train_003822.png,640,640,3,1,JPEG,PNG,34.97,1.31,5615,0.013708
train,train/images/nail_train_003823.jpg,train/masks/nail_train_003823.png,640,640,3,1,JPEG,PNG,26.38,1.18,6760,0.016504
train,train/images/nail_train_003826.jpg,train/masks/nail_train_003826.png,640,640,3,1,JPEG,PNG,51.8,1.21,3494,0.00853
train,train/images/nail_train_003827.jpg,train/masks/nail_train_003827.png,640,640,3,1,JPEG,PNG,45.41,1.76,13023,0.031794
train,train/images/nail_train_003828.jpg,train/masks/nail_train_003828.png,640,640,3,1,JPEG,PNG,35.34,1.78,12976,0.03168
train,train/images/nail_train_003830.jpg,train/masks/nail_train_003830.png,640,640,3,1,JPEG,PNG,32.45,1.4,6279,0.01533
train,train/images/nail_train_003833.jpg,train/masks/nail_train_003833.png,640,640,3,1,JPEG,PNG,27.81,1.67,5665,0.013831
train,train/images/nail_train_003835.jpg,train/masks/nail_train_003835.png,640,640,3,1,JPEG,PNG,32.82,2.03,19003,0.046394
train,train/images/nail_train_003837.jpg,train/masks/nail_train_003837.png,640,640,3,1,JPEG,PNG,29.97,2.4,18972,0.046318
train,train/images/nail_train_003839.jpg,train/masks/nail_train_003839.png,640,640,3,1,JPEG,PNG,37.29,1.15,5287,0.012908
train,train/images/nail_train_003840.jpg,train/masks/nail_train_003840.png,640,640,3,1,JPEG,PNG,35.32,1.17,5285,0.012903
train,train/images/nail_train_003841.jpg,train/masks/nail_train_003841.png,640,640,3,1,JPEG,PNG,20.22,1.47,6072,0.014824
train,train/images/nail_train_003842.jpg,train/masks/nail_train_003842.png,640,640,3,1,JPEG,PNG,19.69,1.62,6053,0.014778
train,train/images/nail_train_003843.jpg,train/masks/nail_train_003843.png,640,640,3,1,JPEG,PNG,37.29,1.11,2590,0.006323
train,train/images/nail_train_003844.jpg,train/masks/nail_train_003844.png,640,640,3,1,JPEG,PNG,30.66,1.16,2590,0.006323
train,train/images/nail_train_003845.jpg,train/masks/nail_train_003845.png,640,640,3,1,JPEG,PNG,27.65,2.09,16406,0.040054
train,train/images/nail_train_003846.jpg,train/masks/nail_train_003846.png,640,640,3,1,JPEG,PNG,63.71,1.21,3340,0.008154
train,train/images/nail_train_003847.jpg,train/masks/nail_train_003847.png,640,640,3,1,JPEG,PNG,27.6,1.99,16432,0.040117
train,train/images/nail_train_003848.jpg,train/masks/nail_train_003848.png,640,640,3,1,JPEG,PNG,62.28,1.25,3321,0.008108
train,train/images/nail_train_003849.jpg,train/masks/nail_train_003849.png,640,640,3,1,JPEG,PNG,40.64,1.93,8886,0.021694
train,train/images/nail_train_003850.jpg,train/masks/nail_train_003850.png,640,640,3,1,JPEG,PNG,30.63,1.51,7552,0.018437
train,train/images/nail_train_003851.jpg,train/masks/nail_train_003851.png,640,640,3,1,JPEG,PNG,32.39,1.96,8871,0.021658
train,train/images/nail_train_003852.jpg,train/masks/nail_train_003852.png,640,640,3,1,JPEG,PNG,32.24,1.48,7569,0.018479
train,train/images/nail_train_003853.jpg,train/masks/nail_train_003853.png,640,640,3,1,JPEG,PNG,27.93,1.39,4557,0.011125
train,train/images/nail_train_003854.jpg,train/masks/nail_train_003854.png,640,640,3,1,JPEG,PNG,27.28,1.6,10021,0.024465
train,train/images/nail_train_003855.jpg,train/masks/nail_train_003855.png,640,640,3,1,JPEG,PNG,29.58,1.22,4530,0.01106
train,train/images/nail_train_003856.jpg,train/masks/nail_train_003856.png,640,640,3,1,JPEG,PNG,28.84,1.75,9996,0.024404
train,train/images/nail_train_003857.jpg,train/masks/nail_train_003857.png,640,640,3,1,JPEG,PNG,22.04,1.76,13354,0.032603
train,train/images/nail_train_003858.jpg,train/masks/nail_train_003858.png,640,640,3,1,JPEG,PNG,21.92,1.85,13381,0.032668
train,train/images/nail_train_003860.jpg,train/masks/nail_train_003860.png,640,640,3,1,JPEG,PNG,28.31,1.32,5055,0.012341
train,train/images/nail_train_003861.jpg,train/masks/nail_train_003861.png,640,640,3,1,JPEG,PNG,24.81,1.3,5657,0.013811
train,train/images/nail_train_003862.jpg,train/masks/nail_train_003862.png,640,640,3,1,JPEG,PNG,32.32,1.08,3292,0.008037
train,train/images/nail_train_003863.jpg,train/masks/nail_train_003863.png,640,640,3,1,JPEG,PNG,36.08,1.2,3919,0.009568
train,train/images/nail_train_003864.jpg,train/masks/nail_train_003864.png,640,640,3,1,JPEG,PNG,24.32,1.51,5626,0.013735
train,train/images/nail_train_003865.jpg,train/masks/nail_train_003865.png,640,640,3,1,JPEG,PNG,35.29,1.25,6102,0.014897
train,train/images/nail_train_003866.jpg,train/masks/nail_train_003866.png,640,640,3,1,JPEG,PNG,30.69,1.45,8346,0.020376
train,train/images/nail_train_003869.jpg,train/masks/nail_train_003869.png,640,640,3,1,JPEG,PNG,26.81,1.66,11746,0.028677
train,train/images/nail_train_003870.jpg,train/masks/nail_train_003870.png,640,640,3,1,JPEG,PNG,22.46,1.9,11695,0.028552
train,train/images/nail_train_003871.jpg,train/masks/nail_train_003871.png,640,640,3,1,JPEG,PNG,43.95,1.95,11975,0.029236
train,train/images/nail_train_003872.jpg,train/masks/nail_train_003872.png,640,640,3,1,JPEG,PNG,32.51,1.65,11926,0.029116
train,train/images/nail_train_003873.jpg,train/masks/nail_train_003873.png,640,640,3,1,JPEG,PNG,30.03,1.73,14838,0.036226
train,train/images/nail_train_003876.jpg,train/masks/nail_train_003876.png,640,640,3,1,JPEG,PNG,26.02,2.75,25686,0.06271
train,train/images/nail_train_003877.jpg,train/masks/nail_train_003877.png,640,640,3,1,JPEG,PNG,30.61,2.33,25833,0.063069
train,train/images/nail_train_003878.jpg,train/masks/nail_train_003878.png,640,640,3,1,JPEG,PNG,30.79,2.26,25881,0.063186
train,train/images/nail_train_003879.jpg,train/masks/nail_train_003879.png,640,640,3,1,JPEG,PNG,21.73,1.31,8176,0.019961
train,train/images/nail_train_003880.jpg,train/masks/nail_train_003880.png,640,640,3,1,JPEG,PNG,25.94,1.22,8156,0.019912
train,train/images/nail_train_003881.jpg,train/masks/nail_train_003881.png,640,640,3,1,JPEG,PNG,23.25,1.19,3790,0.009253
train,train/images/nail_train_003882.jpg,train/masks/nail_train_003882.png,640,640,3,1,JPEG,PNG,33.45,1.25,3953,0.009651
train,train/images/nail_train_003883.jpg,train/masks/nail_train_003883.png,640,640,3,1,JPEG,PNG,31.09,1.25,4787,0.011687
train,train/images/nail_train_003884.jpg,train/masks/nail_train_003884.png,640,640,3,1,JPEG,PNG,28.09,1.36,4788,0.011689
train,train/images/nail_train_003885.jpg,train/masks/nail_train_003885.png,640,640,3,1,JPEG,PNG,29.5,1.33,4304,0.010508
train,train/images/nail_train_003886.jpg,train/masks/nail_train_003886.png,640,640,3,1,JPEG,PNG,28.86,1.29,4299,0.010496
train,train/images/nail_train_003887.jpg,train/masks/nail_train_003887.png,640,640,3,1,JPEG,PNG,29.97,1.45,6702,0.016362
train,train/images/nail_train_003888.jpg,train/masks/nail_train_003888.png,640,640,3,1,JPEG,PNG,21.36,1.21,3675,0.008972
train,train/images/nail_train_003890.jpg,train/masks/nail_train_003890.png,640,640,3,1,JPEG,PNG,30.26,1.51,6697,0.01635
train,train/images/nail_train_003891.jpg,train/masks/nail_train_003891.png,640,640,3,1,JPEG,PNG,31.08,1.36,7043,0.017195
train,train/images/nail_train_003892.jpg,train/masks/nail_train_003892.png,640,640,3,1,JPEG,PNG,26.98,1.33,6109,0.014915
train,train/images/nail_train_003893.jpg,train/masks/nail_train_003893.png,640,640,3,1,JPEG,PNG,27.19,1.64,7056,0.017227
train,train/images/nail_train_003895.jpg,train/masks/nail_train_003895.png,640,640,3,1,JPEG,PNG,43.71,1,2561,0.006252
train,train/images/nail_train_003896.jpg,train/masks/nail_train_003896.png,640,640,3,1,JPEG,PNG,27.39,1.05,2591,0.006326
train,train/images/nail_train_003897.jpg,train/masks/nail_train_003897.png,640,640,3,1,JPEG,PNG,20.7,1.2,4187,0.010222
train,train/images/nail_train_003898.jpg,train/masks/nail_train_003898.png,640,640,3,1,JPEG,PNG,19.71,1.47,4180,0.010205
train,train/images/nail_train_003899.jpg,train/masks/nail_train_003899.png,640,640,3,1,JPEG,PNG,19.43,1.15,4129,0.010081
train,train/images/nail_train_003902.jpg,train/masks/nail_train_003902.png,640,640,3,1,JPEG,PNG,19.86,1.21,4140,0.010107
train,train/images/nail_train_003903.jpg,train/masks/nail_train_003903.png,640,640,3,1,JPEG,PNG,40.89,1.86,11155,0.027234
train,train/images/nail_train_003904.jpg,train/masks/nail_train_003904.png,640,640,3,1,JPEG,PNG,40.39,0.98,1667,0.00407
train,train/images/nail_train_003905.jpg,train/masks/nail_train_003905.png,640,640,3,1,JPEG,PNG,28.12,0.98,1674,0.004087
train,train/images/nail_train_003906.jpg,train/masks/nail_train_003906.png,640,640,3,1,JPEG,PNG,48.23,1.82,11162,0.027251
train,train/images/nail_train_003907.jpg,train/masks/nail_train_003907.png,640,640,3,1,JPEG,PNG,47.52,1.05,3995,0.009753
train,train/images/nail_train_003908.jpg,train/masks/nail_train_003908.png,640,640,3,1,JPEG,PNG,35.01,1.27,4005,0.009778
train,train/images/nail_train_003910.jpg,train/masks/nail_train_003910.png,640,640,3,1,JPEG,PNG,23.6,2.59,24541,0.059915
train,train/images/nail_train_003911.jpg,train/masks/nail_train_003911.png,640,640,3,1,JPEG,PNG,20.96,1.24,4928,0.012031
train,train/images/nail_train_003912.jpg,train/masks/nail_train_003912.png,640,640,3,1,JPEG,PNG,21.66,1.22,4925,0.012024
train,train/images/nail_train_003914.jpg,train/masks/nail_train_003914.png,640,640,3,1,JPEG,PNG,21.73,1.7,12846,0.031362
train,train/images/nail_train_003915.jpg,train/masks/nail_train_003915.png,640,640,3,1,JPEG,PNG,27.91,1.6,6131,0.014968
train,train/images/nail_train_003916.jpg,train/masks/nail_train_003916.png,640,640,3,1,JPEG,PNG,26.08,1.51,6128,0.014961
train,train/images/nail_train_003917.jpg,train/masks/nail_train_003917.png,640,640,3,1,JPEG,PNG,20.48,1.79,15426,0.037661
train,train/images/nail_train_003919.jpg,train/masks/nail_train_003919.png,640,640,3,1,JPEG,PNG,36.11,2.23,20350,0.049683
train,train/images/nail_train_003921.jpg,train/masks/nail_train_003921.png,640,640,3,1,JPEG,PNG,46.99,2.37,20302,0.049565
train,train/images/nail_train_003922.jpg,train/masks/nail_train_003922.png,640,640,3,1,JPEG,PNG,46.99,2.37,20302,0.049565
train,train/images/nail_train_003924.jpg,train/masks/nail_train_003924.png,640,640,3,1,JPEG,PNG,20.2,1.25,5162,0.012603
train,train/images/nail_train_003926.jpg,train/masks/nail_train_003926.png,640,640,3,1,JPEG,PNG,92.67,0.95,2109,0.005149
train,train/images/nail_train_003927.jpg,train/masks/nail_train_003927.png,640,640,3,1,JPEG,PNG,21.38,1.49,10518,0.025679
train,train/images/nail_train_003928.jpg,train/masks/nail_train_003928.png,640,640,3,1,JPEG,PNG,25.16,1.71,10572,0.025811
train,train/images/nail_train_003929.jpg,train/masks/nail_train_003929.png,640,640,3,1,JPEG,PNG,25.21,1.48,5120,0.0125
train,train/images/nail_train_003931.jpg,train/masks/nail_train_003931.png,640,640,3,1,JPEG,PNG,44.08,1.05,2634,0.006431
train,train/images/nail_train_003932.jpg,train/masks/nail_train_003932.png,640,640,3,1,JPEG,PNG,42.33,1.12,2632,0.006426
train,train/images/nail_train_003934.jpg,train/masks/nail_train_003934.png,640,640,3,1,JPEG,PNG,60.49,1.49,8754,0.021372
train,train/images/nail_train_003935.jpg,train/masks/nail_train_003935.png,640,640,3,1,JPEG,PNG,21.67,1.79,11072,0.027031
train,train/images/nail_train_003937.jpg,train/masks/nail_train_003937.png,640,640,3,1,JPEG,PNG,22.24,1.56,7700,0.018799
train,train/images/nail_train_003938.jpg,train/masks/nail_train_003938.png,640,640,3,1,JPEG,PNG,21.72,1.52,7681,0.018752
train,train/images/nail_train_003939.jpg,train/masks/nail_train_003939.png,640,640,3,1,JPEG,PNG,30.85,1.19,4790,0.011694
train,train/images/nail_train_003940.jpg,train/masks/nail_train_003940.png,640,640,3,1,JPEG,PNG,28.75,1.17,4815,0.011755
train,train/images/nail_train_003941.jpg,train/masks/nail_train_003941.png,640,640,3,1,JPEG,PNG,35.5,1.83,7377,0.01801
train,train/images/nail_train_003942.jpg,train/masks/nail_train_003942.png,640,640,3,1,JPEG,PNG,34.84,1.67,7328,0.017891
train,train/images/nail_train_003943.jpg,train/masks/nail_train_003943.png,640,640,3,1,JPEG,PNG,34.03,1.62,14016,0.034219
train,train/images/nail_train_003945.jpg,train/masks/nail_train_003945.png,640,640,3,1,JPEG,PNG,29.16,1.94,16179,0.0395
train,train/images/nail_train_003946.jpg,train/masks/nail_train_003946.png,640,640,3,1,JPEG,PNG,28.62,2.11,16261,0.0397
train,train/images/nail_train_003947.jpg,train/masks/nail_train_003947.png,640,640,3,1,JPEG,PNG,32.64,1.68,8269,0.020188
train,train/images/nail_train_003948.jpg,train/masks/nail_train_003948.png,640,640,3,1,JPEG,PNG,30.3,1.71,8272,0.020195
train,train/images/nail_train_003949.jpg,train/masks/nail_train_003949.png,640,640,3,1,JPEG,PNG,21.99,1.4,6461,0.015774
train,train/images/nail_train_003952.jpg,train/masks/nail_train_003952.png,640,640,3,1,JPEG,PNG,23.33,1.87,13227,0.032292
train,train/images/nail_train_003953.jpg,train/masks/nail_train_003953.png,640,640,3,1,JPEG,PNG,27.25,1.63,6826,0.016665
train,train/images/nail_train_003954.jpg,train/masks/nail_train_003954.png,640,640,3,1,JPEG,PNG,21.36,1.84,13210,0.032251
train,train/images/nail_train_003955.jpg,train/masks/nail_train_003955.png,640,640,3,1,JPEG,PNG,25.85,1.54,5231,0.012771
train,train/images/nail_train_003956.jpg,train/masks/nail_train_003956.png,640,640,3,1,JPEG,PNG,25.72,1.43,5205,0.012708
train,train/images/nail_train_003958.jpg,train/masks/nail_train_003958.png,640,640,3,1,JPEG,PNG,24.36,1.33,6018,0.014692
train,train/images/nail_train_003959.jpg,train/masks/nail_train_003959.png,640,640,3,1,JPEG,PNG,32.35,1.99,15852,0.038701
train,train/images/nail_train_003960.jpg,train/masks/nail_train_003960.png,640,640,3,1,JPEG,PNG,23.97,1.31,4162,0.010161
train,train/images/nail_train_003961.jpg,train/masks/nail_train_003961.png,640,640,3,1,JPEG,PNG,25.18,1.32,4141,0.01011
train,train/images/nail_train_003962.jpg,train/masks/nail_train_003962.png,640,640,3,1,JPEG,PNG,28.27,2.14,15844,0.038682
train,train/images/nail_train_003963.jpg,train/masks/nail_train_003963.png,640,640,3,1,JPEG,PNG,21.18,1.79,19925,0.048645
train,train/images/nail_train_003964.jpg,train/masks/nail_train_003964.png,640,640,3,1,JPEG,PNG,46.79,1.5,6693,0.01634
train,train/images/nail_train_003965.jpg,train/masks/nail_train_003965.png,640,640,3,1,JPEG,PNG,50.52,1.45,6685,0.016321
train,train/images/nail_train_003966.jpg,train/masks/nail_train_003966.png,640,640,3,1,JPEG,PNG,23.11,1.88,20003,0.048835
train,train/images/nail_train_003967.jpg,train/masks/nail_train_003967.png,640,640,3,1,JPEG,PNG,26.84,1.54,9950,0.024292
train,train/images/nail_train_003968.jpg,train/masks/nail_train_003968.png,640,640,3,1,JPEG,PNG,24.56,1.52,9996,0.024404
train,train/images/nail_train_003969.jpg,train/masks/nail_train_003969.png,640,640,3,1,JPEG,PNG,53.84,1.01,3381,0.008254
train,train/images/nail_train_003970.jpg,train/masks/nail_train_003970.png,640,640,3,1,JPEG,PNG,23.48,1.35,6710,0.016382
train,train/images/nail_train_003971.jpg,train/masks/nail_train_003971.png,640,640,3,1,JPEG,PNG,43.61,1.33,3405,0.008313
train,train/images/nail_train_003972.jpg,train/masks/nail_train_003972.png,640,640,3,1,JPEG,PNG,24.88,1.39,6759,0.016501
train,train/images/nail_train_003974.jpg,train/masks/nail_train_003974.png,640,640,3,1,JPEG,PNG,23.61,2.1,21001,0.051272
train,train/images/nail_train_003976.jpg,train/masks/nail_train_003976.png,640,640,3,1,JPEG,PNG,25.8,2.23,21010,0.051294
train,train/images/nail_train_003977.jpg,train/masks/nail_train_003977.png,640,640,3,1,JPEG,PNG,32.12,1.32,5334,0.013022
train,train/images/nail_train_003978.jpg,train/masks/nail_train_003978.png,640,640,3,1,JPEG,PNG,23.25,1.44,5089,0.012424
train,train/images/nail_train_003980.jpg,train/masks/nail_train_003980.png,640,640,3,1,JPEG,PNG,33.93,1.32,5291,0.012917
train,train/images/nail_train_003984.jpg,train/masks/nail_train_003984.png,640,640,3,1,JPEG,PNG,28.01,1.84,11521,0.028127
train,train/images/nail_train_003985.jpg,train/masks/nail_train_003985.png,640,640,3,1,JPEG,PNG,28.07,1.85,11777,0.028752
train,train/images/nail_train_003986.jpg,train/masks/nail_train_003986.png,640,640,3,1,JPEG,PNG,24.04,1.9,14570,0.035571
train,train/images/nail_train_003987.jpg,train/masks/nail_train_003987.png,640,640,3,1,JPEG,PNG,28.22,2.15,14528,0.035469
train,train/images/nail_train_003988.jpg,train/masks/nail_train_003988.png,640,640,3,1,JPEG,PNG,27.6,1.88,11745,0.028674
train,train/images/nail_train_003989.jpg,train/masks/nail_train_003989.png,640,640,3,1,JPEG,PNG,30.6,1.34,7358,0.017964
train,train/images/nail_train_003993.jpg,train/masks/nail_train_003993.png,640,640,3,1,JPEG,PNG,25.21,1.31,4554,0.011118
train,train/images/nail_train_003994.jpg,train/masks/nail_train_003994.png,640,640,3,1,JPEG,PNG,25.14,1.27,4565,0.011145
train,train/images/nail_train_003995.jpg,train/masks/nail_train_003995.png,640,640,3,1,JPEG,PNG,21.63,0.73,1092,0.002666
train,train/images/nail_train_003996.jpg,train/masks/nail_train_003996.png,640,640,3,1,JPEG,PNG,20.78,0.73,1103,0.002693
train,train/images/nail_train_003997.jpg,train/masks/nail_train_003997.png,640,640,3,1,JPEG,PNG,25.79,1.85,10173,0.024836
train,train/images/nail_train_003998.jpg,train/masks/nail_train_003998.png,640,640,3,1,JPEG,PNG,24.51,1.72,10166,0.024819
train,train/images/nail_train_003999.jpg,train/masks/nail_train_003999.png,640,640,3,1,JPEG,PNG,25.65,2.19,19298,0.047114
train,train/images/nail_train_004000.jpg,train/masks/nail_train_004000.png,640,640,3,1,JPEG,PNG,25.62,2.5,19281,0.047073
train,train/images/nail_train_004001.jpg,train/masks/nail_train_004001.png,640,640,3,1,JPEG,PNG,21.17,1.71,6823,0.016658
train,train/images/nail_train_004002.jpg,train/masks/nail_train_004002.png,640,640,3,1,JPEG,PNG,24.42,1.6,6758,0.016499
train,train/images/nail_train_004003.jpg,train/masks/nail_train_004003.png,640,640,3,1,JPEG,PNG,68.13,1.24,6209,0.015159
train,train/images/nail_train_004005.jpg,train/masks/nail_train_004005.png,640,640,3,1,JPEG,PNG,52.51,1.38,8454,0.02064
train,train/images/nail_train_004007.jpg,train/masks/nail_train_004007.png,640,640,3,1,JPEG,PNG,23.2,1.16,3122,0.007622
train,train/images/nail_train_004008.jpg,train/masks/nail_train_004008.png,640,640,3,1,JPEG,PNG,28.87,0.99,3117,0.00761
train,train/images/nail_train_004009.jpg,train/masks/nail_train_004009.png,640,640,3,1,JPEG,PNG,52.2,2.3,21513,0.052522
train,train/images/nail_train_004010.jpg,train/masks/nail_train_004010.png,640,640,3,1,JPEG,PNG,44.75,2.33,21530,0.052563
train,train/images/nail_train_004011.jpg,train/masks/nail_train_004011.png,640,640,3,1,JPEG,PNG,32.7,4.15,80986,0.19772
train,train/images/nail_train_004012.jpg,train/masks/nail_train_004012.png,640,640,3,1,JPEG,PNG,30.31,4.62,81142,0.198101
train,train/images/nail_train_004013.jpg,train/masks/nail_train_004013.png,640,640,3,1,JPEG,PNG,22.69,2.3,118974,0.290464
train,train/images/nail_train_004014.jpg,train/masks/nail_train_004014.png,640,640,3,1,JPEG,PNG,24.4,2.14,118960,0.29043
train,train/images/nail_train_004015.jpg,train/masks/nail_train_004015.png,640,640,3,1,JPEG,PNG,18.5,2.34,100659,0.24575
train,train/images/nail_train_004016.jpg,train/masks/nail_train_004016.png,640,640,3,1,JPEG,PNG,23.72,1.85,94038,0.229585
train,train/images/nail_train_004018.jpg,train/masks/nail_train_004018.png,640,640,3,1,JPEG,PNG,19.64,2.1,100755,0.245984
train,train/images/nail_train_004019.jpg,train/masks/nail_train_004019.png,640,640,3,1,JPEG,PNG,20.99,3.05,267183,0.652302
train,train/images/nail_train_004020.jpg,train/masks/nail_train_004020.png,640,640,3,1,JPEG,PNG,21.67,2.99,266741,0.651223
train,train/images/nail_train_004021.jpg,train/masks/nail_train_004021.png,640,640,3,1,JPEG,PNG,23.95,1.71,10545,0.025745
train,train/images/nail_train_004022.jpg,train/masks/nail_train_004022.png,640,640,3,1,JPEG,PNG,23.17,1.46,10532,0.025713
train,train/images/nail_train_004024.jpg,train/masks/nail_train_004024.png,640,640,3,1,JPEG,PNG,19.83,1.92,14442,0.035259
train,train/images/nail_train_004025.jpg,train/masks/nail_train_004025.png,640,640,3,1,JPEG,PNG,23.17,1.45,9427,0.023015
train,train/images/nail_train_004026.jpg,train/masks/nail_train_004026.png,640,640,3,1,JPEG,PNG,18.35,1.97,14467,0.03532
train,train/images/nail_train_004027.jpg,train/masks/nail_train_004027.png,640,640,3,1,JPEG,PNG,81.47,0.47,0,0
train,train/images/nail_train_004028.jpg,train/masks/nail_train_004028.png,640,640,3,1,JPEG,PNG,53.86,0.47,0,0
train,train/images/nail_train_004029.jpg,train/masks/nail_train_004029.png,640,640,3,1,JPEG,PNG,42.5,0.47,0,0
train,train/images/nail_train_004030.jpg,train/masks/nail_train_004030.png,640,640,3,1,JPEG,PNG,45.85,0.47,0,0
train,train/images/nail_train_004032.jpg,train/masks/nail_train_004032.png,640,640,3,1,JPEG,PNG,62.18,3.29,36107,0.088152
train,train/images/nail_train_004034.jpg,train/masks/nail_train_004034.png,640,640,3,1,JPEG,PNG,26.58,0.92,2928,0.007148
train,train/images/nail_train_004036.jpg,train/masks/nail_train_004036.png,640,640,3,1,JPEG,PNG,27.63,2.36,9696,0.023672
train,train/images/nail_train_004037.jpg,train/masks/nail_train_004037.png,640,640,3,1,JPEG,PNG,30.51,1.2,4390,0.010718
train,train/images/nail_train_004038.jpg,train/masks/nail_train_004038.png,640,640,3,1,JPEG,PNG,26.27,1.17,4427,0.010808
train,train/images/nail_train_004039.jpg,train/masks/nail_train_004039.png,640,640,3,1,JPEG,PNG,23.46,1.69,6826,0.016665
train,train/images/nail_train_004040.jpg,train/masks/nail_train_004040.png,640,640,3,1,JPEG,PNG,30.45,1.41,6780,0.016553
train,train/images/nail_train_004041.jpg,train/masks/nail_train_004041.png,640,640,3,1,JPEG,PNG,30.45,1.46,6369,0.015549
train,train/images/nail_train_004042.jpg,train/masks/nail_train_004042.png,640,640,3,1,JPEG,PNG,29.15,1.54,6330,0.015454
train,train/images/nail_train_004043.jpg,train/masks/nail_train_004043.png,640,640,3,1,JPEG,PNG,22.97,1.83,7396,0.018057
train,train/images/nail_train_004044.jpg,train/masks/nail_train_004044.png,640,640,3,1,JPEG,PNG,24.61,1.78,7377,0.01801
train,train/images/nail_train_004045.jpg,train/masks/nail_train_004045.png,640,640,3,1,JPEG,PNG,25.17,1.6,9217,0.022502
train,train/images/nail_train_004046.jpg,train/masks/nail_train_004046.png,640,640,3,1,JPEG,PNG,27.57,1.73,9188,0.022432
train,train/images/nail_train_004047.jpg,train/masks/nail_train_004047.png,640,640,3,1,JPEG,PNG,45.4,2.48,27390,0.06687
train,train/images/nail_train_004049.jpg,train/masks/nail_train_004049.png,640,640,3,1,JPEG,PNG,27.42,1.5,7492,0.018291
train,train/images/nail_train_004050.jpg,train/masks/nail_train_004050.png,640,640,3,1,JPEG,PNG,29.45,1.42,7492,0.018291
train,train/images/nail_train_004051.jpg,train/masks/nail_train_004051.png,640,640,3,1,JPEG,PNG,29.09,1.31,7566,0.018472
train,train/images/nail_train_004052.jpg,train/masks/nail_train_004052.png,640,640,3,1,JPEG,PNG,34.2,1.3,7569,0.018479
train,train/images/nail_train_004053.jpg,train/masks/nail_train_004053.png,640,640,3,1,JPEG,PNG,27.98,1.31,5645,0.013782
train,train/images/nail_train_004055.jpg,train/masks/nail_train_004055.png,640,640,3,1,JPEG,PNG,20.02,1.4,5407,0.013201
train,train/images/nail_train_004056.jpg,train/masks/nail_train_004056.png,640,640,3,1,JPEG,PNG,22.66,1.36,5394,0.013169
train,train/images/nail_train_004057.jpg,train/masks/nail_train_004057.png,640,640,3,1,JPEG,PNG,25.91,1.73,7622,0.018608
train,train/images/nail_train_004058.jpg,train/masks/nail_train_004058.png,640,640,3,1,JPEG,PNG,31.59,1.57,7627,0.018621
train,train/images/nail_train_004059.jpg,train/masks/nail_train_004059.png,640,640,3,1,JPEG,PNG,36.32,1.65,5343,0.013044
train,train/images/nail_train_004060.jpg,train/masks/nail_train_004060.png,640,640,3,1,JPEG,PNG,33.02,1.63,5226,0.012759
train,train/images/nail_train_004061.jpg,train/masks/nail_train_004061.png,640,640,3,1,JPEG,PNG,31.34,2.62,29540,0.072119
train,train/images/nail_train_004062.jpg,train/masks/nail_train_004062.png,640,640,3,1,JPEG,PNG,30.98,2.5,29515,0.072058
train,train/images/nail_train_004063.jpg,train/masks/nail_train_004063.png,640,640,3,1,JPEG,PNG,19.86,1.39,5507,0.013445
train,train/images/nail_train_004064.jpg,train/masks/nail_train_004064.png,640,640,3,1,JPEG,PNG,18.93,1.47,5510,0.013452
train,train/images/nail_train_004065.jpg,train/masks/nail_train_004065.png,640,640,3,1,JPEG,PNG,52.23,1.6,5155,0.012585
train,train/images/nail_train_004066.jpg,train/masks/nail_train_004066.png,640,640,3,1,JPEG,PNG,69.28,1.31,5118,0.012495
train,train/images/nail_train_004067.jpg,train/masks/nail_train_004067.png,640,640,3,1,JPEG,PNG,26,1.87,15968,0.038984
train,train/images/nail_train_004068.jpg,train/masks/nail_train_004068.png,640,640,3,1,JPEG,PNG,27.98,1.98,15956,0.038955
train,train/images/nail_train_004069.jpg,train/masks/nail_train_004069.png,640,640,3,1,JPEG,PNG,26.74,1.08,1938,0.004731
train,train/images/nail_train_004070.jpg,train/masks/nail_train_004070.png,640,640,3,1,JPEG,PNG,22.49,1.21,2282,0.005571
train,train/images/nail_train_004071.jpg,train/masks/nail_train_004071.png,640,640,3,1,JPEG,PNG,32.33,1.94,7843,0.019148
train,train/images/nail_train_004072.jpg,train/masks/nail_train_004072.png,640,640,3,1,JPEG,PNG,33.15,1.57,7873,0.019221
train,train/images/nail_train_004073.jpg,train/masks/nail_train_004073.png,640,640,3,1,JPEG,PNG,41.8,1.29,6526,0.015933
train,train/images/nail_train_004074.jpg,train/masks/nail_train_004074.png,640,640,3,1,JPEG,PNG,42.86,1.32,6539,0.015964
train,train/images/nail_train_004075.jpg,train/masks/nail_train_004075.png,640,640,3,1,JPEG,PNG,46.46,1.61,7607,0.018572
train,train/images/nail_train_004076.jpg,train/masks/nail_train_004076.png,640,640,3,1,JPEG,PNG,35.31,1.92,7583,0.018513
train,train/images/nail_train_004077.jpg,train/masks/nail_train_004077.png,640,640,3,1,JPEG,PNG,46.36,1.92,11430,0.027905
train,train/images/nail_train_004079.jpg,train/masks/nail_train_004079.png,640,640,3,1,JPEG,PNG,24.43,1.23,5198,0.01269
train,train/images/nail_train_004080.jpg,train/masks/nail_train_004080.png,640,640,3,1,JPEG,PNG,22.83,1.26,5189,0.012668
train,train/images/nail_train_004081.jpg,train/masks/nail_train_004081.png,640,640,3,1,JPEG,PNG,29.31,1.77,9216,0.0225
train,train/images/nail_train_004082.jpg,train/masks/nail_train_004082.png,640,640,3,1,JPEG,PNG,31.8,1.76,9202,0.022466
train,train/images/nail_train_004083.jpg,train/masks/nail_train_004083.png,640,640,3,1,JPEG,PNG,30.93,1.72,8148,0.019893
train,train/images/nail_train_004085.jpg,train/masks/nail_train_004085.png,640,640,3,1,JPEG,PNG,26.56,1.48,12251,0.02991
train,train/images/nail_train_004086.jpg,train/masks/nail_train_004086.png,640,640,3,1,JPEG,PNG,27.32,1.52,12203,0.029792
train,train/images/nail_train_004088.jpg,train/masks/nail_train_004088.png,640,640,3,1,JPEG,PNG,27.3,1.51,7187,0.017546
train,train/images/nail_train_004090.jpg,train/masks/nail_train_004090.png,640,640,3,1,JPEG,PNG,32.01,1.27,5799,0.014158
train,train/images/nail_train_004092.jpg,train/masks/nail_train_004092.png,640,640,3,1,JPEG,PNG,28.39,2.7,24022,0.058647
train,train/images/nail_train_004093.jpg,train/masks/nail_train_004093.png,640,640,3,1,JPEG,PNG,55.23,1.54,18062,0.044097
train,train/images/nail_train_004094.jpg,train/masks/nail_train_004094.png,640,640,3,1,JPEG,PNG,46.73,1.66,18110,0.044214
train,train/images/nail_train_004095.jpg,train/masks/nail_train_004095.png,640,640,3,1,JPEG,PNG,24.04,1.42,5138,0.012544
train,train/images/nail_train_004097.jpg,train/masks/nail_train_004097.png,640,640,3,1,JPEG,PNG,28.92,1.94,11223,0.0274
train,train/images/nail_train_004098.jpg,train/masks/nail_train_004098.png,640,640,3,1,JPEG,PNG,31.68,1.46,11187,0.027312
train,train/images/nail_train_004099.jpg,train/masks/nail_train_004099.png,640,640,3,1,JPEG,PNG,23.87,1.6,11254,0.027476
train,train/images/nail_train_004101.jpg,train/masks/nail_train_004101.png,640,640,3,1,JPEG,PNG,24.41,1.7,9835,0.024011
train,train/images/nail_train_004102.jpg,train/masks/nail_train_004102.png,640,640,3,1,JPEG,PNG,22.09,1.69,9813,0.023958
train,train/images/nail_train_004103.jpg,train/masks/nail_train_004103.png,640,640,3,1,JPEG,PNG,23.4,1.51,8597,0.020989
train,train/images/nail_train_004104.jpg,train/masks/nail_train_004104.png,640,640,3,1,JPEG,PNG,26.82,1.39,8614,0.02103
train,train/images/nail_train_004106.jpg,train/masks/nail_train_004106.png,640,640,3,1,JPEG,PNG,45.11,1.29,5384,0.013145
train,train/images/nail_train_004107.jpg,train/masks/nail_train_004107.png,640,640,3,1,JPEG,PNG,32.79,1.21,5205,0.012708
train,train/images/nail_train_004108.jpg,train/masks/nail_train_004108.png,640,640,3,1,JPEG,PNG,25.28,1.35,5217,0.012737
train,train/images/nail_train_004110.jpg,train/masks/nail_train_004110.png,640,640,3,1,JPEG,PNG,35.97,1.79,9892,0.02415
train,train/images/nail_train_004111.jpg,train/masks/nail_train_004111.png,640,640,3,1,JPEG,PNG,24.65,1.54,6946,0.016958
train,train/images/nail_train_004112.jpg,train/masks/nail_train_004112.png,640,640,3,1,JPEG,PNG,23.48,1.46,6934,0.016929
train,train/images/nail_train_004113.jpg,train/masks/nail_train_004113.png,640,640,3,1,JPEG,PNG,25.39,1.17,5688,0.013887
train,train/images/nail_train_004114.jpg,train/masks/nail_train_004114.png,640,640,3,1,JPEG,PNG,22.93,1.15,5683,0.013875
train,train/images/nail_train_004115.jpg,train/masks/nail_train_004115.png,640,640,3,1,JPEG,PNG,23.73,1.55,7938,0.01938
train,train/images/nail_train_004116.jpg,train/masks/nail_train_004116.png,640,640,3,1,JPEG,PNG,22.96,1.67,7942,0.01939
train,train/images/nail_train_004117.jpg,train/masks/nail_train_004117.png,640,640,3,1,JPEG,PNG,37.37,1.63,7438,0.018159
train,train/images/nail_train_004119.jpg,train/masks/nail_train_004119.png,640,640,3,1,JPEG,PNG,26.35,1.32,8185,0.019983
train,train/images/nail_train_004120.jpg,train/masks/nail_train_004120.png,640,640,3,1,JPEG,PNG,27.4,1.47,8210,0.020044
train,train/images/nail_train_004121.jpg,train/masks/nail_train_004121.png,640,640,3,1,JPEG,PNG,33.75,1.42,5417,0.013225
train,train/images/nail_train_004123.jpg,train/masks/nail_train_004123.png,640,640,3,1,JPEG,PNG,51.63,1.49,6165,0.015051
train,train/images/nail_train_004124.jpg,train/masks/nail_train_004124.png,640,640,3,1,JPEG,PNG,24.27,1.27,5397,0.013176
train,train/images/nail_train_004125.jpg,train/masks/nail_train_004125.png,640,640,3,1,JPEG,PNG,21.32,1.2,4477,0.01093
train,train/images/nail_train_004126.jpg,train/masks/nail_train_004126.png,640,640,3,1,JPEG,PNG,20.87,1.1,4493,0.010969
train,train/images/nail_train_004127.jpg,train/masks/nail_train_004127.png,640,640,3,1,JPEG,PNG,30.58,3.48,63994,0.156235
train,train/images/nail_train_004128.jpg,train/masks/nail_train_004128.png,640,640,3,1,JPEG,PNG,27.85,3.17,59490,0.145239
train,train/images/nail_train_004129.jpg,train/masks/nail_train_004129.png,640,640,3,1,JPEG,PNG,31.13,1.36,8104,0.019785
train,train/images/nail_train_004130.jpg,train/masks/nail_train_004130.png,640,640,3,1,JPEG,PNG,22.29,1.44,8116,0.019814
train,train/images/nail_train_004131.jpg,train/masks/nail_train_004131.png,640,640,3,1,JPEG,PNG,36.85,0.47,0,0
train,train/images/nail_train_004132.jpg,train/masks/nail_train_004132.png,640,640,3,1,JPEG,PNG,37.7,0.47,0,0
train,train/images/nail_train_004133.jpg,train/masks/nail_train_004133.png,640,640,3,1,JPEG,PNG,26.65,2.14,14493,0.035383
train,train/images/nail_train_004134.jpg,train/masks/nail_train_004134.png,640,640,3,1,JPEG,PNG,24.98,1.92,14478,0.035347
train,train/images/nail_train_004136.jpg,train/masks/nail_train_004136.png,640,640,3,1,JPEG,PNG,24.33,1.3,5586,0.013638
train,train/images/nail_train_004137.jpg,train/masks/nail_train_004137.png,640,640,3,1,JPEG,PNG,26.82,2.33,19978,0.048774
train,train/images/nail_train_004138.jpg,train/masks/nail_train_004138.png,640,640,3,1,JPEG,PNG,27.6,1.84,19982,0.048784
train,train/images/nail_train_004140.jpg,train/masks/nail_train_004140.png,640,640,3,1,JPEG,PNG,32.35,3.4,52118,0.127241
train,train/images/nail_train_004141.jpg,train/masks/nail_train_004141.png,640,640,3,1,JPEG,PNG,26.93,2.23,18674,0.045591
train,train/images/nail_train_004142.jpg,train/masks/nail_train_004142.png,640,640,3,1,JPEG,PNG,27.17,1.98,18655,0.045544
train,train/images/nail_train_004146.jpg,train/masks/nail_train_004146.png,640,640,3,1,JPEG,PNG,24.71,1.25,4645,0.01134
train,train/images/nail_train_004147.jpg,train/masks/nail_train_004147.png,640,640,3,1,JPEG,PNG,44.28,1.81,33579,0.08198
train,train/images/nail_train_004148.jpg,train/masks/nail_train_004148.png,640,640,3,1,JPEG,PNG,40.25,1.86,33567,0.081951
train,train/images/nail_train_004150.jpg,train/masks/nail_train_004150.png,640,640,3,1,JPEG,PNG,50.47,2.98,33917,0.082805
train,train/images/nail_train_004151.jpg,train/masks/nail_train_004151.png,640,640,3,1,JPEG,PNG,43.34,1.66,8793,0.021467
train,train/images/nail_train_004152.jpg,train/masks/nail_train_004152.png,640,640,3,1,JPEG,PNG,40.51,1.62,8796,0.021475
train,train/images/nail_train_004153.jpg,train/masks/nail_train_004153.png,640,640,3,1,JPEG,PNG,16.92,1.51,8999,0.02197
train,train/images/nail_train_004154.jpg,train/masks/nail_train_004154.png,640,640,3,1,JPEG,PNG,20.42,1.66,8929,0.021799
train,train/images/nail_train_004155.jpg,train/masks/nail_train_004155.png,640,640,3,1,JPEG,PNG,38.64,1.87,7204,0.017588
train,train/images/nail_train_004156.jpg,train/masks/nail_train_004156.png,640,640,3,1,JPEG,PNG,49.59,1.57,7173,0.017512
train,train/images/nail_train_004157.jpg,train/masks/nail_train_004157.png,640,640,3,1,JPEG,PNG,22.41,1.57,6963,0.017
train,train/images/nail_train_004158.jpg,train/masks/nail_train_004158.png,640,640,3,1,JPEG,PNG,26.28,1.63,6969,0.017014
train,train/images/nail_train_004159.jpg,train/masks/nail_train_004159.png,640,640,3,1,JPEG,PNG,26.29,2.06,10795,0.026355
train,train/images/nail_train_004160.jpg,train/masks/nail_train_004160.png,640,640,3,1,JPEG,PNG,26.8,1.89,10324,0.025205
train,train/images/nail_train_004161.jpg,train/masks/nail_train_004161.png,640,640,3,1,JPEG,PNG,29.26,1.64,12022,0.029351
train,train/images/nail_train_004162.jpg,train/masks/nail_train_004162.png,640,640,3,1,JPEG,PNG,29.35,1.62,12054,0.029429
train,train/images/nail_train_004164.jpg,train/masks/nail_train_004164.png,640,640,3,1,JPEG,PNG,24.48,1.38,5817,0.014202
train,train/images/nail_train_004165.jpg,train/masks/nail_train_004165.png,640,640,3,1,JPEG,PNG,74.88,1.69,5302,0.012944
train,train/images/nail_train_004166.jpg,train/masks/nail_train_004166.png,640,640,3,1,JPEG,PNG,61.94,1.54,5309,0.012961
train,train/images/nail_train_004167.jpg,train/masks/nail_train_004167.png,640,640,3,1,JPEG,PNG,22.43,2.25,24700,0.060303
train,train/images/nail_train_004168.jpg,train/masks/nail_train_004168.png,640,640,3,1,JPEG,PNG,22.44,2.27,24738,0.060396
train,train/images/nail_train_004169.jpg,train/masks/nail_train_004169.png,640,640,3,1,JPEG,PNG,24.33,1.56,7343,0.017927
train,train/images/nail_train_004170.jpg,train/masks/nail_train_004170.png,640,640,3,1,JPEG,PNG,23.61,1.46,7344,0.01793
train,train/images/nail_train_004171.jpg,train/masks/nail_train_004171.png,640,640,3,1,JPEG,PNG,37.35,2.17,13653,0.033333
train,train/images/nail_train_004172.jpg,train/masks/nail_train_004172.png,640,640,3,1,JPEG,PNG,43.57,1.9,13994,0.034165
train,train/images/nail_train_004173.jpg,train/masks/nail_train_004173.png,640,640,3,1,JPEG,PNG,26.82,1.24,4279,0.010447
train,train/images/nail_train_004174.jpg,train/masks/nail_train_004174.png,640,640,3,1,JPEG,PNG,21.14,1.28,4290,0.010474
train,train/images/nail_train_004175.jpg,train/masks/nail_train_004175.png,640,640,3,1,JPEG,PNG,20.17,1.53,7006,0.017104
train,train/images/nail_train_004176.jpg,train/masks/nail_train_004176.png,640,640,3,1,JPEG,PNG,22.44,1.49,6976,0.017031
train,train/images/nail_train_004177.jpg,train/masks/nail_train_004177.png,640,640,3,1,JPEG,PNG,53.58,0.47,0,0
train,train/images/nail_train_004179.jpg,train/masks/nail_train_004179.png,640,640,3,1,JPEG,PNG,23.39,1.32,5117,0.012493
train,train/images/nail_train_004180.jpg,train/masks/nail_train_004180.png,640,640,3,1,JPEG,PNG,24.34,1.28,5125,0.012512
train,train/images/nail_train_004181.jpg,train/masks/nail_train_004181.png,640,640,3,1,JPEG,PNG,18.3,1.45,10914,0.026646
train,train/images/nail_train_004182.jpg,train/masks/nail_train_004182.png,640,640,3,1,JPEG,PNG,17.18,1.43,10928,0.02668
train,train/images/nail_train_004183.jpg,train/masks/nail_train_004183.png,640,640,3,1,JPEG,PNG,30.76,3.29,13909,0.033958
train,train/images/nail_train_004184.jpg,train/masks/nail_train_004184.png,640,640,3,1,JPEG,PNG,32.15,2.78,13919,0.033982
train,train/images/nail_train_004185.jpg,train/masks/nail_train_004185.png,640,640,3,1,JPEG,PNG,26.46,1.74,9884,0.024131
train,train/images/nail_train_004186.jpg,train/masks/nail_train_004186.png,640,640,3,1,JPEG,PNG,25.76,1.82,9917,0.024211
train,train/images/nail_train_004187.jpg,train/masks/nail_train_004187.png,640,640,3,1,JPEG,PNG,26.93,1.89,12550,0.03064
train,train/images/nail_train_004188.jpg,train/masks/nail_train_004188.png,640,640,3,1,JPEG,PNG,26.76,2.07,12485,0.030481
train,train/images/nail_train_004189.jpg,train/masks/nail_train_004189.png,640,640,3,1,JPEG,PNG,45.51,2.21,17408,0.0425
train,train/images/nail_train_004190.jpg,train/masks/nail_train_004190.png,640,640,3,1,JPEG,PNG,60.68,2.06,17420,0.042529
train,train/images/nail_train_004192.jpg,train/masks/nail_train_004192.png,640,640,3,1,JPEG,PNG,21.02,1.85,14690,0.035864
train,train/images/nail_train_004193.jpg,train/masks/nail_train_004193.png,640,640,3,1,JPEG,PNG,31.13,1.37,7780,0.018994
train,train/images/nail_train_004194.jpg,train/masks/nail_train_004194.png,640,640,3,1,JPEG,PNG,34.23,1.09,7781,0.018997
train,train/images/nail_train_004195.jpg,train/masks/nail_train_004195.png,640,640,3,1,JPEG,PNG,33.72,0.8,1678,0.004097
train,train/images/nail_train_004196.jpg,train/masks/nail_train_004196.png,640,640,3,1,JPEG,PNG,40.44,0.78,1684,0.004111
train,train/images/nail_train_004199.jpg,train/masks/nail_train_004199.png,640,640,3,1,JPEG,PNG,26.91,1.85,11669,0.028489
train,train/images/nail_train_004200.jpg,train/masks/nail_train_004200.png,640,640,3,1,JPEG,PNG,27.31,1.6,11633,0.028401
train,train/images/nail_train_004201.jpg,train/masks/nail_train_004201.png,640,640,3,1,JPEG,PNG,29.5,1.45,6267,0.0153
train,train/images/nail_train_004202.jpg,train/masks/nail_train_004202.png,640,640,3,1,JPEG,PNG,28.6,1.55,6289,0.015354
train,train/images/nail_train_004203.jpg,train/masks/nail_train_004203.png,640,640,3,1,JPEG,PNG,22.81,2.01,13292,0.032451
train,train/images/nail_train_004204.jpg,train/masks/nail_train_004204.png,640,640,3,1,JPEG,PNG,23.75,1.84,13282,0.032427
train,train/images/nail_train_004205.jpg,train/masks/nail_train_004205.png,640,640,3,1,JPEG,PNG,36.26,1.55,8930,0.021802
train,train/images/nail_train_004206.jpg,train/masks/nail_train_004206.png,640,640,3,1,JPEG,PNG,30.16,1.64,8811,0.021511
train,train/images/nail_train_004207.jpg,train/masks/nail_train_004207.png,640,640,3,1,JPEG,PNG,26.3,1.44,8620,0.021045
train,train/images/nail_train_004209.jpg,train/masks/nail_train_004209.png,640,640,3,1,JPEG,PNG,30.72,1.52,7140,0.017432
train,train/images/nail_train_004212.jpg,train/masks/nail_train_004212.png,640,640,3,1,JPEG,PNG,23.57,1.73,13514,0.032993
train,train/images/nail_train_004213.jpg,train/masks/nail_train_004213.png,640,640,3,1,JPEG,PNG,21.42,3.75,186834,0.456138
train,train/images/nail_train_004214.jpg,train/masks/nail_train_004214.png,640,640,3,1,JPEG,PNG,17.27,3.28,280632,0.685137
train,train/images/nail_train_004215.jpg,train/masks/nail_train_004215.png,640,640,3,1,JPEG,PNG,18.98,3.78,198353,0.48426
train,train/images/nail_train_004218.jpg,train/masks/nail_train_004218.png,640,640,3,1,JPEG,PNG,20.73,2.77,188835,0.461023
train,train/images/nail_train_004220.jpg,train/masks/nail_train_004220.png,640,640,3,1,JPEG,PNG,19.68,3.83,286525,0.699524
train,train/images/nail_train_004221.jpg,train/masks/nail_train_004221.png,640,640,3,1,JPEG,PNG,20.19,3.36,187505,0.457776
train,train/images/nail_train_004222.jpg,train/masks/nail_train_004222.png,640,640,3,1,JPEG,PNG,20.83,3,199760,0.487695
train,train/images/nail_train_004223.jpg,train/masks/nail_train_004223.png,640,640,3,1,JPEG,PNG,20.82,3.02,243206,0.593765
train,train/images/nail_train_004224.jpg,train/masks/nail_train_004224.png,640,640,3,1,JPEG,PNG,23.79,3.71,188363,0.459871
train,train/images/nail_train_004225.jpg,train/masks/nail_train_004225.png,640,640,3,1,JPEG,PNG,39.22,3.39,34057,0.083147
train,train/images/nail_train_004226.jpg,train/masks/nail_train_004226.png,640,640,3,1,JPEG,PNG,43.44,3.13,34095,0.08324
train,train/images/nail_train_004227.jpg,train/masks/nail_train_004227.png,640,640,3,1,JPEG,PNG,23.44,1.69,6936,0.016934
train,train/images/nail_train_004228.jpg,train/masks/nail_train_004228.png,640,640,3,1,JPEG,PNG,25.44,1.32,4955,0.012097
train,train/images/nail_train_004229.jpg,train/masks/nail_train_004229.png,640,640,3,1,JPEG,PNG,28.1,1.45,4296,0.010488
train,train/images/nail_train_004230.jpg,train/masks/nail_train_004230.png,640,640,3,1,JPEG,PNG,25.21,1.66,6911,0.016873
train,train/images/nail_train_004231.jpg,train/masks/nail_train_004231.png,640,640,3,1,JPEG,PNG,24.4,1.4,4324,0.010557
train,train/images/nail_train_004232.jpg,train/masks/nail_train_004232.png,640,640,3,1,JPEG,PNG,24.4,1.41,4942,0.012065
train,train/images/nail_train_004233.jpg,train/masks/nail_train_004233.png,640,640,3,1,JPEG,PNG,35.94,3.87,38321,0.093557
train,train/images/nail_train_004234.jpg,train/masks/nail_train_004234.png,640,640,3,1,JPEG,PNG,33.05,3.86,36773,0.089778
train,train/images/nail_train_004236.jpg,train/masks/nail_train_004236.png,640,640,3,1,JPEG,PNG,43.67,0.47,0,0
train,train/images/nail_train_004237.jpg,train/masks/nail_train_004237.png,640,640,3,1,JPEG,PNG,27.39,2.71,24488,0.059785
train,train/images/nail_train_004238.jpg,train/masks/nail_train_004238.png,640,640,3,1,JPEG,PNG,27.03,2.47,24233,0.059163
train,train/images/nail_train_004239.jpg,train/masks/nail_train_004239.png,640,640,3,1,JPEG,PNG,27.82,2.63,24226,0.059146
train,train/images/nail_train_004241.jpg,train/masks/nail_train_004241.png,640,640,3,1,JPEG,PNG,30.64,2.85,52614,0.128452
train,train/images/nail_train_004242.jpg,train/masks/nail_train_004242.png,640,640,3,1,JPEG,PNG,26.72,3.31,52654,0.12855
train,train/images/nail_train_004243.jpg,train/masks/nail_train_004243.png,640,640,3,1,JPEG,PNG,32.16,1.42,6688,0.016328
train,train/images/nail_train_004245.jpg,train/masks/nail_train_004245.png,640,640,3,1,JPEG,PNG,56.96,1.45,6274,0.015317
train,train/images/nail_train_004246.jpg,train/masks/nail_train_004246.png,640,640,3,1,JPEG,PNG,51.42,1.79,5966,0.014565
train,train/images/nail_train_004247.jpg,train/masks/nail_train_004247.png,640,640,3,1,JPEG,PNG,27.18,1.45,6094,0.014878
train,train/images/nail_train_004248.jpg,train/masks/nail_train_004248.png,640,640,3,1,JPEG,PNG,30.81,1.48,6087,0.014861
train,train/images/nail_train_004249.jpg,train/masks/nail_train_004249.png,640,640,3,1,JPEG,PNG,47.57,1.89,20536,0.050137
train,train/images/nail_train_004250.jpg,train/masks/nail_train_004250.png,640,640,3,1,JPEG,PNG,47.35,1.93,20512,0.050078
train,train/images/nail_train_004251.jpg,train/masks/nail_train_004251.png,640,640,3,1,JPEG,PNG,19.28,1.34,5538,0.013521
train,train/images/nail_train_004252.jpg,train/masks/nail_train_004252.png,640,640,3,1,JPEG,PNG,17.55,1.32,5544,0.013535
train,train/images/nail_train_004253.jpg,train/masks/nail_train_004253.png,640,640,3,1,JPEG,PNG,34.4,1.65,9470,0.02312
train,train/images/nail_train_004254.jpg,train/masks/nail_train_004254.png,640,640,3,1,JPEG,PNG,31.12,1.93,9534,0.023276
train,train/images/nail_train_004255.jpg,train/masks/nail_train_004255.png,640,640,3,1,JPEG,PNG,27.42,1.3,6524,0.015928
train,train/images/nail_train_004256.jpg,train/masks/nail_train_004256.png,640,640,3,1,JPEG,PNG,30,1.61,6459,0.015769
train,train/images/nail_train_004258.jpg,train/masks/nail_train_004258.png,640,640,3,1,JPEG,PNG,26.1,1.1,4536,0.011074
train,train/images/nail_train_004259.jpg,train/masks/nail_train_004259.png,640,640,3,1,JPEG,PNG,29.57,1.97,14485,0.035364
train,train/images/nail_train_004260.jpg,train/masks/nail_train_004260.png,640,640,3,1,JPEG,PNG,31.62,1.57,14523,0.035457
train,train/images/nail_train_004261.jpg,train/masks/nail_train_004261.png,640,640,3,1,JPEG,PNG,26.63,2.13,13822,0.033745
train,train/images/nail_train_004263.jpg,train/masks/nail_train_004263.png,640,640,3,1,JPEG,PNG,28.84,1.15,4556,0.011123
train,train/images/nail_train_004265.jpg,train/masks/nail_train_004265.png,640,640,3,1,JPEG,PNG,25.29,1.49,6434,0.015708
train,train/images/nail_train_004267.jpg,train/masks/nail_train_004267.png,640,640,3,1,JPEG,PNG,23.81,1.18,4571,0.01116
train,train/images/nail_train_004268.jpg,train/masks/nail_train_004268.png,640,640,3,1,JPEG,PNG,24.85,0.96,4575,0.011169
train,train/images/nail_train_004270.jpg,train/masks/nail_train_004270.png,640,640,3,1,JPEG,PNG,68.4,0.92,1844,0.004502
train,train/images/nail_train_004271.jpg,train/masks/nail_train_004271.png,640,640,3,1,JPEG,PNG,24.65,1.29,5522,0.013481
train,train/images/nail_train_004272.jpg,train/masks/nail_train_004272.png,640,640,3,1,JPEG,PNG,25.31,1.18,5536,0.013516
train,train/images/nail_train_004273.jpg,train/masks/nail_train_004273.png,640,640,3,1,JPEG,PNG,27.89,1.49,6522,0.015923
train,train/images/nail_train_004274.jpg,train/masks/nail_train_004274.png,640,640,3,1,JPEG,PNG,28.82,1.49,6524,0.015928
train,train/images/nail_train_004275.jpg,train/masks/nail_train_004275.png,640,640,3,1,JPEG,PNG,24.54,1.48,6428,0.015693
train,train/images/nail_train_004277.jpg,train/masks/nail_train_004277.png,640,640,3,1,JPEG,PNG,24.79,1.67,12774,0.031187
train,train/images/nail_train_004278.jpg,train/masks/nail_train_004278.png,640,640,3,1,JPEG,PNG,25.03,1.81,12806,0.031265
train,train/images/nail_train_004279.jpg,train/masks/nail_train_004279.png,640,640,3,1,JPEG,PNG,29.81,1.47,6983,0.017048
train,train/images/nail_train_004280.jpg,train/masks/nail_train_004280.png,640,640,3,1,JPEG,PNG,25.95,1.44,7002,0.017095
train,train/images/nail_train_004281.jpg,train/masks/nail_train_004281.png,640,640,3,1,JPEG,PNG,30.75,1.7,8386,0.020474
train,train/images/nail_train_004282.jpg,train/masks/nail_train_004282.png,640,640,3,1,JPEG,PNG,32.3,1.58,8374,0.020444
train,train/images/nail_train_004283.jpg,train/masks/nail_train_004283.png,640,640,3,1,JPEG,PNG,22.46,2.02,15207,0.037126
train,train/images/nail_train_004284.jpg,train/masks/nail_train_004284.png,640,640,3,1,JPEG,PNG,22.35,1.84,15187,0.037078
train,train/images/nail_train_004285.jpg,train/masks/nail_train_004285.png,640,640,3,1,JPEG,PNG,23.27,1.56,4708,0.011494
train,train/images/nail_train_004286.jpg,train/masks/nail_train_004286.png,640,640,3,1,JPEG,PNG,23.56,1.53,4715,0.011511
train,train/images/nail_train_004288.jpg,train/masks/nail_train_004288.png,640,640,3,1,JPEG,PNG,24.64,1.49,9997,0.024407
train,train/images/nail_train_004289.jpg,train/masks/nail_train_004289.png,640,640,3,1,JPEG,PNG,33.38,2.34,22648,0.055293
train,train/images/nail_train_004290.jpg,train/masks/nail_train_004290.png,640,640,3,1,JPEG,PNG,35.93,2.35,22733,0.0555
train,train/images/nail_train_004291.jpg,train/masks/nail_train_004291.png,640,640,3,1,JPEG,PNG,26.16,1.61,21093,0.051497
train,train/images/nail_train_004292.jpg,train/masks/nail_train_004292.png,640,640,3,1,JPEG,PNG,22.38,2.25,21108,0.051533
train,train/images/nail_train_004293.jpg,train/masks/nail_train_004293.png,640,640,3,1,JPEG,PNG,23.31,1.2,4436,0.01083
train,train/images/nail_train_004295.jpg,train/masks/nail_train_004295.png,640,640,3,1,JPEG,PNG,27.89,1.54,6277,0.015325
train,train/images/nail_train_004296.jpg,train/masks/nail_train_004296.png,640,640,3,1,JPEG,PNG,29.69,1.56,6297,0.015374
train,train/images/nail_train_004297.jpg,train/masks/nail_train_004297.png,640,640,3,1,JPEG,PNG,31.91,1.36,5704,0.013926
train,train/images/nail_train_004298.jpg,train/masks/nail_train_004298.png,640,640,3,1,JPEG,PNG,26.16,1.36,5718,0.01396
train,train/images/nail_train_004299.jpg,train/masks/nail_train_004299.png,640,640,3,1,JPEG,PNG,31.62,1.91,10732,0.026201
train,train/images/nail_train_004301.jpg,train/masks/nail_train_004301.png,640,640,3,1,JPEG,PNG,70.19,0.76,1512,0.003691
train,train/images/nail_train_004302.jpg,train/masks/nail_train_004302.png,640,640,3,1,JPEG,PNG,45.92,0.66,888,0.002168
train,train/images/nail_train_004303.jpg,train/masks/nail_train_004303.png,640,640,3,1,JPEG,PNG,25.37,1.18,4052,0.009893
train,train/images/nail_train_004306.jpg,train/masks/nail_train_004306.png,640,640,3,1,JPEG,PNG,24.27,1.75,10193,0.024885
train,train/images/nail_train_004308.jpg,train/masks/nail_train_004308.png,640,640,3,1,JPEG,PNG,25.19,1.55,11785,0.028772
train,train/images/nail_train_004309.jpg,train/masks/nail_train_004309.png,640,640,3,1,JPEG,PNG,32.32,1.6,11143,0.027205
train,train/images/nail_train_004310.jpg,train/masks/nail_train_004310.png,640,640,3,1,JPEG,PNG,30.57,1.98,10344,0.025254
train,train/images/nail_train_004311.jpg,train/masks/nail_train_004311.png,640,640,3,1,JPEG,PNG,26.57,1.87,9342,0.022808
train,train/images/nail_train_004312.jpg,train/masks/nail_train_004312.png,640,640,3,1,JPEG,PNG,39.78,1.44,6158,0.015034
train,train/images/nail_train_004313.jpg,train/masks/nail_train_004313.png,640,640,3,1,JPEG,PNG,35.55,1.78,6193,0.01512
train,train/images/nail_train_004314.jpg,train/masks/nail_train_004314.png,640,640,3,1,JPEG,PNG,26.41,1.88,9387,0.022917
train,train/images/nail_train_004315.jpg,train/masks/nail_train_004315.png,640,640,3,1,JPEG,PNG,51.92,2.29,24384,0.059531
train,train/images/nail_train_004317.jpg,train/masks/nail_train_004317.png,640,640,3,1,JPEG,PNG,32.23,1.51,12964,0.03165
train,train/images/nail_train_004318.jpg,train/masks/nail_train_004318.png,640,640,3,1,JPEG,PNG,39.94,1.01,1692,0.004131
train,train/images/nail_train_004319.jpg,train/masks/nail_train_004319.png,640,640,3,1,JPEG,PNG,48.59,1,1685,0.004114
train,train/images/nail_train_004320.jpg,train/masks/nail_train_004320.png,640,640,3,1,JPEG,PNG,31.19,1.87,12972,0.03167
train,train/images/nail_train_004322.jpg,train/masks/nail_train_004322.png,640,640,3,1,JPEG,PNG,28.95,1.51,10260,0.025049
train,train/images/nail_train_004323.jpg,train/masks/nail_train_004323.png,640,640,3,1,JPEG,PNG,51.02,1.78,13456,0.032852
train,train/images/nail_train_004324.jpg,train/masks/nail_train_004324.png,640,640,3,1,JPEG,PNG,22.82,1.28,7398,0.018062
train,train/images/nail_train_004325.jpg,train/masks/nail_train_004325.png,640,640,3,1,JPEG,PNG,26.48,1.23,7410,0.018091
train,train/images/nail_train_004326.jpg,train/masks/nail_train_004326.png,640,640,3,1,JPEG,PNG,36.1,1.92,13514,0.032993
train,train/images/nail_train_004328.jpg,train/masks/nail_train_004328.png,640,640,3,1,JPEG,PNG,53.68,2.12,10028,0.024482
train,train/images/nail_train_004329.jpg,train/masks/nail_train_004329.png,640,640,3,1,JPEG,PNG,62.09,2.06,10063,0.024568
train,train/images/nail_train_004330.jpg,train/masks/nail_train_004330.png,640,640,3,1,JPEG,PNG,40.07,1.74,8503,0.020759
train,train/images/nail_train_004331.jpg,train/masks/nail_train_004331.png,640,640,3,1,JPEG,PNG,36.06,1.67,9058,0.022114
train,train/images/nail_train_004332.jpg,train/masks/nail_train_004332.png,640,640,3,1,JPEG,PNG,42.82,1.37,5054,0.012339
train,train/images/nail_train_004333.jpg,train/masks/nail_train_004333.png,640,640,3,1,JPEG,PNG,28.49,1.4,4437,0.010833
train,train/images/nail_train_004336.jpg,train/masks/nail_train_004336.png,640,640,3,1,JPEG,PNG,32.53,1.11,4602,0.011235
train,train/images/nail_train_004337.jpg,train/masks/nail_train_004337.png,640,640,3,1,JPEG,PNG,24.66,2.08,9353,0.022834
train,train/images/nail_train_004338.jpg,train/masks/nail_train_004338.png,640,640,3,1,JPEG,PNG,21.86,1.4,9342,0.022808
train,train/images/nail_train_004339.jpg,train/masks/nail_train_004339.png,640,640,3,1,JPEG,PNG,41.29,1.35,5605,0.013684
train,train/images/nail_train_004340.jpg,train/masks/nail_train_004340.png,640,640,3,1,JPEG,PNG,57.82,1.34,5603,0.013679
train,train/images/nail_train_004341.jpg,train/masks/nail_train_004341.png,640,640,3,1,JPEG,PNG,37.53,1.53,9624,0.023496
train,train/images/nail_train_004342.jpg,train/masks/nail_train_004342.png,640,640,3,1,JPEG,PNG,32.44,1.82,9673,0.023616
train,train/images/nail_train_004343.jpg,train/masks/nail_train_004343.png,640,640,3,1,JPEG,PNG,23.98,2,16224,0.039609
train,train/images/nail_train_004344.jpg,train/masks/nail_train_004344.png,640,640,3,1,JPEG,PNG,24.02,1.65,16240,0.039648
train,train/images/nail_train_004345.jpg,train/masks/nail_train_004345.png,640,640,3,1,JPEG,PNG,26.99,1.94,7268,0.017744
train,train/images/nail_train_004346.jpg,train/masks/nail_train_004346.png,640,640,3,1,JPEG,PNG,29.88,1.51,7293,0.017805
train,train/images/nail_train_004348.jpg,train/masks/nail_train_004348.png,640,640,3,1,JPEG,PNG,28.02,1.41,9039,0.022068
train,train/images/nail_train_004349.jpg,train/masks/nail_train_004349.png,640,640,3,1,JPEG,PNG,31.47,1.26,6411,0.015652
train,train/images/nail_train_004350.jpg,train/masks/nail_train_004350.png,640,640,3,1,JPEG,PNG,25.51,1.32,6369,0.015549
train,train/images/nail_train_004351.jpg,train/masks/nail_train_004351.png,640,640,3,1,JPEG,PNG,30.14,3.05,26319,0.064255
train,train/images/nail_train_004352.jpg,train/masks/nail_train_004352.png,640,640,3,1,JPEG,PNG,35.13,3.07,26487,0.064666
train,train/images/nail_train_004353.jpg,train/masks/nail_train_004353.png,640,640,3,1,JPEG,PNG,28.79,1.75,7842,0.019146
train,train/images/nail_train_004354.jpg,train/masks/nail_train_004354.png,640,640,3,1,JPEG,PNG,25.87,1.49,7839,0.019138
train,train/images/nail_train_004357.jpg,train/masks/nail_train_004357.png,640,640,3,1,JPEG,PNG,30.24,1.25,5624,0.01373
train,train/images/nail_train_004359.jpg,train/masks/nail_train_004359.png,640,640,3,1,JPEG,PNG,36.27,1.41,5954,0.014536
train,train/images/nail_train_004360.jpg,train/masks/nail_train_004360.png,640,640,3,1,JPEG,PNG,38.56,1.43,5955,0.014539
train,train/images/nail_train_004361.jpg,train/masks/nail_train_004361.png,640,640,3,1,JPEG,PNG,31.71,1.07,3247,0.007927
train,train/images/nail_train_004362.jpg,train/masks/nail_train_004362.png,640,640,3,1,JPEG,PNG,35.6,1.05,3254,0.007944
train,train/images/nail_train_004363.jpg,train/masks/nail_train_004363.png,640,640,3,1,JPEG,PNG,27.04,1.64,13619,0.03325
train,train/images/nail_train_004364.jpg,train/masks/nail_train_004364.png,640,640,3,1,JPEG,PNG,23.86,2.11,13650,0.033325
train,train/images/nail_train_004365.jpg,train/masks/nail_train_004365.png,640,640,3,1,JPEG,PNG,40.29,1.43,6669,0.016282
train,train/images/nail_train_004367.jpg,train/masks/nail_train_004367.png,640,640,3,1,JPEG,PNG,40.47,1.74,7060,0.017236
train,train/images/nail_train_004368.jpg,train/masks/nail_train_004368.png,640,640,3,1,JPEG,PNG,36.23,1.48,6702,0.016362
train,train/images/nail_train_004369.jpg,train/masks/nail_train_004369.png,640,640,3,1,JPEG,PNG,40.3,1.44,7021,0.017141
train,train/images/nail_train_004370.jpg,train/masks/nail_train_004370.png,640,640,3,1,JPEG,PNG,40.29,1.46,6653,0.016243
train,train/images/nail_train_004371.jpg,train/masks/nail_train_004371.png,640,640,3,1,JPEG,PNG,24.41,1.05,2393,0.005842
train,train/images/nail_train_004372.jpg,train/masks/nail_train_004372.png,640,640,3,1,JPEG,PNG,24.09,1.13,2396,0.00585
train,train/images/nail_train_004373.jpg,train/masks/nail_train_004373.png,640,640,3,1,JPEG,PNG,49.26,1.43,10903,0.026619
train,train/images/nail_train_004375.jpg,train/masks/nail_train_004375.png,640,640,3,1,JPEG,PNG,25.23,2.27,27891,0.068093
train,train/images/nail_train_004376.jpg,train/masks/nail_train_004376.png,640,640,3,1,JPEG,PNG,32.37,2.4,27611,0.06741
train,train/images/nail_train_004378.jpg,train/masks/nail_train_004378.png,640,640,3,1,JPEG,PNG,32.41,2.41,28021,0.068411
train,train/images/nail_train_004379.jpg,train/masks/nail_train_004379.png,640,640,3,1,JPEG,PNG,30.98,1.21,2613,0.006379
train,train/images/nail_train_004380.jpg,train/masks/nail_train_004380.png,640,640,3,1,JPEG,PNG,34.2,1.08,2613,0.006379
train,train/images/nail_train_004381.jpg,train/masks/nail_train_004381.png,640,640,3,1,JPEG,PNG,30.02,1.34,6108,0.014912
train,train/images/nail_train_004382.jpg,train/masks/nail_train_004382.png,640,640,3,1,JPEG,PNG,31.25,1.28,6133,0.014973
train,train/images/nail_train_004383.jpg,train/masks/nail_train_004383.png,640,640,3,1,JPEG,PNG,58.71,1.2,5374,0.01312
train,train/images/nail_train_004386.jpg,train/masks/nail_train_004386.png,640,640,3,1,JPEG,PNG,41.89,1.38,5054,0.012339
train,train/images/nail_train_004388.jpg,train/masks/nail_train_004388.png,640,640,3,1,JPEG,PNG,20.22,1.31,4031,0.009841
train,train/images/nail_train_004389.jpg,train/masks/nail_train_004389.png,640,640,3,1,JPEG,PNG,22.86,1.38,8934,0.021812
train,train/images/nail_train_004390.jpg,train/masks/nail_train_004390.png,640,640,3,1,JPEG,PNG,24.74,1.82,9008,0.021992
train,train/images/nail_train_004391.jpg,train/masks/nail_train_004391.png,640,640,3,1,JPEG,PNG,24.64,1.37,4684,0.011436
train,train/images/nail_train_004392.jpg,train/masks/nail_train_004392.png,640,640,3,1,JPEG,PNG,33.26,1.28,4713,0.011506
train,train/images/nail_train_004393.jpg,train/masks/nail_train_004393.png,640,640,3,1,JPEG,PNG,30.2,2.27,15867,0.038738
train,train/images/nail_train_004394.jpg,train/masks/nail_train_004394.png,640,640,3,1,JPEG,PNG,29.38,2.35,15972,0.038994
train,train/images/nail_train_004395.jpg,train/masks/nail_train_004395.png,640,640,3,1,JPEG,PNG,24.52,1.28,6342,0.015483
train,train/images/nail_train_004397.jpg,train/masks/nail_train_004397.png,640,640,3,1,JPEG,PNG,31.01,1.58,12307,0.030046
train,train/images/nail_train_004398.jpg,train/masks/nail_train_004398.png,640,640,3,1,JPEG,PNG,27.8,1.88,12301,0.030032
train,train/images/nail_train_004399.jpg,train/masks/nail_train_004399.png,640,640,3,1,JPEG,PNG,30.48,1.22,4771,0.011648
train,train/images/nail_train_004400.jpg,train/masks/nail_train_004400.png,640,640,3,1,JPEG,PNG,35.49,1.15,7988,0.019502
train,train/images/nail_train_004402.jpg,train/masks/nail_train_004402.png,640,640,3,1,JPEG,PNG,37.84,1.2,4799,0.011716
train,train/images/nail_train_004403.jpg,train/masks/nail_train_004403.png,640,640,3,1,JPEG,PNG,28.2,0.47,0,0
train,train/images/nail_train_004404.jpg,train/masks/nail_train_004404.png,640,640,3,1,JPEG,PNG,23.4,0.47,0,0
train,train/images/nail_train_004405.jpg,train/masks/nail_train_004405.png,640,640,3,1,JPEG,PNG,55.46,1.89,15641,0.038186
train,train/images/nail_train_004406.jpg,train/masks/nail_train_004406.png,640,640,3,1,JPEG,PNG,48.56,2.09,15737,0.03842
train,train/images/nail_train_004407.jpg,train/masks/nail_train_004407.png,640,640,3,1,JPEG,PNG,25.98,2.1,17287,0.042205
train,train/images/nail_train_004408.jpg,train/masks/nail_train_004408.png,640,640,3,1,JPEG,PNG,26.06,2.14,17235,0.042078
train,train/images/nail_train_004409.jpg,train/masks/nail_train_004409.png,640,640,3,1,JPEG,PNG,23.18,1.3,3735,0.009119
train,train/images/nail_train_004410.jpg,train/masks/nail_train_004410.png,640,640,3,1,JPEG,PNG,25.84,1.05,3734,0.009116
train,train/images/nail_train_004412.jpg,train/masks/nail_train_004412.png,640,640,3,1,JPEG,PNG,27.5,2.31,17660,0.043115
train,train/images/nail_train_004413.jpg,train/masks/nail_train_004413.png,640,640,3,1,JPEG,PNG,37.96,1.25,4515,0.011023
train,train/images/nail_train_004414.jpg,train/masks/nail_train_004414.png,640,640,3,1,JPEG,PNG,30.03,1.28,4541,0.011086
train,train/images/nail_train_004415.jpg,train/masks/nail_train_004415.png,640,640,3,1,JPEG,PNG,22.13,1.29,3398,0.008296
train,train/images/nail_train_004416.jpg,train/masks/nail_train_004416.png,640,640,3,1,JPEG,PNG,26.2,1.1,3416,0.00834
train,train/images/nail_train_004417.jpg,train/masks/nail_train_004417.png,640,640,3,1,JPEG,PNG,29.01,1.54,6157,0.015032
train,train/images/nail_train_004418.jpg,train/masks/nail_train_004418.png,640,640,3,1,JPEG,PNG,30.77,1.21,6182,0.015093
train,train/images/nail_train_004420.jpg,train/masks/nail_train_004420.png,640,640,3,1,JPEG,PNG,26.32,1.93,11731,0.02864
train,train/images/nail_train_004421.jpg,train/masks/nail_train_004421.png,640,640,3,1,JPEG,PNG,29.97,1.73,8387,0.020476
train,train/images/nail_train_004422.jpg,train/masks/nail_train_004422.png,640,640,3,1,JPEG,PNG,36.16,1.49,8378,0.020454
train,train/images/nail_train_004423.jpg,train/masks/nail_train_004423.png,640,640,3,1,JPEG,PNG,33.15,1.72,8322,0.020317
train,train/images/nail_train_004424.jpg,train/masks/nail_train_004424.png,640,640,3,1,JPEG,PNG,36.95,1.67,8296,0.020254
train,train/images/nail_train_004425.jpg,train/masks/nail_train_004425.png,640,640,3,1,JPEG,PNG,24.98,1.31,5745,0.014026
train,train/images/nail_train_004426.jpg,train/masks/nail_train_004426.png,640,640,3,1,JPEG,PNG,22.63,1.44,5911,0.014431
train,train/images/nail_train_004427.jpg,train/masks/nail_train_004427.png,640,640,3,1,JPEG,PNG,49.19,1.26,9534,0.023276
train,train/images/nail_train_004428.jpg,train/masks/nail_train_004428.png,640,640,3,1,JPEG,PNG,52.66,1.34,9466,0.02311
train,train/images/nail_train_004429.jpg,train/masks/nail_train_004429.png,640,640,3,1,JPEG,PNG,24.87,1.5,10127,0.024724
train,train/images/nail_train_004430.jpg,train/masks/nail_train_004430.png,640,640,3,1,JPEG,PNG,29.55,1.47,10103,0.024666
train,train/images/nail_train_004431.jpg,train/masks/nail_train_004431.png,640,640,3,1,JPEG,PNG,41.7,1.67,13127,0.032048
train,train/images/nail_train_004432.jpg,train/masks/nail_train_004432.png,640,640,3,1,JPEG,PNG,52.07,1.72,13156,0.032119
train,train/images/nail_train_004433.jpg,train/masks/nail_train_004433.png,640,640,3,1,JPEG,PNG,33.58,3.49,48873,0.119319
train,train/images/nail_train_004434.jpg,train/masks/nail_train_004434.png,640,640,3,1,JPEG,PNG,29.67,2.98,48991,0.119607
train,train/images/nail_train_004435.jpg,train/masks/nail_train_004435.png,640,640,3,1,JPEG,PNG,54.96,5.49,100718,0.245894
train,train/images/nail_train_004436.jpg,train/masks/nail_train_004436.png,640,640,3,1,JPEG,PNG,43.15,5.41,100701,0.245852
train,train/images/nail_train_004438.jpg,train/masks/nail_train_004438.png,640,640,3,1,JPEG,PNG,39.45,1.45,8766,0.021401
train,train/images/nail_train_004439.jpg,train/masks/nail_train_004439.png,640,640,3,1,JPEG,PNG,25.44,1.55,14602,0.035649
train,train/images/nail_train_004440.jpg,train/masks/nail_train_004440.png,640,640,3,1,JPEG,PNG,26.76,1.68,14550,0.035522
train,train/images/nail_train_004441.jpg,train/masks/nail_train_004441.png,640,640,3,1,JPEG,PNG,37.81,1.26,7637,0.018645
train,train/images/nail_train_004442.jpg,train/masks/nail_train_004442.png,640,640,3,1,JPEG,PNG,28.42,1.41,6214,0.015171
train,train/images/nail_train_004444.jpg,train/masks/nail_train_004444.png,640,640,3,1,JPEG,PNG,30.75,1.33,7633,0.018635
train,train/images/nail_train_004445.jpg,train/masks/nail_train_004445.png,640,640,3,1,JPEG,PNG,45.92,0.72,878,0.002144
train,train/images/nail_train_004447.jpg,train/masks/nail_train_004447.png,640,640,3,1,JPEG,PNG,37.25,3.54,80458,0.196431
train,train/images/nail_train_004448.jpg,train/masks/nail_train_004448.png,640,640,3,1,JPEG,PNG,38.78,3.46,80449,0.196409
train,train/images/nail_train_004449.jpg,train/masks/nail_train_004449.png,640,640,3,1,JPEG,PNG,16.91,2.48,157735,0.385095
train,train/images/nail_train_004450.jpg,train/masks/nail_train_004450.png,640,640,3,1,JPEG,PNG,27.04,2.57,229795,0.561023
train,train/images/nail_train_004451.jpg,train/masks/nail_train_004451.png,640,640,3,1,JPEG,PNG,22.01,1.63,53526,0.130679
train,train/images/nail_train_004452.jpg,train/masks/nail_train_004452.png,640,640,3,1,JPEG,PNG,18.36,3.06,206549,0.50427
train,train/images/nail_train_004453.jpg,train/masks/nail_train_004453.png,640,640,3,1,JPEG,PNG,24.01,3.13,215143,0.525251
train,train/images/nail_train_004454.jpg,train/masks/nail_train_004454.png,640,640,3,1,JPEG,PNG,22.12,2.92,212077,0.517766
train,train/images/nail_train_004455.jpg,train/masks/nail_train_004455.png,640,640,3,1,JPEG,PNG,17.58,3.07,273535,0.66781
train,train/images/nail_train_004457.jpg,train/masks/nail_train_004457.png,640,640,3,1,JPEG,PNG,20.46,2.98,279870,0.683276
train,train/images/nail_train_004459.jpg,train/masks/nail_train_004459.png,640,640,3,1,JPEG,PNG,26.87,2.17,88946,0.217153
train,train/images/nail_train_004460.jpg,train/masks/nail_train_004460.png,640,640,3,1,JPEG,PNG,23.25,1.78,53459,0.130515
train,train/images/nail_train_004461.jpg,train/masks/nail_train_004461.png,640,640,3,1,JPEG,PNG,23.47,2.1,88911,0.217068
train,train/images/nail_train_004462.jpg,train/masks/nail_train_004462.png,640,640,3,1,JPEG,PNG,16.48,2.85,207063,0.505525
train,train/images/nail_train_004463.jpg,train/masks/nail_train_004463.png,640,640,3,1,JPEG,PNG,17.42,2.46,158478,0.386909
train,train/images/nail_train_004464.jpg,train/masks/nail_train_004464.png,640,640,3,1,JPEG,PNG,26.26,3.14,229659,0.560691
train,train/images/nail_train_004465.jpg,train/masks/nail_train_004465.png,640,640,3,1,JPEG,PNG,32.8,4.27,41743,0.101912
train,train/images/nail_train_004467.jpg,train/masks/nail_train_004467.png,640,640,3,1,JPEG,PNG,22.69,1.93,11439,0.027927
train,train/images/nail_train_004468.jpg,train/masks/nail_train_004468.png,640,640,3,1,JPEG,PNG,23.47,1.88,13059,0.031882
train,train/images/nail_train_004469.jpg,train/masks/nail_train_004469.png,640,640,3,1,JPEG,PNG,25.84,1.92,11462,0.027983
train,train/images/nail_train_004470.jpg,train/masks/nail_train_004470.png,640,640,3,1,JPEG,PNG,22.87,1.81,13089,0.031956
train,train/images/nail_train_004471.jpg,train/masks/nail_train_004471.png,640,640,3,1,JPEG,PNG,34.64,2.77,22864,0.05582
train,train/images/nail_train_004472.jpg,train/masks/nail_train_004472.png,640,640,3,1,JPEG,PNG,27.9,2.8,22865,0.055823
train,train/images/nail_train_004473.jpg,train/masks/nail_train_004473.png,640,640,3,1,JPEG,PNG,27.46,0.99,2682,0.006548
train,train/images/nail_train_004474.jpg,train/masks/nail_train_004474.png,640,640,3,1,JPEG,PNG,31.27,0.97,2674,0.006528
train,train/images/nail_train_004475.jpg,train/masks/nail_train_004475.png,640,640,3,1,JPEG,PNG,26.61,1.58,6329,0.015452
train,train/images/nail_train_004476.jpg,train/masks/nail_train_004476.png,640,640,3,1,JPEG,PNG,23.68,1.12,6339,0.015476
train,train/images/nail_train_004478.jpg,train/masks/nail_train_004478.png,640,640,3,1,JPEG,PNG,29.36,1.12,3998,0.009761
train,train/images/nail_train_004479.jpg,train/masks/nail_train_004479.png,640,640,3,1,JPEG,PNG,33.18,0.93,3857,0.009417
train,train/images/nail_train_004480.jpg,train/masks/nail_train_004480.png,640,640,3,1,JPEG,PNG,40.68,0.98,3851,0.009402
train,train/images/nail_train_004481.jpg,train/masks/nail_train_004481.png,640,640,3,1,JPEG,PNG,32.63,1.39,4211,0.010281
train,train/images/nail_train_004482.jpg,train/masks/nail_train_004482.png,640,640,3,1,JPEG,PNG,28.38,1.37,4205,0.010266
train,train/images/nail_train_004483.jpg,train/masks/nail_train_004483.png,640,640,3,1,JPEG,PNG,34.11,2.01,18666,0.045571
train,train/images/nail_train_004484.jpg,train/masks/nail_train_004484.png,640,640,3,1,JPEG,PNG,39.87,2.12,18607,0.045427
train,train/images/nail_train_004485.jpg,train/masks/nail_train_004485.png,640,640,3,1,JPEG,PNG,26.4,1.47,8049,0.019651
train,train/images/nail_train_004486.jpg,train/masks/nail_train_004486.png,640,640,3,1,JPEG,PNG,25.15,1.46,8080,0.019727
train,train/images/nail_train_004487.jpg,train/masks/nail_train_004487.png,640,640,3,1,JPEG,PNG,40.16,1.27,5491,0.013406
train,train/images/nail_train_004488.jpg,train/masks/nail_train_004488.png,640,640,3,1,JPEG,PNG,22.39,1.3,5492,0.013408
train,train/images/nail_train_004489.jpg,train/masks/nail_train_004489.png,640,640,3,1,JPEG,PNG,34.46,1.35,8610,0.021021
train,train/images/nail_train_004490.jpg,train/masks/nail_train_004490.png,640,640,3,1,JPEG,PNG,30.62,1.48,8610,0.021021
train,train/images/nail_train_004491.jpg,train/masks/nail_train_004491.png,640,640,3,1,JPEG,PNG,29.48,1.83,14213,0.0347
train,train/images/nail_train_004492.jpg,train/masks/nail_train_004492.png,640,640,3,1,JPEG,PNG,27.61,1.63,14225,0.034729
train,train/images/nail_train_004493.jpg,train/masks/nail_train_004493.png,640,640,3,1,JPEG,PNG,18.2,1.43,7406,0.018081
train,train/images/nail_train_004494.jpg,train/masks/nail_train_004494.png,640,640,3,1,JPEG,PNG,18.67,1.42,7544,0.018418
train,train/images/nail_train_004495.jpg,train/masks/nail_train_004495.png,640,640,3,1,JPEG,PNG,26.87,1.5,9251,0.022585
train,train/images/nail_train_004496.jpg,train/masks/nail_train_004496.png,640,640,3,1,JPEG,PNG,30.22,1.5,9238,0.022554
train,train/images/nail_train_004497.jpg,train/masks/nail_train_004497.png,640,640,3,1,JPEG,PNG,45.51,1.3,6762,0.016509
train,train/images/nail_train_004498.jpg,train/masks/nail_train_004498.png,640,640,3,1,JPEG,PNG,41.54,1.25,6750,0.016479
train,train/images/nail_train_004499.jpg,train/masks/nail_train_004499.png,640,640,3,1,JPEG,PNG,31.69,1.69,9288,0.022676
train,train/images/nail_train_004500.jpg,train/masks/nail_train_004500.png,640,640,3,1,JPEG,PNG,47.71,1.77,9254,0.022593
train,train/images/nail_train_004501.jpg,train/masks/nail_train_004501.png,640,640,3,1,JPEG,PNG,27.89,2.48,24453,0.0597
train,train/images/nail_train_004503.jpg,train/masks/nail_train_004503.png,640,640,3,1,JPEG,PNG,27.28,2.49,24053,0.058723
train,train/images/nail_train_004504.jpg,train/masks/nail_train_004504.png,640,640,3,1,JPEG,PNG,27.89,2.5,24068,0.05876
train,train/images/nail_train_004505.jpg,train/masks/nail_train_004505.png,640,640,3,1,JPEG,PNG,28.21,1.54,13408,0.032734
train,train/images/nail_train_004508.jpg,train/masks/nail_train_004508.png,640,640,3,1,JPEG,PNG,31.07,3.89,52258,0.127583
train,train/images/nail_train_004509.jpg,train/masks/nail_train_004509.png,640,640,3,1,JPEG,PNG,31.67,1.93,10102,0.024663
train,train/images/nail_train_004510.jpg,train/masks/nail_train_004510.png,640,640,3,1,JPEG,PNG,35.23,1.68,10049,0.024534
train,train/images/nail_train_004512.jpg,train/masks/nail_train_004512.png,640,640,3,1,JPEG,PNG,24.87,1.54,11257,0.027483
train,train/images/nail_train_004513.jpg,train/masks/nail_train_004513.png,640,640,3,1,JPEG,PNG,25.66,1.35,5189,0.012668
train,train/images/nail_train_004515.jpg,train/masks/nail_train_004515.png,640,640,3,1,JPEG,PNG,22.38,1.85,14688,0.035859
train,train/images/nail_train_004516.jpg,train/masks/nail_train_004516.png,640,640,3,1,JPEG,PNG,25.81,1.92,14655,0.035779
train,train/images/nail_train_004517.jpg,train/masks/nail_train_004517.png,640,640,3,1,JPEG,PNG,33.49,1.28,3986,0.009731
train,train/images/nail_train_004518.jpg,train/masks/nail_train_004518.png,640,640,3,1,JPEG,PNG,32.86,1.39,3985,0.009729
train,train/images/nail_train_004519.jpg,train/masks/nail_train_004519.png,640,640,3,1,JPEG,PNG,45.97,1.73,9533,0.023274
train,train/images/nail_train_004520.jpg,train/masks/nail_train_004520.png,640,640,3,1,JPEG,PNG,47.18,1.58,9549,0.023313
train,train/images/nail_train_004521.jpg,train/masks/nail_train_004521.png,640,640,3,1,JPEG,PNG,39.45,1.48,5350,0.013062
train,train/images/nail_train_004522.jpg,train/masks/nail_train_004522.png,640,640,3,1,JPEG,PNG,44,1.42,5385,0.013147
train,train/images/nail_train_004523.jpg,train/masks/nail_train_004523.png,640,640,3,1,JPEG,PNG,28.07,1.79,15485,0.037805
train,train/images/nail_train_004524.jpg,train/masks/nail_train_004524.png,640,640,3,1,JPEG,PNG,27.65,1.78,15495,0.03783
train,train/images/nail_train_004525.jpg,train/masks/nail_train_004525.png,640,640,3,1,JPEG,PNG,28.4,0.62,393,0.000959
train,train/images/nail_train_004526.jpg,train/masks/nail_train_004526.png,640,640,3,1,JPEG,PNG,25.34,0.62,389,0.00095
train,train/images/nail_train_004528.jpg,train/masks/nail_train_004528.png,640,640,3,1,JPEG,PNG,23.58,1.4,5384,0.013145
train,train/images/nail_train_004529.jpg,train/masks/nail_train_004529.png,640,640,3,1,JPEG,PNG,36.06,2.37,23689,0.057834
train,train/images/nail_train_004530.jpg,train/masks/nail_train_004530.png,640,640,3,1,JPEG,PNG,34.31,2.36,23677,0.057805
train,train/images/nail_train_004531.jpg,train/masks/nail_train_004531.png,640,640,3,1,JPEG,PNG,35.97,1.7,11933,0.029133
train,train/images/nail_train_004532.jpg,train/masks/nail_train_004532.png,640,640,3,1,JPEG,PNG,50.91,1.25,4390,0.010718
train,train/images/nail_train_004533.jpg,train/masks/nail_train_004533.png,640,640,3,1,JPEG,PNG,57.88,1.16,4388,0.010713
train,train/images/nail_train_004534.jpg,train/masks/nail_train_004534.png,640,640,3,1,JPEG,PNG,31.68,1.85,11918,0.029097
train,train/images/nail_train_004536.jpg,train/masks/nail_train_004536.png,640,640,3,1,JPEG,PNG,28.61,1.32,4002,0.009771
train,train/images/nail_train_004537.jpg,train/masks/nail_train_004537.png,640,640,3,1,JPEG,PNG,44.88,1.46,5194,0.012681
train,train/images/nail_train_004538.jpg,train/masks/nail_train_004538.png,640,640,3,1,JPEG,PNG,45.5,1.38,5187,0.012664
train,train/images/nail_train_004539.jpg,train/masks/nail_train_004539.png,640,640,3,1,JPEG,PNG,26.61,1.52,8023,0.019587
train,train/images/nail_train_004540.jpg,train/masks/nail_train_004540.png,640,640,3,1,JPEG,PNG,26.34,1.73,8087,0.019744
train,train/images/nail_train_004541.jpg,train/masks/nail_train_004541.png,640,640,3,1,JPEG,PNG,48.83,1.64,7892,0.019268
train,train/images/nail_train_004542.jpg,train/masks/nail_train_004542.png,640,640,3,1,JPEG,PNG,46.9,1.48,7877,0.019231
train,train/images/nail_train_004543.jpg,train/masks/nail_train_004543.png,640,640,3,1,JPEG,PNG,22.38,1.13,4213,0.010286
train,train/images/nail_train_004544.jpg,train/masks/nail_train_004544.png,640,640,3,1,JPEG,PNG,22.63,1.2,4170,0.010181
train,train/images/nail_train_004545.jpg,train/masks/nail_train_004545.png,640,640,3,1,JPEG,PNG,28.92,1.76,10168,0.024824
train,train/images/nail_train_004546.jpg,train/masks/nail_train_004546.png,640,640,3,1,JPEG,PNG,31.22,2.07,10173,0.024836
train,train/images/nail_train_004547.jpg,train/masks/nail_train_004547.png,640,640,3,1,JPEG,PNG,32.42,3.09,51281,0.125198
train,train/images/nail_train_004548.jpg,train/masks/nail_train_004548.png,640,640,3,1,JPEG,PNG,41.06,3.08,51487,0.125701
train,train/images/nail_train_004549.jpg,train/masks/nail_train_004549.png,640,640,3,1,JPEG,PNG,27.69,1.97,11498,0.028071
train,train/images/nail_train_004550.jpg,train/masks/nail_train_004550.png,640,640,3,1,JPEG,PNG,27.71,1.25,5194,0.012681
train,train/images/nail_train_004551.jpg,train/masks/nail_train_004551.png,640,640,3,1,JPEG,PNG,31.4,1.69,11531,0.028152
train,train/images/nail_train_004552.jpg,train/masks/nail_train_004552.png,640,640,3,1,JPEG,PNG,32.06,1.23,5190,0.012671
train,train/images/nail_train_004555.jpg,train/masks/nail_train_004555.png,640,640,3,1,JPEG,PNG,21.59,1.37,4634,0.011313
train,train/images/nail_train_004556.jpg,train/masks/nail_train_004556.png,640,640,3,1,JPEG,PNG,25.32,1.27,4967,0.012126
train,train/images/nail_train_004558.jpg,train/masks/nail_train_004558.png,640,640,3,1,JPEG,PNG,20.61,1.53,6687,0.016326
train,train/images/nail_train_004559.jpg,train/masks/nail_train_004559.png,640,640,3,1,JPEG,PNG,30.24,1.57,6254,0.015269
train,train/images/nail_train_004560.jpg,train/masks/nail_train_004560.png,640,640,3,1,JPEG,PNG,34.07,1.32,6277,0.015325
train,train/images/nail_train_004561.jpg,train/masks/nail_train_004561.png,640,640,3,1,JPEG,PNG,21.65,2.06,14909,0.036399
train,train/images/nail_train_004562.jpg,train/masks/nail_train_004562.png,640,640,3,1,JPEG,PNG,24.29,1.84,14901,0.036379
train,train/images/nail_train_004564.jpg,train/masks/nail_train_004564.png,640,640,3,1,JPEG,PNG,36.17,0.47,0,0
train,train/images/nail_train_004565.jpg,train/masks/nail_train_004565.png,640,640,3,1,JPEG,PNG,37.05,1.42,11742,0.028667
train,train/images/nail_train_004567.jpg,train/masks/nail_train_004567.png,640,640,3,1,JPEG,PNG,26.09,1.44,4671,0.011404
train,train/images/nail_train_004568.jpg,train/masks/nail_train_004568.png,640,640,3,1,JPEG,PNG,33.26,1.22,4632,0.011309
train,train/images/nail_train_004569.jpg,train/masks/nail_train_004569.png,640,640,3,1,JPEG,PNG,30.72,2.03,12336,0.030117
train,train/images/nail_train_004570.jpg,train/masks/nail_train_004570.png,640,640,3,1,JPEG,PNG,29.99,1.77,12365,0.030188
train,train/images/nail_train_004572.jpg,train/masks/nail_train_004572.png,640,640,3,1,JPEG,PNG,50.73,1.28,3839,0.009373
train,train/images/nail_train_004573.jpg,train/masks/nail_train_004573.png,640,640,3,1,JPEG,PNG,32.87,1.03,6913,0.016877
train,train/images/nail_train_004574.jpg,train/masks/nail_train_004574.png,640,640,3,1,JPEG,PNG,30.67,1.29,6910,0.01687
train,train/images/nail_train_004576.jpg,train/masks/nail_train_004576.png,640,640,3,1,JPEG,PNG,38.11,1.49,11031,0.026931
train,train/images/nail_train_004577.jpg,train/masks/nail_train_004577.png,640,640,3,1,JPEG,PNG,35.37,2.98,30277,0.073918
train,train/images/nail_train_004578.jpg,train/masks/nail_train_004578.png,640,640,3,1,JPEG,PNG,36.98,2.86,30358,0.074116
train,train/images/nail_train_004579.jpg,train/masks/nail_train_004579.png,640,640,3,1,JPEG,PNG,23.12,1.28,3656,0.008926
train,train/images/nail_train_004581.jpg,train/masks/nail_train_004581.png,640,640,3,1,JPEG,PNG,32.13,1.53,6415,0.015662
train,train/images/nail_train_004582.jpg,train/masks/nail_train_004582.png,640,640,3,1,JPEG,PNG,35.54,1.23,6404,0.015635
train,train/images/nail_train_004583.jpg,train/masks/nail_train_004583.png,640,640,3,1,JPEG,PNG,24.39,1.02,2742,0.006694
train,train/images/nail_train_004584.jpg,train/masks/nail_train_004584.png,640,640,3,1,JPEG,PNG,25.92,1.24,3378,0.008247
train,train/images/nail_train_004585.jpg,train/masks/nail_train_004585.png,640,640,3,1,JPEG,PNG,35.54,1.15,3407,0.008318
train,train/images/nail_train_004586.jpg,train/masks/nail_train_004586.png,640,640,3,1,JPEG,PNG,19.04,0.9,2733,0.006672
train,train/images/nail_train_004587.jpg,train/masks/nail_train_004587.png,640,640,3,1,JPEG,PNG,50.57,1.76,9780,0.023877
train,train/images/nail_train_004588.jpg,train/masks/nail_train_004588.png,640,640,3,1,JPEG,PNG,74.59,1.81,9819,0.023972
train,train/images/nail_train_004589.jpg,train/masks/nail_train_004589.png,640,640,3,1,JPEG,PNG,26.1,1.8,11188,0.027314
train,train/images/nail_train_004590.jpg,train/masks/nail_train_004590.png,640,640,3,1,JPEG,PNG,25.33,1.78,11168,0.027266
train,train/images/nail_train_004591.jpg,train/masks/nail_train_004591.png,640,640,3,1,JPEG,PNG,30.82,1.41,7178,0.017524
train,train/images/nail_train_004592.jpg,train/masks/nail_train_004592.png,640,640,3,1,JPEG,PNG,19.81,1.46,7154,0.017466
train,train/images/nail_train_004593.jpg,train/masks/nail_train_004593.png,640,640,3,1,JPEG,PNG,29.19,1.56,6219,0.015183
train,train/images/nail_train_004594.jpg,train/masks/nail_train_004594.png,640,640,3,1,JPEG,PNG,28.25,1.43,6224,0.015195
train,train/images/nail_train_004595.jpg,train/masks/nail_train_004595.png,640,640,3,1,JPEG,PNG,23.3,1.26,2869,0.007004
train,train/images/nail_train_004596.jpg,train/masks/nail_train_004596.png,640,640,3,1,JPEG,PNG,29.28,1.08,2875,0.007019
train,train/images/nail_train_004597.jpg,train/masks/nail_train_004597.png,640,640,3,1,JPEG,PNG,25.45,1.25,2741,0.006692
train,train/images/nail_train_004598.jpg,train/masks/nail_train_004598.png,640,640,3,1,JPEG,PNG,29.28,1.06,2748,0.006709
train,train/images/nail_train_004599.jpg,train/masks/nail_train_004599.png,640,640,3,1,JPEG,PNG,30.24,1.79,7088,0.017305
train,train/images/nail_train_004600.jpg,train/masks/nail_train_004600.png,640,640,3,1,JPEG,PNG,32.55,1.49,7111,0.017361
train,train/images/nail_train_004601.jpg,train/masks/nail_train_004601.png,640,640,3,1,JPEG,PNG,35.61,1.67,12563,0.030671
train,train/images/nail_train_004602.jpg,train/masks/nail_train_004602.png,640,640,3,1,JPEG,PNG,35.99,1.68,11962,0.029204
train,train/images/nail_train_004603.jpg,train/masks/nail_train_004603.png,640,640,3,1,JPEG,PNG,33.03,1.12,3497,0.008538
train,train/images/nail_train_004604.jpg,train/masks/nail_train_004604.png,640,640,3,1,JPEG,PNG,32.15,1.13,3508,0.008564
train,train/images/nail_train_004605.jpg,train/masks/nail_train_004605.png,640,640,3,1,JPEG,PNG,31.08,1.38,7982,0.019487
train,train/images/nail_train_004606.jpg,train/masks/nail_train_004606.png,640,640,3,1,JPEG,PNG,41.5,1.34,8000,0.019531
train,train/images/nail_train_004609.jpg,train/masks/nail_train_004609.png,640,640,3,1,JPEG,PNG,31.77,1.42,5103,0.012458
train,train/images/nail_train_004610.jpg,train/masks/nail_train_004610.png,640,640,3,1,JPEG,PNG,37.16,1.48,8822,0.021538
train,train/images/nail_train_004611.jpg,train/masks/nail_train_004611.png,640,640,3,1,JPEG,PNG,36.52,1.17,5080,0.012402
train,train/images/nail_train_004612.jpg,train/masks/nail_train_004612.png,640,640,3,1,JPEG,PNG,47.62,1.5,8811,0.021511
train,train/images/nail_train_004613.jpg,train/masks/nail_train_004613.png,640,640,3,1,JPEG,PNG,69.32,1.59,5018,0.012251
train,train/images/nail_train_004614.jpg,train/masks/nail_train_004614.png,640,640,3,1,JPEG,PNG,54.61,1.57,4985,0.01217
train,train/images/nail_train_004616.jpg,train/masks/nail_train_004616.png,640,640,3,1,JPEG,PNG,29.4,1.39,4209,0.010276
train,train/images/nail_train_004617.jpg,train/masks/nail_train_004617.png,640,640,3,1,JPEG,PNG,25.12,1.51,8305,0.020276
train,train/images/nail_train_004618.jpg,train/masks/nail_train_004618.png,640,640,3,1,JPEG,PNG,27.57,1.43,8293,0.020247
train,train/images/nail_train_004620.jpg,train/masks/nail_train_004620.png,640,640,3,1,JPEG,PNG,23.79,1.53,6051,0.014773
train,train/images/nail_train_004621.jpg,train/masks/nail_train_004621.png,640,640,3,1,JPEG,PNG,25.73,1.37,4586,0.011196
train,train/images/nail_train_004622.jpg,train/masks/nail_train_004622.png,640,640,3,1,JPEG,PNG,25.68,1.38,4587,0.011199
train,train/images/nail_train_004623.jpg,train/masks/nail_train_004623.png,640,640,3,1,JPEG,PNG,30.5,1.04,3474,0.008481
train,train/images/nail_train_004624.jpg,train/masks/nail_train_004624.png,640,640,3,1,JPEG,PNG,26.68,1.27,3472,0.008477
train,train/images/nail_train_004625.jpg,train/masks/nail_train_004625.png,640,640,3,1,JPEG,PNG,27.86,1.37,10177,0.024846
train,train/images/nail_train_004626.jpg,train/masks/nail_train_004626.png,640,640,3,1,JPEG,PNG,31.81,1.23,10207,0.024919
train,train/images/nail_train_004627.jpg,train/masks/nail_train_004627.png,640,640,3,1,JPEG,PNG,55.84,1.31,4642,0.011333
train,train/images/nail_train_004628.jpg,train/masks/nail_train_004628.png,640,640,3,1,JPEG,PNG,48.05,1.34,4655,0.011365
train,train/images/nail_train_004629.jpg,train/masks/nail_train_004629.png,640,640,3,1,JPEG,PNG,27.92,1.21,3249,0.007932
train,train/images/nail_train_004630.jpg,train/masks/nail_train_004630.png,640,640,3,1,JPEG,PNG,24.88,1.21,3246,0.007925
train,train/images/nail_train_004631.jpg,train/masks/nail_train_004631.png,640,640,3,1,JPEG,PNG,41.32,1.09,2309,0.005637
train,train/images/nail_train_004632.jpg,train/masks/nail_train_004632.png,640,640,3,1,JPEG,PNG,30.05,1.18,2328,0.005684
train,train/images/nail_train_004633.jpg,train/masks/nail_train_004633.png,640,640,3,1,JPEG,PNG,25.1,1.42,5019,0.012253
train,train/images/nail_train_004634.jpg,train/masks/nail_train_004634.png,640,640,3,1,JPEG,PNG,26.99,1.2,5043,0.012312
train,train/images/nail_train_004636.jpg,train/masks/nail_train_004636.png,640,640,3,1,JPEG,PNG,30.7,1.25,3735,0.009119
train,train/images/nail_train_004637.jpg,train/masks/nail_train_004637.png,640,640,3,1,JPEG,PNG,30.87,1.51,7009,0.017112
train,train/images/nail_train_004639.jpg,train/masks/nail_train_004639.png,640,640,3,1,JPEG,PNG,29.61,2.02,15821,0.038625
train,train/images/nail_train_004640.jpg,train/masks/nail_train_004640.png,640,640,3,1,JPEG,PNG,25.62,1.85,15838,0.038667
train,train/images/nail_train_004641.jpg,train/masks/nail_train_004641.png,640,640,3,1,JPEG,PNG,26.02,2,10726,0.026187
train,train/images/nail_train_004642.jpg,train/masks/nail_train_004642.png,640,640,3,1,JPEG,PNG,26.22,1.6,10782,0.026323
train,train/images/nail_train_004643.jpg,train/masks/nail_train_004643.png,640,640,3,1,JPEG,PNG,21.57,1.53,5808,0.01418
train,train/images/nail_train_004645.jpg,train/masks/nail_train_004645.png,640,640,3,1,JPEG,PNG,32.51,1.56,7628,0.018623
train,train/images/nail_train_004646.jpg,train/masks/nail_train_004646.png,640,640,3,1,JPEG,PNG,39.85,1.42,7599,0.018552
train,train/images/nail_train_004647.jpg,train/masks/nail_train_004647.png,640,640,3,1,JPEG,PNG,32.22,3.47,55789,0.136204
train,train/images/nail_train_004648.jpg,train/masks/nail_train_004648.png,640,640,3,1,JPEG,PNG,29.78,3.43,55517,0.13554
train,train/images/nail_train_004649.jpg,train/masks/nail_train_004649.png,640,640,3,1,JPEG,PNG,32.39,1.45,5518,0.013472
train,train/images/nail_train_004650.jpg,train/masks/nail_train_004650.png,640,640,3,1,JPEG,PNG,38.51,1.41,5532,0.013506
train,train/images/nail_train_004652.jpg,train/masks/nail_train_004652.png,640,640,3,1,JPEG,PNG,28.22,1.85,18407,0.044939
train,train/images/nail_train_004653.jpg,train/masks/nail_train_004653.png,640,640,3,1,JPEG,PNG,25.07,1.16,2460,0.006006
train,train/images/nail_train_004654.jpg,train/masks/nail_train_004654.png,640,640,3,1,JPEG,PNG,25.95,1.07,2460,0.006006
train,train/images/nail_train_004655.jpg,train/masks/nail_train_004655.png,640,640,3,1,JPEG,PNG,22.55,1.53,5392,0.013164
train,train/images/nail_train_004656.jpg,train/masks/nail_train_004656.png,640,640,3,1,JPEG,PNG,21.18,1.35,5406,0.013198
train,train/images/nail_train_004657.jpg,train/masks/nail_train_004657.png,640,640,3,1,JPEG,PNG,21.9,1.55,6242,0.015239
train,train/images/nail_train_004658.jpg,train/masks/nail_train_004658.png,640,640,3,1,JPEG,PNG,24.16,1.51,6230,0.01521
train,train/images/nail_train_004659.jpg,train/masks/nail_train_004659.png,640,640,3,1,JPEG,PNG,23.32,1.17,3894,0.009507
train,train/images/nail_train_004660.jpg,train/masks/nail_train_004660.png,640,640,3,1,JPEG,PNG,22.28,1.2,3478,0.008491
train,train/images/nail_train_004661.jpg,train/masks/nail_train_004661.png,640,640,3,1,JPEG,PNG,22.29,2.07,11852,0.028936
train,train/images/nail_train_004662.jpg,train/masks/nail_train_004662.png,640,640,3,1,JPEG,PNG,22.98,1.97,11858,0.02895
train,train/images/nail_train_004663.jpg,train/masks/nail_train_004663.png,640,640,3,1,JPEG,PNG,28.74,1.45,6889,0.016819
train,train/images/nail_train_004664.jpg,train/masks/nail_train_004664.png,640,640,3,1,JPEG,PNG,32.46,1.4,6895,0.016833
train,train/images/nail_train_004665.jpg,train/masks/nail_train_004665.png,640,640,3,1,JPEG,PNG,22.35,1.25,4725,0.011536
train,train/images/nail_train_004666.jpg,train/masks/nail_train_004666.png,640,640,3,1,JPEG,PNG,23.7,1.46,4734,0.011558
train,train/images/nail_train_004667.jpg,train/masks/nail_train_004667.png,640,640,3,1,JPEG,PNG,26.21,2.26,19460,0.04751
train,train/images/nail_train_004668.jpg,train/masks/nail_train_004668.png,640,640,3,1,JPEG,PNG,24.51,2.28,19464,0.04752
train,train/images/nail_train_004669.jpg,train/masks/nail_train_004669.png,640,640,3,1,JPEG,PNG,25.4,1.5,5571,0.013601
train,train/images/nail_train_004670.jpg,train/masks/nail_train_004670.png,640,640,3,1,JPEG,PNG,39.35,1.2,3469,0.008469
train,train/images/nail_train_004672.jpg,train/masks/nail_train_004672.png,640,640,3,1,JPEG,PNG,31.36,1.09,3385,0.008264
train,train/images/nail_train_004673.jpg,train/masks/nail_train_004673.png,640,640,3,1,JPEG,PNG,35.39,2.03,17029,0.041575
train,train/images/nail_train_004674.jpg,train/masks/nail_train_004674.png,640,640,3,1,JPEG,PNG,29.1,1.84,15922,0.038872
train,train/images/nail_train_004675.jpg,train/masks/nail_train_004675.png,640,640,3,1,JPEG,PNG,35.39,1.94,15538,0.037935
train,train/images/nail_train_004676.jpg,train/masks/nail_train_004676.png,640,640,3,1,JPEG,PNG,35.39,1.92,15821,0.038625
train,train/images/nail_train_004677.jpg,train/masks/nail_train_004677.png,640,640,3,1,JPEG,PNG,31.71,2.18,17012,0.041533
train,train/images/nail_train_004678.jpg,train/masks/nail_train_004678.png,640,640,3,1,JPEG,PNG,32.08,2.17,15520,0.037891
train,train/images/nail_train_004679.jpg,train/masks/nail_train_004679.png,640,640,3,1,JPEG,PNG,23.4,2.32,160099,0.390867
train,train/images/nail_train_004680.jpg,train/masks/nail_train_004680.png,640,640,3,1,JPEG,PNG,19.82,2.82,214273,0.523127
train,train/images/nail_train_004681.jpg,train/masks/nail_train_004681.png,640,640,3,1,JPEG,PNG,18.72,1.96,121083,0.295613
train,train/images/nail_train_004682.jpg,train/masks/nail_train_004682.png,640,640,3,1,JPEG,PNG,21.26,1.97,121038,0.295503
train,train/images/nail_train_004685.jpg,train/masks/nail_train_004685.png,640,640,3,1,JPEG,PNG,18,2.75,205953,0.502815
train,train/images/nail_train_004686.jpg,train/masks/nail_train_004686.png,640,640,3,1,JPEG,PNG,30.21,2.25,99648,0.243281
train,train/images/nail_train_004687.jpg,train/masks/nail_train_004687.png,640,640,3,1,JPEG,PNG,29.2,2.28,99674,0.243345
train,train/images/nail_train_004688.jpg,train/masks/nail_train_004688.png,640,640,3,1,JPEG,PNG,23.42,1.73,65797,0.160637
train,train/images/nail_train_004689.jpg,train/masks/nail_train_004689.png,640,640,3,1,JPEG,PNG,27.02,2.19,11821,0.02886
train,train/images/nail_train_004690.jpg,train/masks/nail_train_004690.png,640,640,3,1,JPEG,PNG,19.25,2.26,11760,0.028711
train,train/images/nail_train_004691.jpg,train/masks/nail_train_004691.png,640,640,3,1,JPEG,PNG,24.92,1.64,7505,0.018323
train,train/images/nail_train_004692.jpg,train/masks/nail_train_004692.png,640,640,3,1,JPEG,PNG,24.92,1.7,7598,0.01855
train,train/images/nail_train_004693.jpg,train/masks/nail_train_004693.png,640,640,3,1,JPEG,PNG,25.54,1.59,7571,0.018484
train,train/images/nail_train_004694.jpg,train/masks/nail_train_004694.png,640,640,3,1,JPEG,PNG,61.29,1.33,7484,0.018271
train,train/images/nail_train_004695.jpg,train/masks/nail_train_004695.png,640,640,3,1,JPEG,PNG,52.01,1.52,7468,0.018232
train,train/images/nail_train_004696.jpg,train/masks/nail_train_004696.png,640,640,3,1,JPEG,PNG,24.18,1.57,7477,0.018254
train,train/images/nail_train_004697.jpg,train/masks/nail_train_004697.png,640,640,3,1,JPEG,PNG,27.4,1.74,12331,0.030105
train,train/images/nail_train_004698.jpg,train/masks/nail_train_004698.png,640,640,3,1,JPEG,PNG,29.37,1.77,12316,0.030068
train,train/images/nail_train_004699.jpg,train/masks/nail_train_004699.png,640,640,3,1,JPEG,PNG,34.26,2.31,23898,0.058345
train,train/images/nail_train_004701.jpg,train/masks/nail_train_004701.png,640,640,3,1,JPEG,PNG,34.26,2.29,23348,0.057002
train,train/images/nail_train_004702.jpg,train/masks/nail_train_004702.png,640,640,3,1,JPEG,PNG,28.76,2.32,23907,0.058367
train,train/images/nail_train_004705.jpg,train/masks/nail_train_004705.png,640,640,3,1,JPEG,PNG,29.86,1.88,23062,0.056304
train,train/images/nail_train_004706.jpg,train/masks/nail_train_004706.png,640,640,3,1,JPEG,PNG,31.88,2.33,22888,0.055879
train,train/images/nail_train_004708.jpg,train/masks/nail_train_004708.png,640,640,3,1,JPEG,PNG,30.54,3.71,56909,0.138938
train,train/images/nail_train_004709.jpg,train/masks/nail_train_004709.png,640,640,3,1,JPEG,PNG,33.73,3.87,60047,0.146599
train,train/images/nail_train_004710.jpg,train/masks/nail_train_004710.png,640,640,3,1,JPEG,PNG,33.73,3.69,56706,0.138442
train,train/images/nail_train_004711.jpg,train/masks/nail_train_004711.png,640,640,3,1,JPEG,PNG,30.65,3.06,56083,0.136921
train,train/images/nail_train_004712.jpg,train/masks/nail_train_004712.png,640,640,3,1,JPEG,PNG,33.71,3.6,56039,0.136814
train,train/images/nail_train_004715.jpg,train/masks/nail_train_004715.png,640,640,3,1,JPEG,PNG,33.17,2.56,35374,0.086362
train,train/images/nail_train_004717.jpg,train/masks/nail_train_004717.png,640,640,3,1,JPEG,PNG,29.93,4.24,77701,0.1897
train,train/images/nail_train_004719.jpg,train/masks/nail_train_004719.png,640,640,3,1,JPEG,PNG,26.31,4.5,79710,0.194604
train,train/images/nail_train_004720.jpg,train/masks/nail_train_004720.png,640,640,3,1,JPEG,PNG,32.46,4.21,79410,0.193872
train,train/images/nail_train_004721.jpg,train/masks/nail_train_004721.png,640,640,3,1,JPEG,PNG,38.46,2.42,30989,0.075657
train,train/images/nail_train_004722.jpg,train/masks/nail_train_004722.png,640,640,3,1,JPEG,PNG,41.38,2.87,31114,0.075962
train,train/images/nail_train_004723.jpg,train/masks/nail_train_004723.png,640,640,3,1,JPEG,PNG,20.52,1.22,3600,0.008789
train,train/images/nail_train_004725.jpg,train/masks/nail_train_004725.png,640,640,3,1,JPEG,PNG,18.74,1.17,3025,0.007385
train,train/images/nail_train_004726.jpg,train/masks/nail_train_004726.png,640,640,3,1,JPEG,PNG,20.75,1.15,3002,0.007329
train,train/images/nail_train_004727.jpg,train/masks/nail_train_004727.png,640,640,3,1,JPEG,PNG,22.34,1.45,5029,0.012278
train,train/images/nail_train_004728.jpg,train/masks/nail_train_004728.png,640,640,3,1,JPEG,PNG,22.33,1.4,5069,0.012375
train,train/images/nail_train_004730.jpg,train/masks/nail_train_004730.png,640,640,3,1,JPEG,PNG,19.31,1.31,5252,0.012822
train,train/images/nail_train_004732.jpg,train/masks/nail_train_004732.png,640,640,3,1,JPEG,PNG,22.48,1.21,2973,0.007258
train,train/images/nail_train_004734.jpg,train/masks/nail_train_004734.png,640,640,3,1,JPEG,PNG,25.1,1.21,3170,0.007739
train,train/images/nail_train_004735.jpg,train/masks/nail_train_004735.png,640,640,3,1,JPEG,PNG,22.32,1.22,3843,0.009382
train,train/images/nail_train_004737.jpg,train/masks/nail_train_004737.png,640,640,3,1,JPEG,PNG,15.35,1.09,2788,0.006807
train,train/images/nail_train_004738.jpg,train/masks/nail_train_004738.png,640,640,3,1,JPEG,PNG,16.75,1.06,2774,0.006772
train,train/images/nail_train_004739.jpg,train/masks/nail_train_004739.png,640,640,3,1,JPEG,PNG,19.23,1.38,4323,0.010554
train,train/images/nail_train_004740.jpg,train/masks/nail_train_004740.png,640,640,3,1,JPEG,PNG,19.98,1.34,4328,0.010566
train,train/images/nail_train_004741.jpg,train/masks/nail_train_004741.png,640,640,3,1,JPEG,PNG,20.7,1.36,4031,0.009841
train,train/images/nail_train_004742.jpg,train/masks/nail_train_004742.png,640,640,3,1,JPEG,PNG,24.35,1.33,4019,0.009812
train,train/images/nail_train_004746.jpg,train/masks/nail_train_004746.png,640,640,3,1,JPEG,PNG,19.28,1.19,3723,0.009089
train,train/images/nail_train_004748.jpg,train/masks/nail_train_004748.png,640,640,3,1,JPEG,PNG,18.07,1.25,3174,0.007749
train,train/images/nail_train_004750.jpg,train/masks/nail_train_004750.png,640,640,3,1,JPEG,PNG,19.13,1.19,3078,0.007515
train,train/images/nail_train_004753.jpg,train/masks/nail_train_004753.png,640,640,3,1,JPEG,PNG,17.18,1.14,2344,0.005723
train,train/images/nail_train_004754.jpg,train/masks/nail_train_004754.png,640,640,3,1,JPEG,PNG,18.62,1.14,2347,0.00573
train,train/images/nail_train_004755.jpg,train/masks/nail_train_004755.png,640,640,3,1,JPEG,PNG,15.94,1.06,2429,0.00593
train,train/images/nail_train_004757.jpg,train/masks/nail_train_004757.png,640,640,3,1,JPEG,PNG,18.87,1.27,3750,0.009155
train,train/images/nail_train_004758.jpg,train/masks/nail_train_004758.png,640,640,3,1,JPEG,PNG,20.25,1.24,3751,0.009158
train,train/images/nail_train_004759.jpg,train/masks/nail_train_004759.png,640,640,3,1,JPEG,PNG,18.47,1.23,2958,0.007222
train,train/images/nail_train_004760.jpg,train/masks/nail_train_004760.png,640,640,3,1,JPEG,PNG,17.55,1.14,2965,0.007239
train,train/images/nail_train_004761.jpg,train/masks/nail_train_004761.png,640,640,3,1,JPEG,PNG,22.59,1.09,1971,0.004812
train,train/images/nail_train_004762.jpg,train/masks/nail_train_004762.png,640,640,3,1,JPEG,PNG,18.11,1.07,1982,0.004839
train,train/images/nail_train_004763.jpg,train/masks/nail_train_004763.png,640,640,3,1,JPEG,PNG,19.12,1.26,2928,0.007148
train,train/images/nail_train_004764.jpg,train/masks/nail_train_004764.png,640,640,3,1,JPEG,PNG,17.37,1.18,2927,0.007146
train,train/images/nail_train_004765.jpg,train/masks/nail_train_004765.png,640,640,3,1,JPEG,PNG,17.37,1.09,2700,0.006592
train,train/images/nail_train_004766.jpg,train/masks/nail_train_004766.png,640,640,3,1,JPEG,PNG,16,1.13,2724,0.00665
train,train/images/nail_train_004767.jpg,train/masks/nail_train_004767.png,640,640,3,1,JPEG,PNG,20.54,1.35,4283,0.010457
train,train/images/nail_train_004768.jpg,train/masks/nail_train_004768.png,640,640,3,1,JPEG,PNG,20.13,1.38,4297,0.010491
train,train/images/nail_train_004769.jpg,train/masks/nail_train_004769.png,640,640,3,1,JPEG,PNG,20.38,1.11,2125,0.005188
train,train/images/nail_train_004771.jpg,train/masks/nail_train_004771.png,640,640,3,1,JPEG,PNG,16.62,0.99,1914,0.004673
train,train/images/nail_train_004772.jpg,train/masks/nail_train_004772.png,640,640,3,1,JPEG,PNG,17.72,0.98,1926,0.004702
train,train/images/nail_train_004773.jpg,train/masks/nail_train_004773.png,640,640,3,1,JPEG,PNG,19.82,1.21,3142,0.007671
train,train/images/nail_train_004774.jpg,train/masks/nail_train_004774.png,640,640,3,1,JPEG,PNG,18.29,1.24,3130,0.007642
train,train/images/nail_train_004776.jpg,train/masks/nail_train_004776.png,640,640,3,1,JPEG,PNG,20.81,1.15,3086,0.007534
train,train/images/nail_train_004777.jpg,train/masks/nail_train_004777.png,640,640,3,1,JPEG,PNG,19.34,1.37,5135,0.012537
train,train/images/nail_train_004778.jpg,train/masks/nail_train_004778.png,640,640,3,1,JPEG,PNG,19.02,1.36,5157,0.01259
train,train/images/nail_train_004779.jpg,train/masks/nail_train_004779.png,640,640,3,1,JPEG,PNG,22.8,1.21,3661,0.008938
train,train/images/nail_train_004780.jpg,train/masks/nail_train_004780.png,640,640,3,1,JPEG,PNG,21.65,1.21,3652,0.008916
train,train/images/nail_train_004781.jpg,train/masks/nail_train_004781.png,640,640,3,1,JPEG,PNG,21.2,1.36,3966,0.009683
train,train/images/nail_train_004782.jpg,train/masks/nail_train_004782.png,640,640,3,1,JPEG,PNG,17.37,1.23,3975,0.009705
train,train/images/nail_train_004783.jpg,train/masks/nail_train_004783.png,640,640,3,1,JPEG,PNG,16.58,1.21,2771,0.006765
train,train/images/nail_train_004784.jpg,train/masks/nail_train_004784.png,640,640,3,1,JPEG,PNG,16.47,1.21,2767,0.006755
train,train/images/nail_train_004785.jpg,train/masks/nail_train_004785.png,640,640,3,1,JPEG,PNG,15.72,1.15,2778,0.006782
train,train/images/nail_train_004787.jpg,train/masks/nail_train_004787.png,640,640,3,1,JPEG,PNG,18.27,1.12,2689,0.006565
train,train/images/nail_train_004788.jpg,train/masks/nail_train_004788.png,640,640,3,1,JPEG,PNG,17.25,1.12,2709,0.006614
train,train/images/nail_train_004789.jpg,train/masks/nail_train_004789.png,640,640,3,1,JPEG,PNG,16.73,1.08,2717,0.006633
train,train/images/nail_train_004791.jpg,train/masks/nail_train_004791.png,640,640,3,1,JPEG,PNG,17.15,1.17,2771,0.006765
train,train/images/nail_train_004793.jpg,train/masks/nail_train_004793.png,640,640,3,1,JPEG,PNG,18.4,1.22,3217,0.007854
train,train/images/nail_train_004794.jpg,train/masks/nail_train_004794.png,640,640,3,1,JPEG,PNG,23.29,1.29,3231,0.007888
train,train/images/nail_train_004795.jpg,train/masks/nail_train_004795.png,640,640,3,1,JPEG,PNG,14.45,1.17,3184,0.007773
train,train/images/nail_train_004796.jpg,train/masks/nail_train_004796.png,640,640,3,1,JPEG,PNG,17.86,1.16,3189,0.007786
train,train/images/nail_train_004797.jpg,train/masks/nail_train_004797.png,640,640,3,1,JPEG,PNG,19.26,1.19,3083,0.007527
train,train/images/nail_train_004799.jpg,train/masks/nail_train_004799.png,640,640,3,1,JPEG,PNG,20.56,1.19,2512,0.006133
train,train/images/nail_train_004800.jpg,train/masks/nail_train_004800.png,640,640,3,1,JPEG,PNG,19.87,1.18,2506,0.006118
train,train/images/nail_train_004802.jpg,train/masks/nail_train_004802.png,640,640,3,1,JPEG,PNG,17.94,1.03,1837,0.004485
train,train/images/nail_train_004804.jpg,train/masks/nail_train_004804.png,640,640,3,1,JPEG,PNG,20.43,0.99,1594,0.003892
train,train/images/nail_train_004806.jpg,train/masks/nail_train_004806.png,640,640,3,1,JPEG,PNG,17.51,1.17,2657,0.006487
train,train/images/nail_train_004807.jpg,train/masks/nail_train_004807.png,640,640,3,1,JPEG,PNG,18.07,1.19,3061,0.007473
train,train/images/nail_train_004809.jpg,train/masks/nail_train_004809.png,640,640,3,1,JPEG,PNG,19.95,1.15,2410,0.005884
train,train/images/nail_train_004810.jpg,train/masks/nail_train_004810.png,640,640,3,1,JPEG,PNG,16.97,1.07,2431,0.005935
train,train/images/nail_train_004811.jpg,train/masks/nail_train_004811.png,640,640,3,1,JPEG,PNG,17.75,1.22,3387,0.008269
train,train/images/nail_train_004812.jpg,train/masks/nail_train_004812.png,640,640,3,1,JPEG,PNG,18.1,1.23,3361,0.008206
train,train/images/nail_train_004813.jpg,train/masks/nail_train_004813.png,640,640,3,1,JPEG,PNG,21.12,1.19,3903,0.009529
train,train/images/nail_train_004814.jpg,train/masks/nail_train_004814.png,640,640,3,1,JPEG,PNG,20.66,1.33,3887,0.00949
train,train/images/nail_train_004815.jpg,train/masks/nail_train_004815.png,640,640,3,1,JPEG,PNG,16.91,1.21,3003,0.007332
train,train/images/nail_train_004817.jpg,train/masks/nail_train_004817.png,640,640,3,1,JPEG,PNG,17.39,1.23,3949,0.009641
train,train/images/nail_train_004818.jpg,train/masks/nail_train_004818.png,640,640,3,1,JPEG,PNG,19,1.35,3951,0.009646
train,train/images/nail_train_004819.jpg,train/masks/nail_train_004819.png,640,640,3,1,JPEG,PNG,17.04,1.15,2548,0.006221
train,train/images/nail_train_004820.jpg,train/masks/nail_train_004820.png,640,640,3,1,JPEG,PNG,14.8,1.17,2568,0.00627
train,train/images/nail_train_004822.jpg,train/masks/nail_train_004822.png,640,640,3,1,JPEG,PNG,17.24,1.14,2938,0.007173
train,train/images/nail_train_004823.jpg,train/masks/nail_train_004823.png,640,640,3,1,JPEG,PNG,17.9,1.27,3494,0.00853
train,train/images/nail_train_004824.jpg,train/masks/nail_train_004824.png,640,640,3,1,JPEG,PNG,21.14,1.29,3492,0.008525
train,train/images/nail_train_004825.jpg,train/masks/nail_train_004825.png,640,640,3,1,JPEG,PNG,18.15,1.08,2209,0.005393
train,train/images/nail_train_004826.jpg,train/masks/nail_train_004826.png,640,640,3,1,JPEG,PNG,15,1.08,2211,0.005398
train,train/images/nail_train_004827.jpg,train/masks/nail_train_004827.png,640,640,3,1,JPEG,PNG,24.56,0.97,1540,0.00376
train,train/images/nail_train_004828.jpg,train/masks/nail_train_004828.png,640,640,3,1,JPEG,PNG,24.4,1.01,1541,0.003762
train,train/images/nail_train_004829.jpg,train/masks/nail_train_004829.png,640,640,3,1,JPEG,PNG,22.17,1.14,2418,0.005903
train,train/images/nail_train_004830.jpg,train/masks/nail_train_004830.png,640,640,3,1,JPEG,PNG,18.38,1.07,2417,0.005901
train,train/images/nail_train_004831.jpg,train/masks/nail_train_004831.png,640,640,3,1,JPEG,PNG,21.66,1.21,2998,0.007319
train,train/images/nail_train_004832.jpg,train/masks/nail_train_004832.png,640,640,3,1,JPEG,PNG,23.18,1.21,2987,0.007292
train,train/images/nail_train_004833.jpg,train/masks/nail_train_004833.png,640,640,3,1,JPEG,PNG,19.41,1.17,2856,0.006973
train,train/images/nail_train_004834.jpg,train/masks/nail_train_004834.png,640,640,3,1,JPEG,PNG,17.78,1.22,2872,0.007012
train,train/images/nail_train_004835.jpg,train/masks/nail_train_004835.png,640,640,3,1,JPEG,PNG,27.68,1.28,3013,0.007356
train,train/images/nail_train_004836.jpg,train/masks/nail_train_004836.png,640,640,3,1,JPEG,PNG,27.53,1.3,3012,0.007354
train,train/images/nail_train_004837.jpg,train/masks/nail_train_004837.png,640,640,3,1,JPEG,PNG,27.54,1.22,2746,0.006704
train,train/images/nail_train_004838.jpg,train/masks/nail_train_004838.png,640,640,3,1,JPEG,PNG,23.34,1.14,2764,0.006748
train,train/images/nail_train_004840.jpg,train/masks/nail_train_004840.png,640,640,3,1,JPEG,PNG,18.02,1.07,2461,0.006008
train,train/images/nail_train_004841.jpg,train/masks/nail_train_004841.png,640,640,3,1,JPEG,PNG,18.95,1.1,2426,0.005923
train,train/images/nail_train_004843.jpg,train/masks/nail_train_004843.png,640,640,3,1,JPEG,PNG,24.42,1.42,4141,0.01011
train,train/images/nail_train_004844.jpg,train/masks/nail_train_004844.png,640,640,3,1,JPEG,PNG,24.35,1.37,4137,0.0101
train,train/images/nail_train_004846.jpg,train/masks/nail_train_004846.png,640,640,3,1,JPEG,PNG,24.38,1.24,2925,0.007141
train,train/images/nail_train_004847.jpg,train/masks/nail_train_004847.png,640,640,3,1,JPEG,PNG,20.35,1.22,3187,0.007781
train,train/images/nail_train_004849.jpg,train/masks/nail_train_004849.png,640,640,3,1,JPEG,PNG,20.53,1.32,4466,0.010903
train,train/images/nail_train_004850.jpg,train/masks/nail_train_004850.png,640,640,3,1,JPEG,PNG,21.37,1.3,4470,0.010913
train,train/images/nail_train_004851.jpg,train/masks/nail_train_004851.png,640,640,3,1,JPEG,PNG,29.38,1.46,4499,0.010984
train,train/images/nail_train_004852.jpg,train/masks/nail_train_004852.png,640,640,3,1,JPEG,PNG,27.81,1.42,4496,0.010977
train,train/images/nail_train_004853.jpg,train/masks/nail_train_004853.png,640,640,3,1,JPEG,PNG,18,1.03,1944,0.004746
train,train/images/nail_train_004854.jpg,train/masks/nail_train_004854.png,640,640,3,1,JPEG,PNG,15.9,0.99,1953,0.004768
train,train/images/nail_train_004855.jpg,train/masks/nail_train_004855.png,640,640,3,1,JPEG,PNG,19.49,1.1,2119,0.005173
train,train/images/nail_train_004856.jpg,train/masks/nail_train_004856.png,640,640,3,1,JPEG,PNG,19.52,1.09,2115,0.005164
train,train/images/nail_train_004857.jpg,train/masks/nail_train_004857.png,640,640,3,1,JPEG,PNG,21.54,1.08,2070,0.005054
train,train/images/nail_train_004858.jpg,train/masks/nail_train_004858.png,640,640,3,1,JPEG,PNG,19.55,1.09,2061,0.005032
train,train/images/nail_train_004859.jpg,train/masks/nail_train_004859.png,640,640,3,1,JPEG,PNG,20.35,1.24,2942,0.007183
train,train/images/nail_train_004860.jpg,train/masks/nail_train_004860.png,640,640,3,1,JPEG,PNG,22.84,1.25,2940,0.007178
train,train/images/nail_train_004862.jpg,train/masks/nail_train_004862.png,640,640,3,1,JPEG,PNG,24.05,1.23,2814,0.00687
train,train/images/nail_train_004863.jpg,train/masks/nail_train_004863.png,640,640,3,1,JPEG,PNG,19.93,1.09,3525,0.008606
train,train/images/nail_train_004865.jpg,train/masks/nail_train_004865.png,640,640,3,1,JPEG,PNG,21.87,1.21,3145,0.007678
train,train/images/nail_train_004868.jpg,train/masks/nail_train_004868.png,640,640,3,1,JPEG,PNG,21.44,1.21,3004,0.007334
train,train/images/nail_train_004869.jpg,train/masks/nail_train_004869.png,640,640,3,1,JPEG,PNG,20.07,1.19,2851,0.00696
train,train/images/nail_train_004870.jpg,train/masks/nail_train_004870.png,640,640,3,1,JPEG,PNG,20.15,1.25,2848,0.006953
train,train/images/nail_train_004871.jpg,train/masks/nail_train_004871.png,640,640,3,1,JPEG,PNG,22.61,1.31,3236,0.0079
train,train/images/nail_train_004872.jpg,train/masks/nail_train_004872.png,640,640,3,1,JPEG,PNG,20.57,1.28,3226,0.007876
train,train/images/nail_train_004873.jpg,train/masks/nail_train_004873.png,640,640,3,1,JPEG,PNG,19.65,1.37,3320,0.008105
train,train/images/nail_train_004874.jpg,train/masks/nail_train_004874.png,640,640,3,1,JPEG,PNG,17.11,1.34,3324,0.008115
train,train/images/nail_train_004876.jpg,train/masks/nail_train_004876.png,640,640,3,1,JPEG,PNG,19.61,1.32,3267,0.007976
train,train/images/nail_train_004877.jpg,train/masks/nail_train_004877.png,640,640,3,1,JPEG,PNG,18.47,1.19,2988,0.007295
train,train/images/nail_train_004878.jpg,train/masks/nail_train_004878.png,640,640,3,1,JPEG,PNG,20.48,1.11,2977,0.007268
train,train/images/nail_train_004879.jpg,train/masks/nail_train_004879.png,640,640,3,1,JPEG,PNG,20.56,1.31,3449,0.00842
train,train/images/nail_train_004880.jpg,train/masks/nail_train_004880.png,640,640,3,1,JPEG,PNG,22.33,1.28,3453,0.00843
train,train/images/nail_train_004881.jpg,train/masks/nail_train_004881.png,640,640,3,1,JPEG,PNG,18.14,1.08,2250,0.005493
train,train/images/nail_train_004882.jpg,train/masks/nail_train_004882.png,640,640,3,1,JPEG,PNG,17.58,1,2245,0.005481
train,train/images/nail_train_004883.jpg,train/masks/nail_train_004883.png,640,640,3,1,JPEG,PNG,19.82,1.14,2408,0.005879
train,train/images/nail_train_004884.jpg,train/masks/nail_train_004884.png,640,640,3,1,JPEG,PNG,21.51,1.14,2379,0.005808
train,train/images/nail_train_004885.jpg,train/masks/nail_train_004885.png,640,640,3,1,JPEG,PNG,19.05,1.1,2281,0.005569
train,train/images/nail_train_004886.jpg,train/masks/nail_train_004886.png,640,640,3,1,JPEG,PNG,18.78,1.06,2282,0.005571
train,train/images/nail_train_004888.jpg,train/masks/nail_train_004888.png,640,640,3,1,JPEG,PNG,21.07,1.22,2417,0.005901
train,train/images/nail_train_004889.jpg,train/masks/nail_train_004889.png,640,640,3,1,JPEG,PNG,39.28,1.84,67696,0.165273
train,train/images/nail_train_004890.jpg,train/masks/nail_train_004890.png,640,640,3,1,JPEG,PNG,30.08,1.83,67654,0.165171
train,train/images/nail_train_004891.jpg,train/masks/nail_train_004891.png,640,640,3,1,JPEG,PNG,43,1.73,47793,0.116682
train,train/images/nail_train_004892.jpg,train/masks/nail_train_004892.png,640,640,3,1,JPEG,PNG,40.48,1.72,47743,0.11656
train,train/images/nail_train_004893.jpg,train/masks/nail_train_004893.png,640,640,3,1,JPEG,PNG,36.54,1.82,63473,0.154963
train,train/images/nail_train_004894.jpg,train/masks/nail_train_004894.png,640,640,3,1,JPEG,PNG,48.5,1.56,63406,0.1548
train,train/images/nail_train_004896.jpg,train/masks/nail_train_004896.png,640,640,3,1,JPEG,PNG,33.54,1.84,67416,0.16459
train,train/images/nail_train_004897.jpg,train/masks/nail_train_004897.png,640,640,3,1,JPEG,PNG,40.34,1.75,54158,0.132222
train,train/images/nail_train_004898.jpg,train/masks/nail_train_004898.png,640,640,3,1,JPEG,PNG,35.11,1.89,54130,0.132153
train,train/images/nail_train_004899.jpg,train/masks/nail_train_004899.png,640,640,3,1,JPEG,PNG,31.14,1.65,49787,0.12155
train,train/images/nail_train_004901.jpg,train/masks/nail_train_004901.png,640,640,3,1,JPEG,PNG,40.01,1.95,56428,0.137764
train,train/images/nail_train_004903.jpg,train/masks/nail_train_004903.png,640,640,3,1,JPEG,PNG,20.77,2.74,154996,0.378408
train,train/images/nail_train_004904.jpg,train/masks/nail_train_004904.png,640,640,3,1,JPEG,PNG,21.64,2.51,155589,0.379856
train,train/images/nail_train_004905.jpg,train/masks/nail_train_004905.png,640,640,3,1,JPEG,PNG,24.08,0.84,6090,0.014868
train,train/images/nail_train_004906.jpg,train/masks/nail_train_004906.png,640,640,3,1,JPEG,PNG,29.71,0.79,6114,0.014927
train,train/images/nail_train_004907.jpg,train/masks/nail_train_004907.png,640,640,3,1,JPEG,PNG,23.89,0.81,4861,0.011868
train,train/images/nail_train_004908.jpg,train/masks/nail_train_004908.png,640,640,3,1,JPEG,PNG,25.4,0.78,4813,0.01175
train,train/images/nail_train_004910.jpg,train/masks/nail_train_004910.png,640,640,3,1,JPEG,PNG,29.26,1.37,17341,0.042336
train,train/images/nail_train_004911.jpg,train/masks/nail_train_004911.png,640,640,3,1,JPEG,PNG,34.59,1.3,21350,0.052124
train,train/images/nail_train_004912.jpg,train/masks/nail_train_004912.png,640,640,3,1,JPEG,PNG,34.2,1.27,21371,0.052175
train,train/images/nail_train_004913.jpg,train/masks/nail_train_004913.png,640,640,3,1,JPEG,PNG,45.17,0.92,13537,0.033049
train,train/images/nail_train_004914.jpg,train/masks/nail_train_004914.png,640,640,3,1,JPEG,PNG,38.86,1.12,13504,0.032969
train,train/images/nail_train_004915.jpg,train/masks/nail_train_004915.png,640,640,3,1,JPEG,PNG,35.43,1.6,11201,0.027346
train,train/images/nail_train_004916.jpg,train/masks/nail_train_004916.png,640,640,3,1,JPEG,PNG,23.89,1.75,11176,0.027285
train,train/images/nail_train_004917.jpg,train/masks/nail_train_004917.png,640,640,3,1,JPEG,PNG,30.47,0.47,0,0
train,train/images/nail_train_004918.jpg,train/masks/nail_train_004918.png,640,640,3,1,JPEG,PNG,34.19,0.47,0,0
train,train/images/nail_train_004919.jpg,train/masks/nail_train_004919.png,640,640,3,1,JPEG,PNG,24.8,0.47,0,0
train,train/images/nail_train_004920.jpg,train/masks/nail_train_004920.png,640,640,3,1,JPEG,PNG,24.77,0.47,0,0
train,train/images/nail_train_004921.jpg,train/masks/nail_train_004921.png,640,640,3,1,JPEG,PNG,19.75,0.47,0,0
train,train/images/nail_train_004922.jpg,train/masks/nail_train_004922.png,640,640,3,1,JPEG,PNG,22.5,0.47,0,0
train,train/images/nail_train_004923.jpg,train/masks/nail_train_004923.png,640,640,3,1,JPEG,PNG,19.42,0.47,0,0
train,train/images/nail_train_004924.jpg,train/masks/nail_train_004924.png,640,640,3,1,JPEG,PNG,21.34,0.47,0,0
train,train/images/nail_train_004925.jpg,train/masks/nail_train_004925.png,640,640,3,1,JPEG,PNG,21,0.47,0,0
train,train/images/nail_train_004927.jpg,train/masks/nail_train_004927.png,640,640,3,1,JPEG,PNG,22.45,0.47,0,0
train,train/images/nail_train_004928.jpg,train/masks/nail_train_004928.png,640,640,3,1,JPEG,PNG,20.56,0.47,0,0
train,train/images/nail_train_004929.jpg,train/masks/nail_train_004929.png,640,640,3,1,JPEG,PNG,22.99,0.47,0,0
train,train/images/nail_train_004930.jpg,train/masks/nail_train_004930.png,640,640,3,1,JPEG,PNG,22.78,0.47,0,0
train,train/images/nail_train_004932.jpg,train/masks/nail_train_004932.png,640,640,3,1,JPEG,PNG,27.71,0.47,0,0
train,train/images/nail_train_004933.jpg,train/masks/nail_train_004933.png,640,640,3,1,JPEG,PNG,26.28,0.47,0,0
train,train/images/nail_train_004934.jpg,train/masks/nail_train_004934.png,640,640,3,1,JPEG,PNG,27.28,0.47,0,0
train,train/images/nail_train_004935.jpg,train/masks/nail_train_004935.png,640,640,3,1,JPEG,PNG,30.02,0.47,0,0
train,train/images/nail_train_004936.jpg,train/masks/nail_train_004936.png,640,640,3,1,JPEG,PNG,35.39,0.47,0,0
train,train/images/nail_train_004937.jpg,train/masks/nail_train_004937.png,640,640,3,1,JPEG,PNG,27.12,0.47,0,0
train,train/images/nail_train_004938.jpg,train/masks/nail_train_004938.png,640,640,3,1,JPEG,PNG,25.84,0.47,0,0
train,train/images/nail_train_004939.jpg,train/masks/nail_train_004939.png,640,640,3,1,JPEG,PNG,42.46,0.47,0,0
train,train/images/nail_train_004940.jpg,train/masks/nail_train_004940.png,640,640,3,1,JPEG,PNG,44.15,0.47,0,0
train,train/images/nail_train_004942.jpg,train/masks/nail_train_004942.png,640,640,3,1,JPEG,PNG,32.69,0.47,0,0
train,train/images/nail_train_004943.jpg,train/masks/nail_train_004943.png,640,640,3,1,JPEG,PNG,29.56,0.47,0,0
train,train/images/nail_train_004944.jpg,train/masks/nail_train_004944.png,640,640,3,1,JPEG,PNG,31.83,0.47,0,0
train,train/images/nail_train_004945.jpg,train/masks/nail_train_004945.png,640,640,3,1,JPEG,PNG,34.36,0.47,0,0
train,train/images/nail_train_004946.jpg,train/masks/nail_train_004946.png,640,640,3,1,JPEG,PNG,33.66,0.47,0,0
train,train/images/nail_train_004947.jpg,train/masks/nail_train_004947.png,640,640,3,1,JPEG,PNG,35.03,2.19,14488,0.035371
train,train/images/nail_train_004948.jpg,train/masks/nail_train_004948.png,640,640,3,1,JPEG,PNG,34.69,2.17,14422,0.03521
train,train/images/nail_train_004949.jpg,train/masks/nail_train_004949.png,640,640,3,1,JPEG,PNG,38.42,1.67,7886,0.019253
train,train/images/nail_train_004950.jpg,train/masks/nail_train_004950.png,640,640,3,1,JPEG,PNG,41.45,1.68,7886,0.019253
train,train/images/nail_train_004951.jpg,train/masks/nail_train_004951.png,640,640,3,1,JPEG,PNG,42.85,2.21,15244,0.037217
train,train/images/nail_train_004952.jpg,train/masks/nail_train_004952.png,640,640,3,1,JPEG,PNG,50.36,2.11,15197,0.037102
train,train/images/nail_train_004953.jpg,train/masks/nail_train_004953.png,640,640,3,1,JPEG,PNG,23.97,2.19,41241,0.100686
train,train/images/nail_train_004954.jpg,train/masks/nail_train_004954.png,640,640,3,1,JPEG,PNG,31.66,2.17,41412,0.101104
train,train/images/nail_train_004955.jpg,train/masks/nail_train_004955.png,640,640,3,1,JPEG,PNG,51.91,3.45,39262,0.095854
train,train/images/nail_train_004956.jpg,train/masks/nail_train_004956.png,640,640,3,1,JPEG,PNG,44.99,2.55,38791,0.094705
train,train/images/nail_train_004957.jpg,train/masks/nail_train_004957.png,640,640,3,1,JPEG,PNG,48.12,3.88,79588,0.194307
train,train/images/nail_train_004958.jpg,train/masks/nail_train_004958.png,640,640,3,1,JPEG,PNG,46.63,3.93,79435,0.193933
train,train/images/nail_train_004959.jpg,train/masks/nail_train_004959.png,640,640,3,1,JPEG,PNG,49.07,4.14,59386,0.144985
train,train/images/nail_train_004960.jpg,train/masks/nail_train_004960.png,640,640,3,1,JPEG,PNG,59.37,3.99,59291,0.144753
train,train/images/nail_train_004962.jpg,train/masks/nail_train_004962.png,640,640,3,1,JPEG,PNG,30.74,2.32,30397,0.074211
train,train/images/nail_train_004963.jpg,train/masks/nail_train_004963.png,640,640,3,1,JPEG,PNG,32.84,2.5,95895,0.234119
train,train/images/nail_train_004964.jpg,train/masks/nail_train_004964.png,640,640,3,1,JPEG,PNG,37.3,2.53,95633,0.233479
train,train/images/nail_train_004965.jpg,train/masks/nail_train_004965.png,640,640,3,1,JPEG,PNG,27.92,3.08,118790,0.290015
train,train/images/nail_train_004967.jpg,train/masks/nail_train_004967.png,640,640,3,1,JPEG,PNG,28.3,3.32,128295,0.31322
train,train/images/nail_train_004968.jpg,train/masks/nail_train_004968.png,640,640,3,1,JPEG,PNG,27.79,3.24,128412,0.313506
train,train/images/nail_train_004969.jpg,train/masks/nail_train_004969.png,640,640,3,1,JPEG,PNG,19.12,2.52,89871,0.219412
train,train/images/nail_train_004970.jpg,train/masks/nail_train_004970.png,640,640,3,1,JPEG,PNG,19.55,2.73,98197,0.239739
train,train/images/nail_train_004971.jpg,train/masks/nail_train_004971.png,640,640,3,1,JPEG,PNG,19.43,1.66,42059,0.102683
train,train/images/nail_train_004972.jpg,train/masks/nail_train_004972.png,640,640,3,1,JPEG,PNG,18.99,1.7,42085,0.102747
train,train/images/nail_train_004973.jpg,train/masks/nail_train_004973.png,640,640,3,1,JPEG,PNG,21.36,2.95,111676,0.272646
train,train/images/nail_train_004974.jpg,train/masks/nail_train_004974.png,640,640,3,1,JPEG,PNG,22.05,3.19,110822,0.270562
train,train/images/nail_train_004975.jpg,train/masks/nail_train_004975.png,640,640,3,1,JPEG,PNG,20.48,2.12,120947,0.295281
train,train/images/nail_train_004977.jpg,train/masks/nail_train_004977.png,640,640,3,1,JPEG,PNG,18.67,1.48,29024,0.070859
train,train/images/nail_train_004978.jpg,train/masks/nail_train_004978.png,640,640,3,1,JPEG,PNG,23.01,1.63,28910,0.070581
train,train/images/nail_train_004979.jpg,train/masks/nail_train_004979.png,640,640,3,1,JPEG,PNG,35,1.42,30811,0.075222
train,train/images/nail_train_004980.jpg,train/masks/nail_train_004980.png,640,640,3,1,JPEG,PNG,25.47,1.47,30791,0.075173
train,train/images/nail_train_004981.jpg,train/masks/nail_train_004981.png,640,640,3,1,JPEG,PNG,26.27,1.88,63095,0.154041
train,train/images/nail_train_004982.jpg,train/masks/nail_train_004982.png,640,640,3,1,JPEG,PNG,29.57,1.59,63232,0.154375
train,train/images/nail_train_004984.jpg,train/masks/nail_train_004984.png,640,640,3,1,JPEG,PNG,17.8,1.32,31839,0.077732
train,train/images/nail_train_004985.jpg,train/masks/nail_train_004985.png,640,640,3,1,JPEG,PNG,19.54,1.49,38328,0.093574
train,train/images/nail_train_004986.jpg,train/masks/nail_train_004986.png,640,640,3,1,JPEG,PNG,19.78,1.65,38280,0.093457
train,train/images/nail_train_004987.jpg,train/masks/nail_train_004987.png,640,640,3,1,JPEG,PNG,34.57,2.18,128614,0.313999
train,train/images/nail_train_004988.jpg,train/masks/nail_train_004988.png,640,640,3,1,JPEG,PNG,29.86,2.19,128718,0.314253
train,train/images/nail_train_004990.jpg,train/masks/nail_train_004990.png,640,640,3,1,JPEG,PNG,28.94,2.76,101963,0.248933
train,train/images/nail_train_004991.jpg,train/masks/nail_train_004991.png,640,640,3,1,JPEG,PNG,25.7,2.31,95909,0.234153
train,train/images/nail_train_004992.jpg,train/masks/nail_train_004992.png,640,640,3,1,JPEG,PNG,33.08,2.17,95644,0.233506
train,train/images/nail_train_004993.jpg,train/masks/nail_train_004993.png,640,640,3,1,JPEG,PNG,32.4,2.03,93466,0.228188
train,train/images/nail_train_004995.jpg,train/masks/nail_train_004995.png,640,640,3,1,JPEG,PNG,34.59,2.86,90676,0.221377
train,train/images/nail_train_004996.jpg,train/masks/nail_train_004996.png,640,640,3,1,JPEG,PNG,41.52,2.88,90603,0.221199
train,train/images/nail_train_004997.jpg,train/masks/nail_train_004997.png,640,640,3,1,JPEG,PNG,39.41,3.38,128074,0.312681
train,train/images/nail_train_004998.jpg,train/masks/nail_train_004998.png,640,640,3,1,JPEG,PNG,38.84,3.25,128252,0.313115
train,train/images/nail_train_004999.jpg,train/masks/nail_train_004999.png,640,640,3,1,JPEG,PNG,18.1,1.98,90578,0.221138
train,train/images/nail_train_005000.jpg,train/masks/nail_train_005000.png,640,640,3,1,JPEG,PNG,16.87,1.79,90276,0.2204
train,train/images/nail_train_005001.jpg,train/masks/nail_train_005001.png,640,640,3,1,JPEG,PNG,16.91,2.2,95094,0.232163
train,train/images/nail_train_005002.jpg,train/masks/nail_train_005002.png,640,640,3,1,JPEG,PNG,16.12,1.88,94677,0.231145
train,train/images/nail_train_005003.jpg,train/masks/nail_train_005003.png,640,640,3,1,JPEG,PNG,18.25,2.22,117626,0.287173
train,train/images/nail_train_005004.jpg,train/masks/nail_train_005004.png,640,640,3,1,JPEG,PNG,17.94,2.31,117643,0.287214
train,train/images/nail_train_005005.jpg,train/masks/nail_train_005005.png,640,640,3,1,JPEG,PNG,22.45,1.92,85876,0.209658
train,train/images/nail_train_005006.jpg,train/masks/nail_train_005006.png,640,640,3,1,JPEG,PNG,25.62,2.15,86123,0.210261
train,train/images/nail_train_005007.jpg,train/masks/nail_train_005007.png,640,640,3,1,JPEG,PNG,17.94,2.54,120494,0.294175
train,train/images/nail_train_005008.jpg,train/masks/nail_train_005008.png,640,640,3,1,JPEG,PNG,20.2,2.44,120650,0.294556
train,train/images/nail_train_005009.jpg,train/masks/nail_train_005009.png,640,640,3,1,JPEG,PNG,22.14,3.18,163639,0.399509
train,train/images/nail_train_005010.jpg,train/masks/nail_train_005010.png,640,640,3,1,JPEG,PNG,22.15,3.28,163900,0.400146
train,train/images/nail_train_005013.jpg,train/masks/nail_train_005013.png,640,640,3,1,JPEG,PNG,16.99,2.06,106026,0.258853
train,train/images/nail_train_005015.jpg,train/masks/nail_train_005015.png,640,640,3,1,JPEG,PNG,14.22,2.02,104639,0.255466
train,train/images/nail_train_005016.jpg,train/masks/nail_train_005016.png,640,640,3,1,JPEG,PNG,16.16,2.07,105018,0.256392
train,train/images/nail_train_005017.jpg,train/masks/nail_train_005017.png,640,640,3,1,JPEG,PNG,22.88,3.02,104947,0.256218
train,train/images/nail_train_005020.jpg,train/masks/nail_train_005020.png,640,640,3,1,JPEG,PNG,24.25,2.86,84009,0.2051
train,train/images/nail_train_005021.jpg,train/masks/nail_train_005021.png,640,640,3,1,JPEG,PNG,18.99,2.8,96764,0.23624
train,train/images/nail_train_005022.jpg,train/masks/nail_train_005022.png,640,640,3,1,JPEG,PNG,21.91,2.59,96388,0.235322
train,train/images/nail_train_005023.jpg,train/masks/nail_train_005023.png,640,640,3,1,JPEG,PNG,21.53,2.15,61288,0.149629
train,train/images/nail_train_005024.jpg,train/masks/nail_train_005024.png,640,640,3,1,JPEG,PNG,19.7,2.24,61259,0.149558
train,train/images/nail_train_005025.jpg,train/masks/nail_train_005025.png,640,640,3,1,JPEG,PNG,19.08,2.22,115720,0.28252
train,train/images/nail_train_005026.jpg,train/masks/nail_train_005026.png,640,640,3,1,JPEG,PNG,22.68,2.81,115969,0.283127
train,train/images/nail_train_005027.jpg,train/masks/nail_train_005027.png,640,640,3,1,JPEG,PNG,20.9,2.18,93988,0.229463
train,train/images/nail_train_005028.jpg,train/masks/nail_train_005028.png,640,640,3,1,JPEG,PNG,19.56,2.24,94234,0.230063
train,train/images/nail_train_005029.jpg,train/masks/nail_train_005029.png,640,640,3,1,JPEG,PNG,27.22,2.41,92040,0.224707
train,train/images/nail_train_005030.jpg,train/masks/nail_train_005030.png,640,640,3,1,JPEG,PNG,25.29,2.18,92027,0.224675
train,train/images/nail_train_005031.jpg,train/masks/nail_train_005031.png,640,640,3,1,JPEG,PNG,25.38,1.96,82797,0.202141
train,train/images/nail_train_005032.jpg,train/masks/nail_train_005032.png,640,640,3,1,JPEG,PNG,24.3,1.91,82751,0.202029
train,train/images/nail_train_005034.jpg,train/masks/nail_train_005034.png,640,640,3,1,JPEG,PNG,19.1,1.99,66374,0.162046
train,train/images/nail_train_005035.jpg,train/masks/nail_train_005035.png,640,640,3,1,JPEG,PNG,20.01,1.49,34203,0.083503
train,train/images/nail_train_005036.jpg,train/masks/nail_train_005036.png,640,640,3,1,JPEG,PNG,21.82,1.71,34128,0.08332
train,train/images/nail_train_005037.jpg,train/masks/nail_train_005037.png,640,640,3,1,JPEG,PNG,21.48,2.74,91539,0.223484
train,train/images/nail_train_005039.jpg,train/masks/nail_train_005039.png,640,640,3,1,JPEG,PNG,24.44,2.89,152536,0.372402
train,train/images/nail_train_005040.jpg,train/masks/nail_train_005040.png,640,640,3,1,JPEG,PNG,18.73,2.54,152580,0.37251
train,train/images/nail_train_005041.jpg,train/masks/nail_train_005041.png,640,640,3,1,JPEG,PNG,27.12,2.12,86038,0.210054
train,train/images/nail_train_005042.jpg,train/masks/nail_train_005042.png,640,640,3,1,JPEG,PNG,26.02,2.13,85662,0.209136
train,train/images/nail_train_005044.jpg,train/masks/nail_train_005044.png,640,640,3,1,JPEG,PNG,20.93,2.77,105529,0.257639
train,train/images/nail_train_005045.jpg,train/masks/nail_train_005045.png,640,640,3,1,JPEG,PNG,21.58,2.14,70300,0.171631
train,train/images/nail_train_005046.jpg,train/masks/nail_train_005046.png,640,640,3,1,JPEG,PNG,21.11,2.09,70405,0.171887
train,train/images/nail_train_005047.jpg,train/masks/nail_train_005047.png,640,640,3,1,JPEG,PNG,24.16,2.99,234025,0.57135
train,train/images/nail_train_005048.jpg,train/masks/nail_train_005048.png,640,640,3,1,JPEG,PNG,24.78,3.02,234048,0.571406
train,train/images/nail_train_005050.jpg,train/masks/nail_train_005050.png,640,640,3,1,JPEG,PNG,34.98,2.96,99332,0.24251
train,train/images/nail_train_005051.jpg,train/masks/nail_train_005051.png,640,640,3,1,JPEG,PNG,22.43,1.5,71319,0.174119
train,train/images/nail_train_005054.jpg,train/masks/nail_train_005054.png,640,640,3,1,JPEG,PNG,25.81,1.49,51048,0.124629
train,train/images/nail_train_005055.jpg,train/masks/nail_train_005055.png,640,640,3,1,JPEG,PNG,22.93,2.46,86771,0.211843
train,train/images/nail_train_005056.jpg,train/masks/nail_train_005056.png,640,640,3,1,JPEG,PNG,23.55,3,92015,0.224646
train,train/images/nail_train_005057.jpg,train/masks/nail_train_005057.png,640,640,3,1,JPEG,PNG,20.22,3.89,107037,0.261321
train,train/images/nail_train_005058.jpg,train/masks/nail_train_005058.png,640,640,3,1,JPEG,PNG,20.94,3.51,106664,0.26041
train,train/images/nail_train_005059.jpg,train/masks/nail_train_005059.png,640,640,3,1,JPEG,PNG,25.89,3.38,123712,0.302031
train,train/images/nail_train_005061.jpg,train/masks/nail_train_005061.png,640,640,3,1,JPEG,PNG,22.5,1.74,51332,0.125322
train,train/images/nail_train_005062.jpg,train/masks/nail_train_005062.png,640,640,3,1,JPEG,PNG,25.91,1.7,51227,0.125066
train,train/images/nail_train_005064.jpg,train/masks/nail_train_005064.png,640,640,3,1,JPEG,PNG,35.59,4.36,89940,0.21958
train,train/images/nail_train_005065.jpg,train/masks/nail_train_005065.png,640,640,3,1,JPEG,PNG,34.28,3.74,55692,0.135967
train,train/images/nail_train_005066.jpg,train/masks/nail_train_005066.png,640,640,3,1,JPEG,PNG,30.5,3.48,55709,0.136008
train,train/images/nail_train_005068.jpg,train/masks/nail_train_005068.png,640,640,3,1,JPEG,PNG,46.52,2.97,46240,0.112891
train,train/images/nail_train_005069.jpg,train/masks/nail_train_005069.png,640,640,3,1,JPEG,PNG,49.12,3.46,41172,0.100518
train,train/images/nail_train_005071.jpg,train/masks/nail_train_005071.png,640,640,3,1,JPEG,PNG,38.37,0.65,778,0.001899
train,train/images/nail_train_005072.jpg,train/masks/nail_train_005072.png,640,640,3,1,JPEG,PNG,31.64,0.69,772,0.001885
train,train/images/nail_train_005073.jpg,train/masks/nail_train_005073.png,640,640,3,1,JPEG,PNG,26.21,2.72,23811,0.058132
train,train/images/nail_train_005074.jpg,train/masks/nail_train_005074.png,640,640,3,1,JPEG,PNG,22.77,2.72,23893,0.058333
train,train/images/nail_train_005075.jpg,train/masks/nail_train_005075.png,640,640,3,1,JPEG,PNG,35.83,1.38,6978,0.017036
train,train/images/nail_train_005076.jpg,train/masks/nail_train_005076.png,640,640,3,1,JPEG,PNG,35.83,1.36,6775,0.016541
train,train/images/nail_train_005077.jpg,train/masks/nail_train_005077.png,640,640,3,1,JPEG,PNG,24.37,1.25,6811,0.016628
train,train/images/nail_train_005078.jpg,train/masks/nail_train_005078.png,640,640,3,1,JPEG,PNG,30.97,1.54,7001,0.017092
train,train/images/nail_train_005080.jpg,train/masks/nail_train_005080.png,640,640,3,1,JPEG,PNG,29.55,1.89,10459,0.025535
train,train/images/nail_train_005081.jpg,train/masks/nail_train_005081.png,640,640,3,1,JPEG,PNG,26.54,0.7,965,0.002356
train,train/images/nail_train_005082.jpg,train/masks/nail_train_005082.png,640,640,3,1,JPEG,PNG,23.29,0.75,961,0.002346
train,train/images/nail_train_005083.jpg,train/masks/nail_train_005083.png,640,640,3,1,JPEG,PNG,42.98,2.2,13839,0.033787
train,train/images/nail_train_005084.jpg,train/masks/nail_train_005084.png,640,640,3,1,JPEG,PNG,55.27,1.94,13848,0.033809
train,train/images/nail_train_005085.jpg,train/masks/nail_train_005085.png,640,640,3,1,JPEG,PNG,39.6,2.13,114903,0.280525
train,train/images/nail_train_005087.jpg,train/masks/nail_train_005087.png,640,640,3,1,JPEG,PNG,31.86,1.76,46471,0.113455
train,train/images/nail_train_005088.jpg,train/masks/nail_train_005088.png,640,640,3,1,JPEG,PNG,43.13,1.75,46564,0.113682
train,train/images/nail_train_005090.jpg,train/masks/nail_train_005090.png,640,640,3,1,JPEG,PNG,41.01,1.2,22646,0.055288
train,train/images/nail_train_005091.jpg,train/masks/nail_train_005091.png,640,640,3,1,JPEG,PNG,50,2.19,108168,0.264082
train,train/images/nail_train_005092.jpg,train/masks/nail_train_005092.png,640,640,3,1,JPEG,PNG,41.31,1.95,103615,0.252966
train,train/images/nail_train_005093.jpg,train/masks/nail_train_005093.png,640,640,3,1,JPEG,PNG,34.99,1.19,22002,0.053716
train,train/images/nail_train_005095.jpg,train/masks/nail_train_005095.png,640,640,3,1,JPEG,PNG,25.86,1.06,1963,0.004792
train,train/images/nail_train_005097.jpg,train/masks/nail_train_005097.png,640,640,3,1,JPEG,PNG,28.68,1.81,5506,0.013442
train,train/images/nail_train_005098.jpg,train/masks/nail_train_005098.png,640,640,3,1,JPEG,PNG,28,1.7,5453,0.013313
train,train/images/nail_train_005099.jpg,train/masks/nail_train_005099.png,640,640,3,1,JPEG,PNG,33.15,1.46,4187,0.010222
train,train/images/nail_train_005100.jpg,train/masks/nail_train_005100.png,640,640,3,1,JPEG,PNG,39.06,1.42,4401,0.010745
train,train/images/nail_train_005101.jpg,train/masks/nail_train_005101.png,640,640,3,1,JPEG,PNG,49.16,1.33,6220,0.015186
train,train/images/nail_train_005102.jpg,train/masks/nail_train_005102.png,640,640,3,1,JPEG,PNG,41.39,1.53,6235,0.015222
train,train/images/nail_train_005103.jpg,train/masks/nail_train_005103.png,640,640,3,1,JPEG,PNG,42.45,1.29,5965,0.014563
train,train/images/nail_train_005104.jpg,train/masks/nail_train_005104.png,640,640,3,1,JPEG,PNG,49.16,1.29,5960,0.014551
train,train/images/nail_train_005106.jpg,train/masks/nail_train_005106.png,640,640,3,1,JPEG,PNG,26.94,1.2,9315,0.022742
train,train/images/nail_train_005107.jpg,train/masks/nail_train_005107.png,640,640,3,1,JPEG,PNG,31.94,1.07,6918,0.01689
train,train/images/nail_train_005108.jpg,train/masks/nail_train_005108.png,640,640,3,1,JPEG,PNG,22.1,0.94,6877,0.01679
train,train/images/nail_train_005109.jpg,train/masks/nail_train_005109.png,640,640,3,1,JPEG,PNG,14.15,0.83,5047,0.012322
train,train/images/nail_train_005110.jpg,train/masks/nail_train_005110.png,640,640,3,1,JPEG,PNG,14.12,0.89,5054,0.012339
train,train/images/nail_train_005111.jpg,train/masks/nail_train_005111.png,640,640,3,1,JPEG,PNG,24.59,4.13,73229,0.178782
train,train/images/nail_train_005112.jpg,train/masks/nail_train_005112.png,640,640,3,1,JPEG,PNG,24.49,3.71,73490,0.179419
train,train/images/nail_train_005113.jpg,train/masks/nail_train_005113.png,640,640,3,1,JPEG,PNG,20.44,1.07,7115,0.017371
train,train/images/nail_train_005114.jpg,train/masks/nail_train_005114.png,640,640,3,1,JPEG,PNG,18.84,0.91,7137,0.017424
train,train/images/nail_train_005115.jpg,train/masks/nail_train_005115.png,640,640,3,1,JPEG,PNG,55.74,0.89,4634,0.011313
train,train/images/nail_train_005117.jpg,train/masks/nail_train_005117.png,640,640,3,1,JPEG,PNG,43.03,1.32,14860,0.036279
train,train/images/nail_train_005118.jpg,train/masks/nail_train_005118.png,640,640,3,1,JPEG,PNG,31.74,1.28,14847,0.036248
train,train/images/nail_train_005119.jpg,train/masks/nail_train_005119.png,640,640,3,1,JPEG,PNG,26.07,0.93,6335,0.015466
train,train/images/nail_train_005120.jpg,train/masks/nail_train_005120.png,640,640,3,1,JPEG,PNG,25.52,0.84,6309,0.015403
train,train/images/nail_train_005122.jpg,train/masks/nail_train_005122.png,640,640,3,1,JPEG,PNG,14.51,1.66,48950,0.119507
train,train/images/nail_train_005123.jpg,train/masks/nail_train_005123.png,640,640,3,1,JPEG,PNG,31.96,4.44,94740,0.231299
train,train/images/nail_train_005124.jpg,train/masks/nail_train_005124.png,640,640,3,1,JPEG,PNG,30.9,4.36,95292,0.232646
train,train/images/nail_train_005125.jpg,train/masks/nail_train_005125.png,640,640,3,1,JPEG,PNG,28.16,1.26,19249,0.046995
train,train/images/nail_train_005126.jpg,train/masks/nail_train_005126.png,640,640,3,1,JPEG,PNG,30.94,1.22,19260,0.047021
train,train/images/nail_train_005128.jpg,train/masks/nail_train_005128.png,640,640,3,1,JPEG,PNG,19.22,0.74,3287,0.008025
train,train/images/nail_train_005129.jpg,train/masks/nail_train_005129.png,640,640,3,1,JPEG,PNG,16.91,1.97,100376,0.245059
train,train/images/nail_train_005131.jpg,train/masks/nail_train_005131.png,640,640,3,1,JPEG,PNG,39.15,2.02,16717,0.040813
train,train/images/nail_train_005132.jpg,train/masks/nail_train_005132.png,640,640,3,1,JPEG,PNG,36.14,2.06,16747,0.040886
train,train/images/nail_train_005133.jpg,train/masks/nail_train_005133.png,640,640,3,1,JPEG,PNG,20.7,1.08,7296,0.017812
train,train/images/nail_train_005134.jpg,train/masks/nail_train_005134.png,640,640,3,1,JPEG,PNG,23.31,1.05,7302,0.017827
train,train/images/nail_train_005135.jpg,train/masks/nail_train_005135.png,640,640,3,1,JPEG,PNG,29.11,1.32,22790,0.05564
train,train/images/nail_train_005136.jpg,train/masks/nail_train_005136.png,640,640,3,1,JPEG,PNG,25.62,1.28,22779,0.055613
train,train/images/nail_train_005137.jpg,train/masks/nail_train_005137.png,640,640,3,1,JPEG,PNG,52.23,1.03,13252,0.032354
train,train/images/nail_train_005138.jpg,train/masks/nail_train_005138.png,640,640,3,1,JPEG,PNG,42.15,1.28,13264,0.032383
train,train/images/nail_train_005139.jpg,train/masks/nail_train_005139.png,640,640,3,1,JPEG,PNG,17.12,1.43,33518,0.081831
train,train/images/nail_train_005140.jpg,train/masks/nail_train_005140.png,640,640,3,1,JPEG,PNG,18.5,1.98,36098,0.08813
train,train/images/nail_train_005141.jpg,train/masks/nail_train_005141.png,640,640,3,1,JPEG,PNG,26.95,1.37,4791,0.011697
train,train/images/nail_train_005142.jpg,train/masks/nail_train_005142.png,640,640,3,1,JPEG,PNG,23.39,1.37,4790,0.011694
train,train/images/nail_train_005144.jpg,train/masks/nail_train_005144.png,640,640,3,1,JPEG,PNG,22.18,1.87,31191,0.07615
train,train/images/nail_train_005146.jpg,train/masks/nail_train_005146.png,640,640,3,1,JPEG,PNG,24.79,1.26,19513,0.047639
train,train/images/nail_train_005147.jpg,train/masks/nail_train_005147.png,640,640,3,1,JPEG,PNG,19.03,2.35,130435,0.318445
train,train/images/nail_train_005148.jpg,train/masks/nail_train_005148.png,640,640,3,1,JPEG,PNG,17.88,2.18,136167,0.332439
train,train/images/nail_train_005149.jpg,train/masks/nail_train_005149.png,640,640,3,1,JPEG,PNG,29.56,1.65,25407,0.062029
train,train/images/nail_train_005150.jpg,train/masks/nail_train_005150.png,640,640,3,1,JPEG,PNG,36.19,1.6,25417,0.062053
train,train/images/nail_train_005151.jpg,train/masks/nail_train_005151.png,640,640,3,1,JPEG,PNG,55.23,1.13,11265,0.027502
train,train/images/nail_train_005152.jpg,train/masks/nail_train_005152.png,640,640,3,1,JPEG,PNG,46.85,1.18,11266,0.027505
train,train/images/nail_train_005153.jpg,train/masks/nail_train_005153.png,640,640,3,1,JPEG,PNG,28.54,1.81,37809,0.092307
train,train/images/nail_train_005154.jpg,train/masks/nail_train_005154.png,640,640,3,1,JPEG,PNG,26.35,1.89,37817,0.092327
train,train/images/nail_train_005157.jpg,train/masks/nail_train_005157.png,640,640,3,1,JPEG,PNG,15.43,0.65,1041,0.002542
train,train/images/nail_train_005158.jpg,train/masks/nail_train_005158.png,640,640,3,1,JPEG,PNG,14.58,0.66,1049,0.002561
train,train/images/nail_train_005159.jpg,train/masks/nail_train_005159.png,640,640,3,1,JPEG,PNG,37.88,1.55,17867,0.043621
train,train/images/nail_train_005160.jpg,train/masks/nail_train_005160.png,640,640,3,1,JPEG,PNG,42.7,1.47,17897,0.043694
train,train/images/nail_train_005161.jpg,train/masks/nail_train_005161.png,640,640,3,1,JPEG,PNG,51.4,1.14,10317,0.025188
train,train/images/nail_train_005162.jpg,train/masks/nail_train_005162.png,640,640,3,1,JPEG,PNG,74.25,1.06,10330,0.02522
train,train/images/nail_train_005163.jpg,train/masks/nail_train_005163.png,640,640,3,1,JPEG,PNG,16.64,0.61,655,0.001599
train,train/images/nail_train_005164.jpg,train/masks/nail_train_005164.png,640,640,3,1,JPEG,PNG,18.87,0.61,654,0.001597
train,train/images/nail_train_005165.jpg,train/masks/nail_train_005165.png,640,640,3,1,JPEG,PNG,21.56,1.63,60288,0.147187
train,train/images/nail_train_005166.jpg,train/masks/nail_train_005166.png,640,640,3,1,JPEG,PNG,26.44,1.74,60116,0.146768
train,train/images/nail_train_005167.jpg,train/masks/nail_train_005167.png,640,640,3,1,JPEG,PNG,23.01,4.15,124055,0.302869
train,train/images/nail_train_005169.jpg,train/masks/nail_train_005169.png,640,640,3,1,JPEG,PNG,18.97,2.07,47495,0.115955
train,train/images/nail_train_005171.jpg,train/masks/nail_train_005171.png,640,640,3,1,JPEG,PNG,26.46,1.84,41534,0.101401
train,train/images/nail_train_005173.jpg,train/masks/nail_train_005173.png,640,640,3,1,JPEG,PNG,23.85,1.25,21795,0.05321
train,train/images/nail_train_005175.jpg,train/masks/nail_train_005175.png,640,640,3,1,JPEG,PNG,16.11,1.87,16363,0.039949
train,train/images/nail_train_005177.jpg,train/masks/nail_train_005177.png,640,640,3,1,JPEG,PNG,23.21,2.55,27298,0.066646
train,train/images/nail_train_005178.jpg,train/masks/nail_train_005178.png,640,640,3,1,JPEG,PNG,21.13,2.3,27287,0.066619
train,train/images/nail_train_005179.jpg,train/masks/nail_train_005179.png,640,640,3,1,JPEG,PNG,16.47,1.07,8307,0.020281
train,train/images/nail_train_005180.jpg,train/masks/nail_train_005180.png,640,640,3,1,JPEG,PNG,16.57,1.08,8342,0.020366
train,train/images/nail_train_005181.jpg,train/masks/nail_train_005181.png,640,640,3,1,JPEG,PNG,28.7,1.17,61005,0.148938
train,train/images/nail_train_005182.jpg,train/masks/nail_train_005182.png,640,640,3,1,JPEG,PNG,22.46,1.43,54879,0.133982
train,train/images/nail_train_005184.jpg,train/masks/nail_train_005184.png,640,640,3,1,JPEG,PNG,30.63,1.71,55315,0.135046
train,train/images/nail_train_005187.jpg,train/masks/nail_train_005187.png,640,640,3,1,JPEG,PNG,21.22,0.81,4555,0.011121
train,train/images/nail_train_005188.jpg,train/masks/nail_train_005188.png,640,640,3,1,JPEG,PNG,24.35,0.9,4538,0.011079
train,train/images/nail_train_005190.jpg,train/masks/nail_train_005190.png,640,640,3,1,JPEG,PNG,45.85,0.85,10303,0.025154
train,train/images/nail_train_005191.jpg,train/masks/nail_train_005191.png,640,640,3,1,JPEG,PNG,28.56,1.02,7902,0.019292
train,train/images/nail_train_005192.jpg,train/masks/nail_train_005192.png,640,640,3,1,JPEG,PNG,27.03,1.11,7927,0.019353
train,train/images/nail_train_005193.jpg,train/masks/nail_train_005193.png,640,640,3,1,JPEG,PNG,29.54,0.85,5171,0.012625
train,train/images/nail_train_005194.jpg,train/masks/nail_train_005194.png,640,640,3,1,JPEG,PNG,24.92,0.81,5169,0.01262
train,train/images/nail_train_005195.jpg,train/masks/nail_train_005195.png,640,640,3,1,JPEG,PNG,35.48,1.29,16466,0.0402
train,train/images/nail_train_005196.jpg,train/masks/nail_train_005196.png,640,640,3,1,JPEG,PNG,40.37,1.33,16470,0.04021
train,train/images/nail_train_005199.jpg,train/masks/nail_train_005199.png,640,640,3,1,JPEG,PNG,30.64,0.93,8167,0.019939
train,train/images/nail_train_005200.jpg,train/masks/nail_train_005200.png,640,640,3,1,JPEG,PNG,35.19,1.08,8167,0.019939
train,train/images/nail_train_005202.jpg,train/masks/nail_train_005202.png,640,640,3,1,JPEG,PNG,63.48,0.95,13678,0.033394
train,train/images/nail_train_005203.jpg,train/masks/nail_train_005203.png,640,640,3,1,JPEG,PNG,20.7,1.01,5155,0.012585
train,train/images/nail_train_005205.jpg,train/masks/nail_train_005205.png,640,640,3,1,JPEG,PNG,14.49,2.86,113152,0.27625
train,train/images/nail_train_005206.jpg,train/masks/nail_train_005206.png,640,640,3,1,JPEG,PNG,15.51,2.55,112779,0.275339
train,train/images/nail_train_005207.jpg,train/masks/nail_train_005207.png,640,640,3,1,JPEG,PNG,24.34,0.78,1972,0.004814
train,train/images/nail_train_005208.jpg,train/masks/nail_train_005208.png,640,640,3,1,JPEG,PNG,26.75,0.77,1974,0.004819
train,train/images/nail_train_005210.jpg,train/masks/nail_train_005210.png,640,640,3,1,JPEG,PNG,25.13,1.94,56592,0.138164
train,train/images/nail_train_005211.jpg,train/masks/nail_train_005211.png,640,640,3,1,JPEG,PNG,33.26,2.56,23973,0.058528
train,train/images/nail_train_005212.jpg,train/masks/nail_train_005212.png,640,640,3,1,JPEG,PNG,31.41,2.53,23983,0.058552
train,train/images/nail_train_005213.jpg,train/masks/nail_train_005213.png,640,640,3,1,JPEG,PNG,24.17,3.16,95596,0.233389
train,train/images/nail_train_005214.jpg,train/masks/nail_train_005214.png,640,640,3,1,JPEG,PNG,25.15,3.46,96209,0.234885
train,train/images/nail_train_005215.jpg,train/masks/nail_train_005215.png,640,640,3,1,JPEG,PNG,18.22,1.15,12577,0.030706
train,train/images/nail_train_005216.jpg,train/masks/nail_train_005216.png,640,640,3,1,JPEG,PNG,15.71,1.22,12477,0.030461
train,train/images/nail_train_005218.jpg,train/masks/nail_train_005218.png,640,640,3,1,JPEG,PNG,30.46,1.91,72324,0.176572
train,train/images/nail_train_005219.jpg,train/masks/nail_train_005219.png,640,640,3,1,JPEG,PNG,19.57,0.66,750,0.001831
train,train/images/nail_train_005220.jpg,train/masks/nail_train_005220.png,640,640,3,1,JPEG,PNG,23.23,0.67,746,0.001821
train,train/images/nail_train_005221.jpg,train/masks/nail_train_005221.png,640,640,3,1,JPEG,PNG,18.55,1.11,8665,0.021155
train,train/images/nail_train_005222.jpg,train/masks/nail_train_005222.png,640,640,3,1,JPEG,PNG,16.49,1.12,8670,0.021167
train,train/images/nail_train_005223.jpg,train/masks/nail_train_005223.png,640,640,3,1,JPEG,PNG,20.75,1.36,19975,0.048767
train,train/images/nail_train_005224.jpg,train/masks/nail_train_005224.png,640,640,3,1,JPEG,PNG,18.63,1.42,19951,0.048708
train,train/images/nail_train_005225.jpg,train/masks/nail_train_005225.png,640,640,3,1,JPEG,PNG,20.57,0.87,3441,0.008401
train,train/images/nail_train_005226.jpg,train/masks/nail_train_005226.png,640,640,3,1,JPEG,PNG,24.71,0.81,3424,0.008359
train,train/images/nail_train_005227.jpg,train/masks/nail_train_005227.png,640,640,3,1,JPEG,PNG,29.52,2.37,92492,0.225811
train,train/images/nail_train_005228.jpg,train/masks/nail_train_005228.png,640,640,3,1,JPEG,PNG,30.8,2.39,92633,0.226155
train,train/images/nail_train_005229.jpg,train/masks/nail_train_005229.png,640,640,3,1,JPEG,PNG,23.24,0.78,2437,0.00595
train,train/images/nail_train_005230.jpg,train/masks/nail_train_005230.png,640,640,3,1,JPEG,PNG,26.77,0.78,2441,0.005959
train,train/images/nail_train_005233.jpg,train/masks/nail_train_005233.png,640,640,3,1,JPEG,PNG,24.36,1.5,22611,0.055203
train,train/images/nail_train_005234.jpg,train/masks/nail_train_005234.png,640,640,3,1,JPEG,PNG,23.28,1.5,22620,0.055225
train,train/images/nail_train_005235.jpg,train/masks/nail_train_005235.png,640,640,3,1,JPEG,PNG,27.17,1.04,11050,0.026978
train,train/images/nail_train_005236.jpg,train/masks/nail_train_005236.png,640,640,3,1,JPEG,PNG,27.28,1.07,11060,0.027002
train,train/images/nail_train_005237.jpg,train/masks/nail_train_005237.png,640,640,3,1,JPEG,PNG,25.91,1.94,30909,0.075461
train,train/images/nail_train_005239.jpg,train/masks/nail_train_005239.png,640,640,3,1,JPEG,PNG,37.13,1.73,55324,0.135068
train,train/images/nail_train_005243.jpg,train/masks/nail_train_005243.png,640,640,3,1,JPEG,PNG,28.35,1.67,37137,0.090667
train,train/images/nail_train_005245.jpg,train/masks/nail_train_005245.png,640,640,3,1,JPEG,PNG,19.81,0.8,2526,0.006167
train,train/images/nail_train_005246.jpg,train/masks/nail_train_005246.png,640,640,3,1,JPEG,PNG,20.37,0.82,2529,0.006174
train,train/images/nail_train_005247.jpg,train/masks/nail_train_005247.png,640,640,3,1,JPEG,PNG,18.81,0.78,2175,0.00531
train,train/images/nail_train_005248.jpg,train/masks/nail_train_005248.png,640,640,3,1,JPEG,PNG,18.35,0.78,2170,0.005298
train,train/images/nail_train_005249.jpg,train/masks/nail_train_005249.png,640,640,3,1,JPEG,PNG,24.22,1.83,60067,0.146648
train,train/images/nail_train_005250.jpg,train/masks/nail_train_005250.png,640,640,3,1,JPEG,PNG,22.07,2,59853,0.146125
train,train/images/nail_train_005251.jpg,train/masks/nail_train_005251.png,640,640,3,1,JPEG,PNG,20.56,0.68,1817,0.004436
train,train/images/nail_train_005252.jpg,train/masks/nail_train_005252.png,640,640,3,1,JPEG,PNG,24.35,0.66,1818,0.004438
train,train/images/nail_train_005253.jpg,train/masks/nail_train_005253.png,640,640,3,1,JPEG,PNG,19.28,0.75,5601,0.013674
train,train/images/nail_train_005254.jpg,train/masks/nail_train_005254.png,640,640,3,1,JPEG,PNG,23.41,0.77,5594,0.013657
train,train/images/nail_train_005255.jpg,train/masks/nail_train_005255.png,640,640,3,1,JPEG,PNG,19,1.16,3089,0.007542
train,train/images/nail_train_005256.jpg,train/masks/nail_train_005256.png,640,640,3,1,JPEG,PNG,15.93,1.16,3099,0.007566
train,train/images/nail_train_005257.jpg,train/masks/nail_train_005257.png,640,640,3,1,JPEG,PNG,27.61,1.52,30430,0.074292
train,train/images/nail_train_005258.jpg,train/masks/nail_train_005258.png,640,640,3,1,JPEG,PNG,29.57,1.52,30404,0.074229
train,train/images/nail_train_005259.jpg,train/masks/nail_train_005259.png,640,640,3,1,JPEG,PNG,30.69,1.19,16741,0.040872
train,train/images/nail_train_005260.jpg,train/masks/nail_train_005260.png,640,640,3,1,JPEG,PNG,27.97,1.11,16768,0.040938
train,train/images/nail_train_005261.jpg,train/masks/nail_train_005261.png,640,640,3,1,JPEG,PNG,29.64,1.45,34179,0.083445
train,train/images/nail_train_005264.jpg,train/masks/nail_train_005264.png,640,640,3,1,JPEG,PNG,36.63,0.89,5197,0.012688
train,train/images/nail_train_005265.jpg,train/masks/nail_train_005265.png,640,640,3,1,JPEG,PNG,20.37,0.93,7416,0.018105
train,train/images/nail_train_005266.jpg,train/masks/nail_train_005266.png,640,640,3,1,JPEG,PNG,21.54,0.92,7408,0.018086
train,train/images/nail_train_005267.jpg,train/masks/nail_train_005267.png,640,640,3,1,JPEG,PNG,14.85,1.16,18828,0.045967
train,train/images/nail_train_005268.jpg,train/masks/nail_train_005268.png,640,640,3,1,JPEG,PNG,20.78,1.15,18806,0.045913
train,train/images/nail_train_005269.jpg,train/masks/nail_train_005269.png,640,640,3,1,JPEG,PNG,32.77,0.85,6194,0.015122
train,train/images/nail_train_005270.jpg,train/masks/nail_train_005270.png,640,640,3,1,JPEG,PNG,25.55,0.91,6188,0.015107
train,train/images/nail_train_005271.jpg,train/masks/nail_train_005271.png,640,640,3,1,JPEG,PNG,22.18,1.79,45385,0.110803
train,train/images/nail_train_005272.jpg,train/masks/nail_train_005272.png,640,640,3,1,JPEG,PNG,27.93,1.63,45318,0.11064
train,train/images/nail_train_005273.jpg,train/masks/nail_train_005273.png,640,640,3,1,JPEG,PNG,24.86,1.82,76807,0.187517
train,train/images/nail_train_005274.jpg,train/masks/nail_train_005274.png,640,640,3,1,JPEG,PNG,28.7,1.75,79168,0.193281
train,train/images/nail_train_005277.jpg,train/masks/nail_train_005277.png,640,640,3,1,JPEG,PNG,23.07,0.75,2793,0.006819
train,train/images/nail_train_005278.jpg,train/masks/nail_train_005278.png,640,640,3,1,JPEG,PNG,22.27,0.8,2766,0.006753
train,train/images/nail_train_005280.jpg,train/masks/nail_train_005280.png,640,640,3,1,JPEG,PNG,26.86,1.22,4259,0.010398
train,train/images/nail_train_005281.jpg,train/masks/nail_train_005281.png,640,640,3,1,JPEG,PNG,19.25,1.13,13536,0.033047
train,train/images/nail_train_005282.jpg,train/masks/nail_train_005282.png,640,640,3,1,JPEG,PNG,19.75,1.14,13473,0.032893
train,train/images/nail_train_005283.jpg,train/masks/nail_train_005283.png,640,640,3,1,JPEG,PNG,22.34,2.97,115982,0.283159
train,train/images/nail_train_005285.jpg,train/masks/nail_train_005285.png,640,640,3,1,JPEG,PNG,25.47,1.46,28176,0.068789
train,train/images/nail_train_005286.jpg,train/masks/nail_train_005286.png,640,640,3,1,JPEG,PNG,24.7,1.74,28337,0.069182
train,train/images/nail_train_005287.jpg,train/masks/nail_train_005287.png,640,640,3,1,JPEG,PNG,16.61,0.83,3735,0.009119
train,train/images/nail_train_005289.jpg,train/masks/nail_train_005289.png,640,640,3,1,JPEG,PNG,15.35,2.12,51479,0.125681
train,train/images/nail_train_005290.jpg,train/masks/nail_train_005290.png,640,640,3,1,JPEG,PNG,14.93,2.18,51448,0.125605
train,train/images/nail_train_005291.jpg,train/masks/nail_train_005291.png,640,640,3,1,JPEG,PNG,22.57,1.95,48993,0.119612
train,train/images/nail_train_005292.jpg,train/masks/nail_train_005292.png,640,640,3,1,JPEG,PNG,21.99,1.88,48895,0.119373
train,train/images/nail_train_005293.jpg,train/masks/nail_train_005293.png,640,640,3,1,JPEG,PNG,28.32,1.55,21573,0.052668
train,train/images/nail_train_005294.jpg,train/masks/nail_train_005294.png,640,640,3,1,JPEG,PNG,31.23,1.63,21568,0.052656
train,train/images/nail_train_005295.jpg,train/masks/nail_train_005295.png,640,640,3,1,JPEG,PNG,17.74,1.23,14197,0.034661
train,train/images/nail_train_005296.jpg,train/masks/nail_train_005296.png,640,640,3,1,JPEG,PNG,21.28,1.36,14224,0.034727
train,train/images/nail_train_005298.jpg,train/masks/nail_train_005298.png,640,640,3,1,JPEG,PNG,22.6,1.57,35862,0.087554
train,train/images/nail_train_005299.jpg,train/masks/nail_train_005299.png,640,640,3,1,JPEG,PNG,18.31,0.8,4686,0.01144
train,train/images/nail_train_005300.jpg,train/masks/nail_train_005300.png,640,640,3,1,JPEG,PNG,24.51,0.8,4698,0.01147
train,train/images/nail_train_005301.jpg,train/masks/nail_train_005301.png,640,640,3,1,JPEG,PNG,16.18,1.49,21958,0.053608
train,train/images/nail_train_005302.jpg,train/masks/nail_train_005302.png,640,640,3,1,JPEG,PNG,14.9,1.83,21943,0.053572
train,train/images/nail_train_005303.jpg,train/masks/nail_train_005303.png,640,640,3,1,JPEG,PNG,22.47,0.83,5726,0.013979
train,train/images/nail_train_005304.jpg,train/masks/nail_train_005304.png,640,640,3,1,JPEG,PNG,23.4,0.83,5716,0.013955
train,train/images/nail_train_005305.jpg,train/masks/nail_train_005305.png,640,640,3,1,JPEG,PNG,22.96,2.19,44027,0.107488
train,train/images/nail_train_005306.jpg,train/masks/nail_train_005306.png,640,640,3,1,JPEG,PNG,23.48,1.86,44024,0.10748
train,train/images/nail_train_005307.jpg,train/masks/nail_train_005307.png,640,640,3,1,JPEG,PNG,25.51,1.14,18214,0.044468
train,train/images/nail_train_005308.jpg,train/masks/nail_train_005308.png,640,640,3,1,JPEG,PNG,27.38,1.13,18123,0.044246
train,train/images/nail_train_005309.jpg,train/masks/nail_train_005309.png,640,640,3,1,JPEG,PNG,26.04,2.97,101755,0.248425
train,train/images/nail_train_005310.jpg,train/masks/nail_train_005310.png,640,640,3,1,JPEG,PNG,25.72,3.93,108365,0.264563
train,train/images/nail_train_005312.jpg,train/masks/nail_train_005312.png,640,640,3,1,JPEG,PNG,21.14,4.15,98205,0.239758
train,train/images/nail_train_005313.jpg,train/masks/nail_train_005313.png,640,640,3,1,JPEG,PNG,31.43,1.07,7612,0.018584
train,train/images/nail_train_005314.jpg,train/masks/nail_train_005314.png,640,640,3,1,JPEG,PNG,36.92,0.95,7659,0.018699
train,train/images/nail_train_005315.jpg,train/masks/nail_train_005315.png,640,640,3,1,JPEG,PNG,25.14,0.8,3037,0.007415
train,train/images/nail_train_005316.jpg,train/masks/nail_train_005316.png,640,640,3,1,JPEG,PNG,21.34,0.78,3027,0.00739
train,train/images/nail_train_005317.jpg,train/masks/nail_train_005317.png,640,640,3,1,JPEG,PNG,26.25,1.21,13902,0.03394
train,train/images/nail_train_005318.jpg,train/masks/nail_train_005318.png,640,640,3,1,JPEG,PNG,32.32,1.17,13898,0.033931
train,train/images/nail_train_005320.jpg,train/masks/nail_train_005320.png,640,640,3,1,JPEG,PNG,27.94,0.82,2246,0.005483
train,train/images/nail_train_005321.jpg,train/masks/nail_train_005321.png,640,640,3,1,JPEG,PNG,17.44,1.85,30970,0.07561
train,train/images/nail_train_005322.jpg,train/masks/nail_train_005322.png,640,640,3,1,JPEG,PNG,17.4,1.8,30857,0.075334
train,train/images/nail_train_005323.jpg,train/masks/nail_train_005323.png,640,640,3,1,JPEG,PNG,27.21,2.05,46184,0.112754
train,train/images/nail_train_005324.jpg,train/masks/nail_train_005324.png,640,640,3,1,JPEG,PNG,27.23,2.14,46163,0.112703
train,train/images/nail_train_005325.jpg,train/masks/nail_train_005325.png,640,640,3,1,JPEG,PNG,28.03,2.55,95934,0.234214
train,train/images/nail_train_005326.jpg,train/masks/nail_train_005326.png,640,640,3,1,JPEG,PNG,32.32,2.46,100787,0.246062
train,train/images/nail_train_005327.jpg,train/masks/nail_train_005327.png,640,640,3,1,JPEG,PNG,19.78,1.69,33964,0.08292
train,train/images/nail_train_005328.jpg,train/masks/nail_train_005328.png,640,640,3,1,JPEG,PNG,19.08,1.53,33892,0.082744
train,train/images/nail_train_005330.jpg,train/masks/nail_train_005330.png,640,640,3,1,JPEG,PNG,26,0.85,9062,0.022124
train,train/images/nail_train_005332.jpg,train/masks/nail_train_005332.png,640,640,3,1,JPEG,PNG,27.36,1.32,13773,0.033625
train,train/images/nail_train_005333.jpg,train/masks/nail_train_005333.png,640,640,3,1,JPEG,PNG,25.41,1.54,18928,0.046211
train,train/images/nail_train_005334.jpg,train/masks/nail_train_005334.png,640,640,3,1,JPEG,PNG,31.33,1.51,18927,0.046208
train,train/images/nail_train_005336.jpg,train/masks/nail_train_005336.png,640,640,3,1,JPEG,PNG,24.03,1.01,6981,0.017043
train,train/images/nail_train_005338.jpg,train/masks/nail_train_005338.png,640,640,3,1,JPEG,PNG,19.71,0.88,3076,0.00751
train,train/images/nail_train_005339.jpg,train/masks/nail_train_005339.png,640,640,3,1,JPEG,PNG,45.91,1.64,34524,0.084287
train,train/images/nail_train_005340.jpg,train/masks/nail_train_005340.png,640,640,3,1,JPEG,PNG,46.78,1.91,34515,0.084265
train,train/images/nail_train_005341.jpg,train/masks/nail_train_005341.png,640,640,3,1,JPEG,PNG,49.75,0.96,5895,0.014392
train,train/images/nail_train_005342.jpg,train/masks/nail_train_005342.png,640,640,3,1,JPEG,PNG,57.96,1.03,5900,0.014404
train,train/images/nail_train_005343.jpg,train/masks/nail_train_005343.png,640,640,3,1,JPEG,PNG,34.77,1.03,7415,0.018103
train,train/images/nail_train_005345.jpg,train/masks/nail_train_005345.png,640,640,3,1,JPEG,PNG,36.87,0.96,14878,0.036323
train,train/images/nail_train_005346.jpg,train/masks/nail_train_005346.png,640,640,3,1,JPEG,PNG,35.64,1.02,14788,0.036104
train,train/images/nail_train_005347.jpg,train/masks/nail_train_005347.png,640,640,3,1,JPEG,PNG,19.54,1.66,43611,0.106472
train,train/images/nail_train_005348.jpg,train/masks/nail_train_005348.png,640,640,3,1,JPEG,PNG,17.7,1.62,43752,0.106816
train,train/images/nail_train_005350.jpg,train/masks/nail_train_005350.png,640,640,3,1,JPEG,PNG,18.06,1.54,26738,0.065278
train,train/images/nail_train_005352.jpg,train/masks/nail_train_005352.png,640,640,3,1,JPEG,PNG,16.35,1.66,26604,0.064951
train,train/images/nail_train_005353.jpg,train/masks/nail_train_005353.png,640,640,3,1,JPEG,PNG,20.36,2.58,41722,0.10186
train,train/images/nail_train_005354.jpg,train/masks/nail_train_005354.png,640,640,3,1,JPEG,PNG,18.64,2.39,43016,0.10502
train,train/images/nail_train_005355.jpg,train/masks/nail_train_005355.png,640,640,3,1,JPEG,PNG,20.82,1.42,14242,0.034771
train,train/images/nail_train_005356.jpg,train/masks/nail_train_005356.png,640,640,3,1,JPEG,PNG,19.53,1.41,14319,0.034958
train,train/images/nail_train_005357.jpg,train/masks/nail_train_005357.png,640,640,3,1,JPEG,PNG,17.78,1.15,22135,0.054041
train,train/images/nail_train_005358.jpg,train/masks/nail_train_005358.png,640,640,3,1,JPEG,PNG,18.33,1.32,22120,0.054004
train,train/images/nail_train_005360.jpg,train/masks/nail_train_005360.png,640,640,3,1,JPEG,PNG,28.55,0.85,5089,0.012424
train,train/images/nail_train_005361.jpg,train/masks/nail_train_005361.png,640,640,3,1,JPEG,PNG,13.71,0.9,3733,0.009114
train,train/images/nail_train_005362.jpg,train/masks/nail_train_005362.png,640,640,3,1,JPEG,PNG,18.84,0.8,3736,0.009121
train,train/images/nail_train_005363.jpg,train/masks/nail_train_005363.png,640,640,3,1,JPEG,PNG,28.38,1.32,23372,0.057061
train,train/images/nail_train_005364.jpg,train/masks/nail_train_005364.png,640,640,3,1,JPEG,PNG,33.69,1.52,23372,0.057061
train,train/images/nail_train_005367.jpg,train/masks/nail_train_005367.png,640,640,3,1,JPEG,PNG,30.86,1.97,10860,0.026514
train,train/images/nail_train_005368.jpg,train/masks/nail_train_005368.png,640,640,3,1,JPEG,PNG,26.72,1.93,10818,0.026411
train,train/images/nail_train_005369.jpg,train/masks/nail_train_005369.png,640,640,3,1,JPEG,PNG,23.61,1.63,35976,0.087832
train,train/images/nail_train_005370.jpg,train/masks/nail_train_005370.png,640,640,3,1,JPEG,PNG,25.48,1.53,36244,0.088486
train,train/images/nail_train_005371.jpg,train/masks/nail_train_005371.png,640,640,3,1,JPEG,PNG,44.4,1.9,16341,0.039895
train,train/images/nail_train_005372.jpg,train/masks/nail_train_005372.png,640,640,3,1,JPEG,PNG,39.42,2.03,16258,0.039692
train,train/images/nail_train_005373.jpg,train/masks/nail_train_005373.png,640,640,3,1,JPEG,PNG,32.45,1.64,53945,0.131702
train,train/images/nail_train_005374.jpg,train/masks/nail_train_005374.png,640,640,3,1,JPEG,PNG,35.28,2.02,53960,0.131738
train,train/images/nail_train_005375.jpg,train/masks/nail_train_005375.png,640,640,3,1,JPEG,PNG,15.33,1.79,77069,0.188157
train,train/images/nail_train_005376.jpg,train/masks/nail_train_005376.png,640,640,3,1,JPEG,PNG,19,1.97,85570,0.208911
train,train/images/nail_train_005377.jpg,train/masks/nail_train_005377.png,640,640,3,1,JPEG,PNG,35.94,1.33,39517,0.096477
train,train/images/nail_train_005379.jpg,train/masks/nail_train_005379.png,640,640,3,1,JPEG,PNG,26.02,2.43,109703,0.26783
train,train/images/nail_train_005382.jpg,train/masks/nail_train_005382.png,640,640,3,1,JPEG,PNG,18.6,1.06,15595,0.038074
train,train/images/nail_train_005383.jpg,train/masks/nail_train_005383.png,640,640,3,1,JPEG,PNG,28.95,2.21,43222,0.105522
train,train/images/nail_train_005384.jpg,train/masks/nail_train_005384.png,640,640,3,1,JPEG,PNG,21.79,2.2,43163,0.105378
train,train/images/nail_train_005385.jpg,train/masks/nail_train_005385.png,640,640,3,1,JPEG,PNG,19.19,1.7,30126,0.07355
train,train/images/nail_train_005388.jpg,train/masks/nail_train_005388.png,640,640,3,1,JPEG,PNG,20.81,1.34,17368,0.042402
train,train/images/nail_train_005389.jpg,train/masks/nail_train_005389.png,640,640,3,1,JPEG,PNG,25.21,0.91,9737,0.023772
train,train/images/nail_train_005390.jpg,train/masks/nail_train_005390.png,640,640,3,1,JPEG,PNG,28.36,1.02,9709,0.023704
train,train/images/nail_train_005391.jpg,train/masks/nail_train_005391.png,640,640,3,1,JPEG,PNG,17.66,1.2,22695,0.055408
train,train/images/nail_train_005392.jpg,train/masks/nail_train_005392.png,640,640,3,1,JPEG,PNG,18.29,1.16,22667,0.055339
train,train/images/nail_train_005394.jpg,train/masks/nail_train_005394.png,640,640,3,1,JPEG,PNG,32.7,0.89,3547,0.00866
train,train/images/nail_train_005395.jpg,train/masks/nail_train_005395.png,640,640,3,1,JPEG,PNG,24.63,0.71,1281,0.003127
train,train/images/nail_train_005396.jpg,train/masks/nail_train_005396.png,640,640,3,1,JPEG,PNG,29.1,0.69,1287,0.003142
train,train/images/nail_train_005397.jpg,train/masks/nail_train_005397.png,640,640,3,1,JPEG,PNG,24.42,1.32,18172,0.044365
train,train/images/nail_train_005398.jpg,train/masks/nail_train_005398.png,640,640,3,1,JPEG,PNG,30.74,1.23,18236,0.044521
train,train/images/nail_train_005399.jpg,train/masks/nail_train_005399.png,640,640,3,1,JPEG,PNG,23.4,1.16,9827,0.023992
train,train/images/nail_train_005400.jpg,train/masks/nail_train_005400.png,640,640,3,1,JPEG,PNG,32.47,1.14,9783,0.023884
train,train/images/nail_train_005401.jpg,train/masks/nail_train_005401.png,640,640,3,1,JPEG,PNG,24.23,1.52,31274,0.076353
train,train/images/nail_train_005404.jpg,train/masks/nail_train_005404.png,640,640,3,1,JPEG,PNG,18.85,3.99,225748,0.551143
train,train/images/nail_train_005406.jpg,train/masks/nail_train_005406.png,640,640,3,1,JPEG,PNG,22.93,0.69,2174,0.005308
train,train/images/nail_train_005407.jpg,train/masks/nail_train_005407.png,640,640,3,1,JPEG,PNG,31.05,1.36,16239,0.039646
train,train/images/nail_train_005408.jpg,train/masks/nail_train_005408.png,640,640,3,1,JPEG,PNG,24.91,1.23,16301,0.039797
train,train/images/nail_train_005409.jpg,train/masks/nail_train_005409.png,640,640,3,1,JPEG,PNG,20.54,0.63,1103,0.002693
train,train/images/nail_train_005410.jpg,train/masks/nail_train_005410.png,640,640,3,1,JPEG,PNG,23.79,0.66,1097,0.002678
train,train/images/nail_train_005411.jpg,train/masks/nail_train_005411.png,640,640,3,1,JPEG,PNG,26.47,1.19,9001,0.021975
train,train/images/nail_train_005413.jpg,train/masks/nail_train_005413.png,640,640,3,1,JPEG,PNG,32.46,1.24,14387,0.035125
train,train/images/nail_train_005414.jpg,train/masks/nail_train_005414.png,640,640,3,1,JPEG,PNG,33.35,1.28,14352,0.035039
train,train/images/nail_train_005415.jpg,train/masks/nail_train_005415.png,640,640,3,1,JPEG,PNG,23.97,1.5,42789,0.104465
train,train/images/nail_train_005416.jpg,train/masks/nail_train_005416.png,640,640,3,1,JPEG,PNG,22.97,1.81,42565,0.103918
train,train/images/nail_train_005417.jpg,train/masks/nail_train_005417.png,640,640,3,1,JPEG,PNG,17.26,1.3,16944,0.041367
train,train/images/nail_train_005418.jpg,train/masks/nail_train_005418.png,640,640,3,1,JPEG,PNG,17.68,1.23,16918,0.041304
train,train/images/nail_train_005420.jpg,train/masks/nail_train_005420.png,640,640,3,1,JPEG,PNG,32.32,0.82,3585,0.008752
train,train/images/nail_train_005421.jpg,train/masks/nail_train_005421.png,640,640,3,1,JPEG,PNG,24.65,1.02,7914,0.019321
train,train/images/nail_train_005423.jpg,train/masks/nail_train_005423.png,640,640,3,1,JPEG,PNG,25.09,0.98,8326,0.020327
train,train/images/nail_train_005424.jpg,train/masks/nail_train_005424.png,640,640,3,1,JPEG,PNG,29.86,0.89,8331,0.020339
train,train/images/nail_train_005425.jpg,train/masks/nail_train_005425.png,640,640,3,1,JPEG,PNG,30.89,1.57,31460,0.076807
train,train/images/nail_train_005426.jpg,train/masks/nail_train_005426.png,640,640,3,1,JPEG,PNG,25.49,1.64,31434,0.076743
train,train/images/nail_train_005427.jpg,train/masks/nail_train_005427.png,640,640,3,1,JPEG,PNG,24.16,1.55,31390,0.076636
train,train/images/nail_train_005428.jpg,train/masks/nail_train_005428.png,640,640,3,1,JPEG,PNG,23.21,1.44,31366,0.076577
train,train/images/nail_train_005430.jpg,train/masks/nail_train_005430.png,640,640,3,1,JPEG,PNG,27.41,1.67,33980,0.082959
train,train/images/nail_train_005431.jpg,train/masks/nail_train_005431.png,640,640,3,1,JPEG,PNG,19.6,1.53,6289,0.015354
train,train/images/nail_train_005432.jpg,train/masks/nail_train_005432.png,640,640,3,1,JPEG,PNG,21.03,1.5,6296,0.015371
train,train/images/nail_train_005434.jpg,train/masks/nail_train_005434.png,640,640,3,1,JPEG,PNG,20.29,0.99,8025,0.019592
train,train/images/nail_train_005435.jpg,train/masks/nail_train_005435.png,640,640,3,1,JPEG,PNG,17.41,2.08,55575,0.135681
train,train/images/nail_train_005436.jpg,train/masks/nail_train_005436.png,640,640,3,1,JPEG,PNG,19,2.08,55584,0.135703
train,train/images/nail_train_005438.jpg,train/masks/nail_train_005438.png,640,640,3,1,JPEG,PNG,24.21,1.72,26933,0.065754
train,train/images/nail_train_005439.jpg,train/masks/nail_train_005439.png,640,640,3,1,JPEG,PNG,59.29,1.37,31796,0.077627
train,train/images/nail_train_005441.jpg,train/masks/nail_train_005441.png,640,640,3,1,JPEG,PNG,48.65,1.09,11756,0.028701
train,train/images/nail_train_005443.jpg,train/masks/nail_train_005443.png,640,640,3,1,JPEG,PNG,17.94,1.31,15016,0.03666
train,train/images/nail_train_005444.jpg,train/masks/nail_train_005444.png,640,640,3,1,JPEG,PNG,13.93,1.31,15034,0.036704
train,train/images/nail_train_005445.jpg,train/masks/nail_train_005445.png,640,640,3,1,JPEG,PNG,29.63,1.78,10097,0.024651
train,train/images/nail_train_005446.jpg,train/masks/nail_train_005446.png,640,640,3,1,JPEG,PNG,26.68,1.91,10079,0.024607
train,train/images/nail_train_005450.jpg,train/masks/nail_train_005450.png,640,640,3,1,JPEG,PNG,28.42,1.46,17581,0.042922
train,train/images/nail_train_005451.jpg,train/masks/nail_train_005451.png,640,640,3,1,JPEG,PNG,25.04,1.23,12153,0.02967
train,train/images/nail_train_005452.jpg,train/masks/nail_train_005452.png,640,640,3,1,JPEG,PNG,18.28,1.09,12155,0.029675
train,train/images/nail_train_005453.jpg,train/masks/nail_train_005453.png,640,640,3,1,JPEG,PNG,28.52,2.04,57492,0.140361
train,train/images/nail_train_005454.jpg,train/masks/nail_train_005454.png,640,640,3,1,JPEG,PNG,26.66,2.29,57480,0.140332
train,train/images/nail_train_005455.jpg,train/masks/nail_train_005455.png,640,640,3,1,JPEG,PNG,22.5,0.99,4500,0.010986
train,train/images/nail_train_005456.jpg,train/masks/nail_train_005456.png,640,640,3,1,JPEG,PNG,26.25,0.98,4511,0.011013
train,train/images/nail_train_005457.jpg,train/masks/nail_train_005457.png,640,640,3,1,JPEG,PNG,21.54,0.95,8753,0.02137
train,train/images/nail_train_005458.jpg,train/masks/nail_train_005458.png,640,640,3,1,JPEG,PNG,24.85,1.05,8736,0.021328
train,train/images/nail_train_005459.jpg,train/masks/nail_train_005459.png,640,640,3,1,JPEG,PNG,20.83,0.67,1557,0.003801
train,train/images/nail_train_005460.jpg,train/masks/nail_train_005460.png,640,640,3,1,JPEG,PNG,15.67,0.64,1564,0.003818
train,train/images/nail_train_005461.jpg,train/masks/nail_train_005461.png,640,640,3,1,JPEG,PNG,17.81,1,6788,0.016572
train,train/images/nail_train_005462.jpg,train/masks/nail_train_005462.png,640,640,3,1,JPEG,PNG,16.76,1.06,6793,0.016584
train,train/images/nail_train_005465.jpg,train/masks/nail_train_005465.png,640,640,3,1,JPEG,PNG,17.18,0.94,5317,0.012981
train,train/images/nail_train_005466.jpg,train/masks/nail_train_005466.png,640,640,3,1,JPEG,PNG,19.17,1.03,5321,0.012991
train,train/images/nail_train_005467.jpg,train/masks/nail_train_005467.png,640,640,3,1,JPEG,PNG,24.04,1.49,26748,0.065303
train,train/images/nail_train_005468.jpg,train/masks/nail_train_005468.png,640,640,3,1,JPEG,PNG,24.34,1.62,26876,0.065615
train,train/images/nail_train_005469.jpg,train/masks/nail_train_005469.png,640,640,3,1,JPEG,PNG,15.1,1.16,7366,0.017983
train,train/images/nail_train_005471.jpg,train/masks/nail_train_005471.png,640,640,3,1,JPEG,PNG,54.04,0.87,4613,0.011262
train,train/images/nail_train_005472.jpg,train/masks/nail_train_005472.png,640,640,3,1,JPEG,PNG,43.29,0.83,4630,0.011304
train,train/images/nail_train_005473.jpg,train/masks/nail_train_005473.png,640,640,3,1,JPEG,PNG,17.34,0.59,296,0.000723
train,train/images/nail_train_005475.jpg,train/masks/nail_train_005475.png,640,640,3,1,JPEG,PNG,25.96,1.62,41014,0.100132
train,train/images/nail_train_005476.jpg,train/masks/nail_train_005476.png,640,640,3,1,JPEG,PNG,23.14,1.5,40475,0.098816
train,train/images/nail_train_005477.jpg,train/masks/nail_train_005477.png,640,640,3,1,JPEG,PNG,21.72,2.15,40670,0.099292
train,train/images/nail_train_005480.jpg,train/masks/nail_train_005480.png,640,640,3,1,JPEG,PNG,19.2,1.71,49129,0.119944
train,train/images/nail_train_005481.jpg,train/masks/nail_train_005481.png,640,640,3,1,JPEG,PNG,15.63,2.42,77089,0.188206
train,train/images/nail_train_005482.jpg,train/masks/nail_train_005482.png,640,640,3,1,JPEG,PNG,14.66,2.08,77177,0.18842
train,train/images/nail_train_005483.jpg,train/masks/nail_train_005483.png,640,640,3,1,JPEG,PNG,18.69,0.73,2328,0.005684
train,train/images/nail_train_005484.jpg,train/masks/nail_train_005484.png,640,640,3,1,JPEG,PNG,18.15,0.73,2327,0.005681
train,train/images/nail_train_005485.jpg,train/masks/nail_train_005485.png,640,640,3,1,JPEG,PNG,31.12,0.99,5127,0.012517
train,train/images/nail_train_005487.jpg,train/masks/nail_train_005487.png,640,640,3,1,JPEG,PNG,29.82,0.77,1916,0.004678
train,train/images/nail_train_005488.jpg,train/masks/nail_train_005488.png,640,640,3,1,JPEG,PNG,25.78,0.76,1919,0.004685
train,train/images/nail_train_005489.jpg,train/masks/nail_train_005489.png,640,640,3,1,JPEG,PNG,36.2,1.37,19421,0.047415
train,train/images/nail_train_005490.jpg,train/masks/nail_train_005490.png,640,640,3,1,JPEG,PNG,34.81,1.24,19494,0.047593
train,train/images/nail_train_005492.jpg,train/masks/nail_train_005492.png,640,640,3,1,JPEG,PNG,16,1.09,6619,0.01616
train,train/images/nail_train_005493.jpg,train/masks/nail_train_005493.png,640,640,3,1,JPEG,PNG,25.53,1.25,14987,0.036589
train,train/images/nail_train_005494.jpg,train/masks/nail_train_005494.png,640,640,3,1,JPEG,PNG,23.84,1.2,15079,0.036814
train,train/images/nail_train_005495.jpg,train/masks/nail_train_005495.png,640,640,3,1,JPEG,PNG,26.9,0.73,2578,0.006294
train,train/images/nail_train_005496.jpg,train/masks/nail_train_005496.png,640,640,3,1,JPEG,PNG,24.24,0.74,2577,0.006292
train,train/images/nail_train_005497.jpg,train/masks/nail_train_005497.png,640,640,3,1,JPEG,PNG,17.29,1.86,34926,0.085269
train,train/images/nail_train_005498.jpg,train/masks/nail_train_005498.png,640,640,3,1,JPEG,PNG,19.36,2.03,34792,0.084941
train,train/images/nail_train_005499.jpg,train/masks/nail_train_005499.png,640,640,3,1,JPEG,PNG,14.72,0.83,4076,0.009951
train,train/images/nail_train_005501.jpg,train/masks/nail_train_005501.png,640,640,3,1,JPEG,PNG,19.32,0.8,2089,0.0051
train,train/images/nail_train_005502.jpg,train/masks/nail_train_005502.png,640,640,3,1,JPEG,PNG,17.18,0.76,2082,0.005083
train,train/images/nail_train_005503.jpg,train/masks/nail_train_005503.png,640,640,3,1,JPEG,PNG,19.46,0.9,4239,0.010349
train,train/images/nail_train_005504.jpg,train/masks/nail_train_005504.png,640,640,3,1,JPEG,PNG,18.14,0.89,4261,0.010403
train,train/images/nail_train_005505.jpg,train/masks/nail_train_005505.png,640,640,3,1,JPEG,PNG,14.52,1.12,6772,0.016533
train,train/images/nail_train_005506.jpg,train/masks/nail_train_005506.png,640,640,3,1,JPEG,PNG,19.6,1.08,6784,0.016563
train,train/images/nail_train_005507.jpg,train/masks/nail_train_005507.png,640,640,3,1,JPEG,PNG,16.53,0.8,2068,0.005049
train,train/images/nail_train_005508.jpg,train/masks/nail_train_005508.png,640,640,3,1,JPEG,PNG,18.83,0.79,2075,0.005066
train,train/images/nail_train_005509.jpg,train/masks/nail_train_005509.png,640,640,3,1,JPEG,PNG,13.31,1.92,44776,0.109316
train,train/images/nail_train_005510.jpg,train/masks/nail_train_005510.png,640,640,3,1,JPEG,PNG,14.56,1.82,44766,0.109292
train,train/images/nail_train_005511.jpg,train/masks/nail_train_005511.png,640,640,3,1,JPEG,PNG,15.64,1,5513,0.013459
train,train/images/nail_train_005512.jpg,train/masks/nail_train_005512.png,640,640,3,1,JPEG,PNG,20.11,1,5523,0.013484
train,train/images/nail_train_005513.jpg,train/masks/nail_train_005513.png,640,640,3,1,JPEG,PNG,15.54,1.71,41463,0.101228
train,train/images/nail_train_005514.jpg,train/masks/nail_train_005514.png,640,640,3,1,JPEG,PNG,28.84,1.85,41501,0.101321
train,train/images/nail_train_005515.jpg,train/masks/nail_train_005515.png,640,640,3,1,JPEG,PNG,40.41,2.48,20069,0.048997
train,train/images/nail_train_005516.jpg,train/masks/nail_train_005516.png,640,640,3,1,JPEG,PNG,37.52,2.27,20066,0.048989
train,train/images/nail_train_005517.jpg,train/masks/nail_train_005517.png,640,640,3,1,JPEG,PNG,16.43,1.18,8791,0.021462
train,train/images/nail_train_005519.jpg,train/masks/nail_train_005519.png,640,640,3,1,JPEG,PNG,39.57,1.01,15009,0.036643
train,train/images/nail_train_005520.jpg,train/masks/nail_train_005520.png,640,640,3,1,JPEG,PNG,50.18,1.22,14992,0.036602
train,train/images/nail_train_005521.jpg,train/masks/nail_train_005521.png,640,640,3,1,JPEG,PNG,31.34,1.12,6527,0.015935
train,train/images/nail_train_005522.jpg,train/masks/nail_train_005522.png,640,640,3,1,JPEG,PNG,29.79,1.06,6532,0.015947
train,train/images/nail_train_005523.jpg,train/masks/nail_train_005523.png,640,640,3,1,JPEG,PNG,25.98,1.55,38722,0.094536
train,train/images/nail_train_005524.jpg,train/masks/nail_train_005524.png,640,640,3,1,JPEG,PNG,22.98,1.62,38758,0.094624
train,train/images/nail_train_005526.jpg,train/masks/nail_train_005526.png,640,640,3,1,JPEG,PNG,29.82,1.71,15142,0.036968
train,train/images/nail_train_005527.jpg,train/masks/nail_train_005527.png,640,640,3,1,JPEG,PNG,15.86,1.28,21953,0.053596
train,train/images/nail_train_005528.jpg,train/masks/nail_train_005528.png,640,640,3,1,JPEG,PNG,17.47,1.28,22023,0.053767
train,train/images/nail_train_005529.jpg,train/masks/nail_train_005529.png,640,640,3,1,JPEG,PNG,17.36,1.56,23179,0.056589
train,train/images/nail_train_005530.jpg,train/masks/nail_train_005530.png,640,640,3,1,JPEG,PNG,19.15,1.61,23171,0.05657
train,train/images/nail_train_005533.jpg,train/masks/nail_train_005533.png,640,640,3,1,JPEG,PNG,14.62,0.66,1256,0.003066
train,train/images/nail_train_005534.jpg,train/masks/nail_train_005534.png,640,640,3,1,JPEG,PNG,14.31,0.65,1259,0.003074
train,train/images/nail_train_005535.jpg,train/masks/nail_train_005535.png,640,640,3,1,JPEG,PNG,18,1.86,63011,0.153835
train,train/images/nail_train_005538.jpg,train/masks/nail_train_005538.png,640,640,3,1,JPEG,PNG,29.64,2.01,39310,0.095972
train,train/images/nail_train_005539.jpg,train/masks/nail_train_005539.png,640,640,3,1,JPEG,PNG,31.33,0.92,3939,0.009617
train,train/images/nail_train_005540.jpg,train/masks/nail_train_005540.png,640,640,3,1,JPEG,PNG,35.36,0.9,3922,0.009575
train,train/images/nail_train_005541.jpg,train/masks/nail_train_005541.png,640,640,3,1,JPEG,PNG,28.09,1.76,30138,0.073579
train,train/images/nail_train_005542.jpg,train/masks/nail_train_005542.png,640,640,3,1,JPEG,PNG,28.98,1.79,30128,0.073555
train,train/images/nail_train_005544.jpg,train/masks/nail_train_005544.png,640,640,3,1,JPEG,PNG,21.86,0.83,2709,0.006614
train,train/images/nail_train_005549.jpg,train/masks/nail_train_005549.png,640,640,3,1,JPEG,PNG,30.54,1.02,9657,0.023577
train,train/images/nail_train_005550.jpg,train/masks/nail_train_005550.png,640,640,3,1,JPEG,PNG,28.76,1.12,9673,0.023616
train,train/images/nail_train_005551.jpg,train/masks/nail_train_005551.png,640,640,3,1,JPEG,PNG,24.42,0.81,2340,0.005713
train,train/images/nail_train_005553.jpg,train/masks/nail_train_005553.png,640,640,3,1,JPEG,PNG,39.77,1.16,13066,0.031899
train,train/images/nail_train_005554.jpg,train/masks/nail_train_005554.png,640,640,3,1,JPEG,PNG,35.82,1.21,13066,0.031899
train,train/images/nail_train_005555.jpg,train/masks/nail_train_005555.png,640,640,3,1,JPEG,PNG,15.62,1.07,10797,0.02636
train,train/images/nail_train_005556.jpg,train/masks/nail_train_005556.png,640,640,3,1,JPEG,PNG,17.62,1.09,10818,0.026411
train,train/images/nail_train_005557.jpg,train/masks/nail_train_005557.png,640,640,3,1,JPEG,PNG,12.12,1.35,13932,0.034014
train,train/images/nail_train_005558.jpg,train/masks/nail_train_005558.png,640,640,3,1,JPEG,PNG,10.61,1.4,13992,0.03416
train,train/images/nail_train_005559.jpg,train/masks/nail_train_005559.png,640,640,3,1,JPEG,PNG,19.2,2.08,106307,0.259539
train,train/images/nail_train_005560.jpg,train/masks/nail_train_005560.png,640,640,3,1,JPEG,PNG,19.17,2.35,103800,0.253418
train,train/images/nail_train_005562.jpg,train/masks/nail_train_005562.png,640,640,3,1,JPEG,PNG,21.64,1.19,9121,0.022268
train,train/images/nail_train_005563.jpg,train/masks/nail_train_005563.png,640,640,3,1,JPEG,PNG,20.76,2.02,44253,0.10804
train,train/images/nail_train_005564.jpg,train/masks/nail_train_005564.png,640,640,3,1,JPEG,PNG,25.82,2.03,44581,0.10884
train,train/images/nail_train_005565.jpg,train/masks/nail_train_005565.png,640,640,3,1,JPEG,PNG,20.81,0.77,3399,0.008298
train,train/images/nail_train_005567.jpg,train/masks/nail_train_005567.png,640,640,3,1,JPEG,PNG,39.23,1.01,5464,0.01334
train,train/images/nail_train_005568.jpg,train/masks/nail_train_005568.png,640,640,3,1,JPEG,PNG,29.82,1,5473,0.013362
train,train/images/nail_train_005569.jpg,train/masks/nail_train_005569.png,640,640,3,1,JPEG,PNG,25.1,0.96,7671,0.018728
train,train/images/nail_train_005570.jpg,train/masks/nail_train_005570.png,640,640,3,1,JPEG,PNG,29.93,1.02,7673,0.018733
train,train/images/nail_train_005571.jpg,train/masks/nail_train_005571.png,640,640,3,1,JPEG,PNG,25.41,0.87,2812,0.006865
train,train/images/nail_train_005572.jpg,train/masks/nail_train_005572.png,640,640,3,1,JPEG,PNG,23.48,0.89,2815,0.006873
train,train/images/nail_train_005573.jpg,train/masks/nail_train_005573.png,640,640,3,1,JPEG,PNG,28.76,1.53,21085,0.051477
train,train/images/nail_train_005574.jpg,train/masks/nail_train_005574.png,640,640,3,1,JPEG,PNG,27.95,1.53,21065,0.051428
train,train/images/nail_train_005575.jpg,train/masks/nail_train_005575.png,640,640,3,1,JPEG,PNG,20.06,1,5499,0.013425
train,train/images/nail_train_005576.jpg,train/masks/nail_train_005576.png,640,640,3,1,JPEG,PNG,22,0.96,5492,0.013408
train,train/images/nail_train_005577.jpg,train/masks/nail_train_005577.png,640,640,3,1,JPEG,PNG,28.42,1.55,22021,0.053762
train,train/images/nail_train_005578.jpg,train/masks/nail_train_005578.png,640,640,3,1,JPEG,PNG,29.24,1.57,22043,0.053816
train,train/images/nail_train_005579.jpg,train/masks/nail_train_005579.png,640,640,3,1,JPEG,PNG,32.56,2.29,59470,0.14519
train,train/images/nail_train_005581.jpg,train/masks/nail_train_005581.png,640,640,3,1,JPEG,PNG,24.74,1.23,12376,0.030215
train,train/images/nail_train_005582.jpg,train/masks/nail_train_005582.png,640,640,3,1,JPEG,PNG,18.49,1.17,12367,0.030193
train,train/images/nail_train_005583.jpg,train/masks/nail_train_005583.png,640,640,3,1,JPEG,PNG,36.33,1.3,14055,0.034314
train,train/images/nail_train_005584.jpg,train/masks/nail_train_005584.png,640,640,3,1,JPEG,PNG,42.36,1.3,14056,0.034316
train,train/images/nail_train_005585.jpg,train/masks/nail_train_005585.png,640,640,3,1,JPEG,PNG,27.41,0.89,5276,0.012881
train,train/images/nail_train_005587.jpg,train/masks/nail_train_005587.png,640,640,3,1,JPEG,PNG,17.67,0.84,4034,0.009849
train,train/images/nail_train_005588.jpg,train/masks/nail_train_005588.png,640,640,3,1,JPEG,PNG,20.53,0.87,4036,0.009854
train,train/images/nail_train_005589.jpg,train/masks/nail_train_005589.png,640,640,3,1,JPEG,PNG,22.15,2.24,49954,0.121958
train,train/images/nail_train_005592.jpg,train/masks/nail_train_005592.png,640,640,3,1,JPEG,PNG,19.86,1.76,29690,0.072485
train,train/images/nail_train_005593.jpg,train/masks/nail_train_005593.png,640,640,3,1,JPEG,PNG,28.86,0.82,3231,0.007888
train,train/images/nail_train_005594.jpg,train/masks/nail_train_005594.png,640,640,3,1,JPEG,PNG,33.43,0.84,3233,0.007893
train,train/images/nail_train_005595.jpg,train/masks/nail_train_005595.png,640,640,3,1,JPEG,PNG,24.1,0.83,5025,0.012268
train,train/images/nail_train_005596.jpg,train/masks/nail_train_005596.png,640,640,3,1,JPEG,PNG,27.34,0.82,5020,0.012256
train,train/images/nail_train_005597.jpg,train/masks/nail_train_005597.png,640,640,3,1,JPEG,PNG,16.24,2.38,77032,0.188066
train,train/images/nail_train_005599.jpg,train/masks/nail_train_005599.png,640,640,3,1,JPEG,PNG,27.6,1.7,9692,0.023662
train,train/images/nail_train_005600.jpg,train/masks/nail_train_005600.png,640,640,3,1,JPEG,PNG,31.98,1.68,9686,0.023647
train,train/images/nail_train_005601.jpg,train/masks/nail_train_005601.png,640,640,3,1,JPEG,PNG,26.83,1.03,4381,0.010696
train,train/images/nail_train_005603.jpg,train/masks/nail_train_005603.png,640,640,3,1,JPEG,PNG,25.73,1.06,7097,0.017327
train,train/images/nail_train_005604.jpg,train/masks/nail_train_005604.png,640,640,3,1,JPEG,PNG,33.04,1.04,7138,0.017427
train,train/images/nail_train_005605.jpg,train/masks/nail_train_005605.png,640,640,3,1,JPEG,PNG,18.73,0.83,2273,0.005549
train,train/images/nail_train_005606.jpg,train/masks/nail_train_005606.png,640,640,3,1,JPEG,PNG,20.56,0.84,2277,0.005559
train,train/images/nail_train_005608.jpg,train/masks/nail_train_005608.png,640,640,3,1,JPEG,PNG,23.95,2.2,20555,0.050183
train,train/images/nail_train_005609.jpg,train/masks/nail_train_005609.png,640,640,3,1,JPEG,PNG,25.62,1,6025,0.014709
train,train/images/nail_train_005612.jpg,train/masks/nail_train_005612.png,640,640,3,1,JPEG,PNG,23.77,1.4,12519,0.030564
train,train/images/nail_train_005613.jpg,train/masks/nail_train_005613.png,640,640,3,1,JPEG,PNG,26.42,2.29,17459,0.042625
train,train/images/nail_train_005614.jpg,train/masks/nail_train_005614.png,640,640,3,1,JPEG,PNG,26.72,2.48,17537,0.042815
train,train/images/nail_train_005615.jpg,train/masks/nail_train_005615.png,640,640,3,1,JPEG,PNG,40.79,0.96,4376,0.010684
train,train/images/nail_train_005616.jpg,train/masks/nail_train_005616.png,640,640,3,1,JPEG,PNG,43.44,0.9,4377,0.010686
train,train/images/nail_train_005617.jpg,train/masks/nail_train_005617.png,640,640,3,1,JPEG,PNG,33.75,1.24,10980,0.026807
train,train/images/nail_train_005618.jpg,train/masks/nail_train_005618.png,640,640,3,1,JPEG,PNG,30.42,1.25,11009,0.026877
train,train/images/nail_train_005619.jpg,train/masks/nail_train_005619.png,640,640,3,1,JPEG,PNG,21.29,0.92,4690,0.01145
train,train/images/nail_train_005620.jpg,train/masks/nail_train_005620.png,640,640,3,1,JPEG,PNG,15.92,0.92,4666,0.011392
train,train/images/nail_train_005622.jpg,train/masks/nail_train_005622.png,640,640,3,1,JPEG,PNG,26.86,1.02,15052,0.036748
train,train/images/nail_train_005623.jpg,train/masks/nail_train_005623.png,640,640,3,1,JPEG,PNG,31.04,1.07,6514,0.015903
train,train/images/nail_train_005624.jpg,train/masks/nail_train_005624.png,640,640,3,1,JPEG,PNG,34.26,0.92,6456,0.015762
train,train/images/nail_train_005625.jpg,train/masks/nail_train_005625.png,640,640,3,1,JPEG,PNG,30.55,0.96,6422,0.015679
train,train/images/nail_train_005626.jpg,train/masks/nail_train_005626.png,640,640,3,1,JPEG,PNG,26.16,0.92,6422,0.015679
train,train/images/nail_train_005628.jpg,train/masks/nail_train_005628.png,640,640,3,1,JPEG,PNG,17.8,0.95,5881,0.014358
train,train/images/nail_train_005629.jpg,train/masks/nail_train_005629.png,640,640,3,1,JPEG,PNG,27.53,3.58,68780,0.16792
train,train/images/nail_train_005630.jpg,train/masks/nail_train_005630.png,640,640,3,1,JPEG,PNG,25.3,3.61,67491,0.164773
train,train/images/nail_train_005634.jpg,train/masks/nail_train_005634.png,640,640,3,1,JPEG,PNG,22.26,0.73,3594,0.008774
train,train/images/nail_train_005635.jpg,train/masks/nail_train_005635.png,640,640,3,1,JPEG,PNG,49.94,0.68,992,0.002422
train,train/images/nail_train_005636.jpg,train/masks/nail_train_005636.png,640,640,3,1,JPEG,PNG,33.97,0.66,983,0.0024
train,train/images/nail_train_005637.jpg,train/masks/nail_train_005637.png,640,640,3,1,JPEG,PNG,22.33,0.92,3654,0.008921
train,train/images/nail_train_005639.jpg,train/masks/nail_train_005639.png,640,640,3,1,JPEG,PNG,32.18,3.16,36602,0.08936
train,train/images/nail_train_005641.jpg,train/masks/nail_train_005641.png,640,640,3,1,JPEG,PNG,27.99,1.29,13496,0.032949
train,train/images/nail_train_005642.jpg,train/masks/nail_train_005642.png,640,640,3,1,JPEG,PNG,24.9,1.35,13536,0.033047
train,train/images/nail_train_005644.jpg,train/masks/nail_train_005644.png,640,640,3,1,JPEG,PNG,19.13,2.61,16359,0.039939
train,train/images/nail_train_005645.jpg,train/masks/nail_train_005645.png,640,640,3,1,JPEG,PNG,20.71,0.78,2219,0.005417
train,train/images/nail_train_005646.jpg,train/masks/nail_train_005646.png,640,640,3,1,JPEG,PNG,19.83,0.82,2222,0.005425
train,train/images/nail_train_005647.jpg,train/masks/nail_train_005647.png,640,640,3,1,JPEG,PNG,22.91,1.24,4956,0.0121
train,train/images/nail_train_005649.jpg,train/masks/nail_train_005649.png,640,640,3,1,JPEG,PNG,24.78,0.84,5279,0.012888
train,train/images/nail_train_005650.jpg,train/masks/nail_train_005650.png,640,640,3,1,JPEG,PNG,23.76,0.9,5289,0.012913
train,train/images/nail_train_005651.jpg,train/masks/nail_train_005651.png,640,640,3,1,JPEG,PNG,20.64,0.85,5967,0.014568
train,train/images/nail_train_005652.jpg,train/masks/nail_train_005652.png,640,640,3,1,JPEG,PNG,21.54,0.92,5965,0.014563
train,train/images/nail_train_005653.jpg,train/masks/nail_train_005653.png,640,640,3,1,JPEG,PNG,37.39,0.97,7513,0.018342
train,train/images/nail_train_005654.jpg,train/masks/nail_train_005654.png,640,640,3,1,JPEG,PNG,38.9,1.05,7521,0.018362
train,train/images/nail_train_005655.jpg,train/masks/nail_train_005655.png,640,640,3,1,JPEG,PNG,16.8,1.17,19710,0.04812
train,train/images/nail_train_005656.jpg,train/masks/nail_train_005656.png,640,640,3,1,JPEG,PNG,16.33,1.12,19618,0.047896
train,train/images/nail_train_005661.jpg,train/masks/nail_train_005661.png,640,640,3,1,JPEG,PNG,18.9,1.94,54432,0.132891
train,train/images/nail_train_005663.jpg,train/masks/nail_train_005663.png,640,640,3,1,JPEG,PNG,18.32,1.04,6216,0.015176
train,train/images/nail_train_005665.jpg,train/masks/nail_train_005665.png,640,640,3,1,JPEG,PNG,22.23,2.73,28663,0.069978
train,train/images/nail_train_005666.jpg,train/masks/nail_train_005666.png,640,640,3,1,JPEG,PNG,23.71,2.69,28770,0.070239
train,train/images/nail_train_005667.jpg,train/masks/nail_train_005667.png,640,640,3,1,JPEG,PNG,25.36,0.74,2545,0.006213
train,train/images/nail_train_005670.jpg,train/masks/nail_train_005670.png,640,640,3,1,JPEG,PNG,16.81,1.01,6283,0.015339
train,train/images/nail_train_005671.jpg,train/masks/nail_train_005671.png,640,640,3,1,JPEG,PNG,35.82,1.89,13690,0.033423
train,train/images/nail_train_005673.jpg,train/masks/nail_train_005673.png,640,640,3,1,JPEG,PNG,22.19,0.74,1782,0.004351
train,train/images/nail_train_005674.jpg,train/masks/nail_train_005674.png,640,640,3,1,JPEG,PNG,27.84,0.73,1780,0.004346
train,train/images/nail_train_005675.jpg,train/masks/nail_train_005675.png,640,640,3,1,JPEG,PNG,21.31,0.9,3487,0.008513
train,train/images/nail_train_005676.jpg,train/masks/nail_train_005676.png,640,640,3,1,JPEG,PNG,25.8,0.89,3482,0.008501
train,train/images/nail_train_005677.jpg,train/masks/nail_train_005677.png,640,640,3,1,JPEG,PNG,23.82,0.78,1675,0.004089
train,train/images/nail_train_005678.jpg,train/masks/nail_train_005678.png,640,640,3,1,JPEG,PNG,21.64,0.77,1675,0.004089
train,train/images/nail_train_005679.jpg,train/masks/nail_train_005679.png,640,640,3,1,JPEG,PNG,16.79,1.47,13855,0.033826
train,train/images/nail_train_005680.jpg,train/masks/nail_train_005680.png,640,640,3,1,JPEG,PNG,19.02,1.5,13836,0.033779
train,train/images/nail_train_005681.jpg,train/masks/nail_train_005681.png,640,640,3,1,JPEG,PNG,60.87,1.78,32085,0.078333
train,train/images/nail_train_005682.jpg,train/masks/nail_train_005682.png,640,640,3,1,JPEG,PNG,71.74,1.78,32073,0.078303
train,train/images/nail_train_005683.jpg,train/masks/nail_train_005683.png,640,640,3,1,JPEG,PNG,56.47,1.42,22652,0.055303
train,train/images/nail_train_005684.jpg,train/masks/nail_train_005684.png,640,640,3,1,JPEG,PNG,46.5,1.42,22667,0.055339
train,train/images/nail_train_005685.jpg,train/masks/nail_train_005685.png,640,640,3,1,JPEG,PNG,18.96,1.1,7093,0.017317
train,train/images/nail_train_005688.jpg,train/masks/nail_train_005688.png,640,640,3,1,JPEG,PNG,21.95,2.02,98653,0.240852
train,train/images/nail_train_005689.jpg,train/masks/nail_train_005689.png,640,640,3,1,JPEG,PNG,24.15,1.28,15258,0.037251
train,train/images/nail_train_005690.jpg,train/masks/nail_train_005690.png,640,640,3,1,JPEG,PNG,23.57,1.22,15284,0.037314
train,train/images/nail_train_005691.jpg,train/masks/nail_train_005691.png,640,640,3,1,JPEG,PNG,22.73,0.82,2873,0.007014
train,train/images/nail_train_005692.jpg,train/masks/nail_train_005692.png,640,640,3,1,JPEG,PNG,26.07,0.78,2865,0.006995
train,train/images/nail_train_005693.jpg,train/masks/nail_train_005693.png,640,640,3,1,JPEG,PNG,17.44,1.72,30094,0.073472
train,train/images/nail_train_005694.jpg,train/masks/nail_train_005694.png,640,640,3,1,JPEG,PNG,13.91,1.76,30064,0.073398
train,train/images/nail_train_005696.jpg,train/masks/nail_train_005696.png,640,640,3,1,JPEG,PNG,22.4,1.9,39265,0.095862
train,train/images/nail_train_005697.jpg,train/masks/nail_train_005697.png,640,640,3,1,JPEG,PNG,24.87,1.87,71761,0.175198
train,train/images/nail_train_005698.jpg,train/masks/nail_train_005698.png,640,640,3,1,JPEG,PNG,24.32,1.86,69705,0.170178
train,train/images/nail_train_005699.jpg,train/masks/nail_train_005699.png,640,640,3,1,JPEG,PNG,43.1,1.59,31283,0.076375
train,train/images/nail_train_005700.jpg,train/masks/nail_train_005700.png,640,640,3,1,JPEG,PNG,43.17,1.44,31273,0.07635
train,train/images/nail_train_005702.jpg,train/masks/nail_train_005702.png,640,640,3,1,JPEG,PNG,53.61,1.29,14063,0.034333
train,train/images/nail_train_005703.jpg,train/masks/nail_train_005703.png,640,640,3,1,JPEG,PNG,22.76,1.2,19481,0.047561
train,train/images/nail_train_005704.jpg,train/masks/nail_train_005704.png,640,640,3,1,JPEG,PNG,24.21,1.44,19468,0.047529
train,train/images/nail_train_005705.jpg,train/masks/nail_train_005705.png,640,640,3,1,JPEG,PNG,21.65,0.8,3847,0.009392
train,train/images/nail_train_005706.jpg,train/masks/nail_train_005706.png,640,640,3,1,JPEG,PNG,24.59,0.79,3826,0.009341
train,train/images/nail_train_005707.jpg,train/masks/nail_train_005707.png,640,640,3,1,JPEG,PNG,27.02,1.91,70072,0.171074
train,train/images/nail_train_005708.jpg,train/masks/nail_train_005708.png,640,640,3,1,JPEG,PNG,29.67,1.99,70189,0.17136
train,train/images/nail_train_005709.jpg,train/masks/nail_train_005709.png,640,640,3,1,JPEG,PNG,30.31,1.13,13468,0.032881
train,train/images/nail_train_005710.jpg,train/masks/nail_train_005710.png,640,640,3,1,JPEG,PNG,29.18,1.01,13463,0.032869
train,train/images/nail_train_005711.jpg,train/masks/nail_train_005711.png,640,640,3,1,JPEG,PNG,25.52,1.08,12410,0.030298
train,train/images/nail_train_005712.jpg,train/masks/nail_train_005712.png,640,640,3,1,JPEG,PNG,23.43,1.07,12462,0.030425
train,train/images/nail_train_005713.jpg,train/masks/nail_train_005713.png,640,640,3,1,JPEG,PNG,24.61,1.75,56359,0.137595
train,train/images/nail_train_005714.jpg,train/masks/nail_train_005714.png,640,640,3,1,JPEG,PNG,20.29,1.63,56255,0.137341
train,train/images/nail_train_005715.jpg,train/masks/nail_train_005715.png,640,640,3,1,JPEG,PNG,18.11,0.96,8582,0.020952
train,train/images/nail_train_005716.jpg,train/masks/nail_train_005716.png,640,640,3,1,JPEG,PNG,18.72,0.97,8579,0.020945
train,train/images/nail_train_005717.jpg,train/masks/nail_train_005717.png,640,640,3,1,JPEG,PNG,19.74,0.95,4653,0.01136
train,train/images/nail_train_005718.jpg,train/masks/nail_train_005718.png,640,640,3,1,JPEG,PNG,19.82,0.91,4640,0.011328
train,train/images/nail_train_005719.jpg,train/masks/nail_train_005719.png,640,640,3,1,JPEG,PNG,30.75,1.43,15159,0.037009
train,train/images/nail_train_005721.jpg,train/masks/nail_train_005721.png,640,640,3,1,JPEG,PNG,24.33,1.15,7069,0.017258
train,train/images/nail_train_005722.jpg,train/masks/nail_train_005722.png,640,640,3,1,JPEG,PNG,23.17,1.1,7074,0.017271
train,train/images/nail_train_005723.jpg,train/masks/nail_train_005723.png,640,640,3,1,JPEG,PNG,23.73,1.05,12971,0.031667
train,train/images/nail_train_005724.jpg,train/masks/nail_train_005724.png,640,640,3,1,JPEG,PNG,19.4,1.1,12965,0.031653
train,train/images/nail_train_005725.jpg,train/masks/nail_train_005725.png,640,640,3,1,JPEG,PNG,19.54,0.93,3198,0.007808
train,train/images/nail_train_005727.jpg,train/masks/nail_train_005727.png,640,640,3,1,JPEG,PNG,15.38,1.49,28474,0.069517
train,train/images/nail_train_005728.jpg,train/masks/nail_train_005728.png,640,640,3,1,JPEG,PNG,16.9,1.48,28477,0.069524
train,train/images/nail_train_005730.jpg,train/masks/nail_train_005730.png,640,640,3,1,JPEG,PNG,23.24,1.75,26308,0.064229
train,train/images/nail_train_005731.jpg,train/masks/nail_train_005731.png,640,640,3,1,JPEG,PNG,33.39,1.44,25457,0.062151
train,train/images/nail_train_005732.jpg,train/masks/nail_train_005732.png,640,640,3,1,JPEG,PNG,36.35,1.56,25496,0.062246
train,train/images/nail_train_005733.jpg,train/masks/nail_train_005733.png,640,640,3,1,JPEG,PNG,23.97,1.07,5738,0.014009
train,train/images/nail_train_005734.jpg,train/masks/nail_train_005734.png,640,640,3,1,JPEG,PNG,26.83,0.95,5741,0.014016
train,train/images/nail_train_005735.jpg,train/masks/nail_train_005735.png,640,640,3,1,JPEG,PNG,34.73,1.03,6538,0.015962
train,train/images/nail_train_005736.jpg,train/masks/nail_train_005736.png,640,640,3,1,JPEG,PNG,24.89,0.94,6493,0.015852
train,train/images/nail_train_005737.jpg,train/masks/nail_train_005737.png,640,640,3,1,JPEG,PNG,24.67,1.31,20468,0.049971
train,train/images/nail_train_005738.jpg,train/masks/nail_train_005738.png,640,640,3,1,JPEG,PNG,23.07,1.46,20541,0.050149
train,train/images/nail_train_005739.jpg,train/masks/nail_train_005739.png,640,640,3,1,JPEG,PNG,26.59,1.09,11924,0.029111
train,train/images/nail_train_005740.jpg,train/masks/nail_train_005740.png,640,640,3,1,JPEG,PNG,21.07,1.15,11912,0.029082
train,train/images/nail_train_005741.jpg,train/masks/nail_train_005741.png,640,640,3,1,JPEG,PNG,11.23,1.37,17437,0.042571
train,train/images/nail_train_005742.jpg,train/masks/nail_train_005742.png,640,640,3,1,JPEG,PNG,13.18,1.38,17452,0.042607
train,train/images/nail_train_005743.jpg,train/masks/nail_train_005743.png,640,640,3,1,JPEG,PNG,24.05,3.34,28125,0.068665
train,train/images/nail_train_005744.jpg,train/masks/nail_train_005744.png,640,640,3,1,JPEG,PNG,23.66,3.14,28143,0.068708
train,train/images/nail_train_005746.jpg,train/masks/nail_train_005746.png,640,640,3,1,JPEG,PNG,22.02,1.06,6437,0.015715
train,train/images/nail_train_005747.jpg,train/masks/nail_train_005747.png,640,640,3,1,JPEG,PNG,23.89,2.35,120127,0.293279
train,train/images/nail_train_005748.jpg,train/masks/nail_train_005748.png,640,640,3,1,JPEG,PNG,23.34,2.04,116513,0.284456
train,train/images/nail_train_005749.jpg,train/masks/nail_train_005749.png,640,640,3,1,JPEG,PNG,52.76,1.44,16591,0.040505
train,train/images/nail_train_005750.jpg,train/masks/nail_train_005750.png,640,640,3,1,JPEG,PNG,41.73,1.29,16565,0.040442
train,train/images/nail_train_005752.jpg,train/masks/nail_train_005752.png,640,640,3,1,JPEG,PNG,39.9,0.94,8975,0.021912
train,train/images/nail_train_005753.jpg,train/masks/nail_train_005753.png,640,640,3,1,JPEG,PNG,41.85,1.39,13954,0.034067
train,train/images/nail_train_005754.jpg,train/masks/nail_train_005754.png,640,640,3,1,JPEG,PNG,49.07,1.29,13882,0.033892
train,train/images/nail_train_005755.jpg,train/masks/nail_train_005755.png,640,640,3,1,JPEG,PNG,28.3,1.14,13338,0.032563
train,train/images/nail_train_005756.jpg,train/masks/nail_train_005756.png,640,640,3,1,JPEG,PNG,30,1.1,13354,0.032603
train,train/images/nail_train_005757.jpg,train/masks/nail_train_005757.png,640,640,3,1,JPEG,PNG,27.77,0.9,3758,0.009175
train,train/images/nail_train_005758.jpg,train/masks/nail_train_005758.png,640,640,3,1,JPEG,PNG,23.67,0.92,3751,0.009158
train,train/images/nail_train_005761.jpg,train/masks/nail_train_005761.png,640,640,3,1,JPEG,PNG,25.24,1.41,19624,0.04791
train,train/images/nail_train_005762.jpg,train/masks/nail_train_005762.png,640,640,3,1,JPEG,PNG,21.35,1.23,19693,0.048079
train,train/images/nail_train_005764.jpg,train/masks/nail_train_005764.png,640,640,3,1,JPEG,PNG,17.57,0.87,4671,0.011404
train,train/images/nail_train_005765.jpg,train/masks/nail_train_005765.png,640,640,3,1,JPEG,PNG,20.58,1.65,108946,0.265981
train,train/images/nail_train_005767.jpg,train/masks/nail_train_005767.png,640,640,3,1,JPEG,PNG,21.06,2.27,69966,0.170815
train,train/images/nail_train_005768.jpg,train/masks/nail_train_005768.png,640,640,3,1,JPEG,PNG,20.74,2,70061,0.171047
train,train/images/nail_train_005769.jpg,train/masks/nail_train_005769.png,640,640,3,1,JPEG,PNG,32.52,1.31,21924,0.053525
train,train/images/nail_train_005770.jpg,train/masks/nail_train_005770.png,640,640,3,1,JPEG,PNG,37.25,1.54,21960,0.053613
train,train/images/nail_train_005771.jpg,train/masks/nail_train_005771.png,640,640,3,1,JPEG,PNG,26.68,1.43,20920,0.051074
train,train/images/nail_train_005772.jpg,train/masks/nail_train_005772.png,640,640,3,1,JPEG,PNG,25.21,1.46,20945,0.051135
train,train/images/nail_train_005773.jpg,train/masks/nail_train_005773.png,640,640,3,1,JPEG,PNG,14.82,1.67,100838,0.246187
train,train/images/nail_train_005775.jpg,train/masks/nail_train_005775.png,640,640,3,1,JPEG,PNG,26.55,2.02,71489,0.174534
train,train/images/nail_train_005776.jpg,train/masks/nail_train_005776.png,640,640,3,1,JPEG,PNG,25.7,2.01,73504,0.179453
train,train/images/nail_train_005777.jpg,train/masks/nail_train_005777.png,640,640,3,1,JPEG,PNG,19.71,2.15,82221,0.200735
train,train/images/nail_train_005778.jpg,train/masks/nail_train_005778.png,640,640,3,1,JPEG,PNG,19.12,1.87,82203,0.200691
train,train/images/nail_train_005779.jpg,train/masks/nail_train_005779.png,640,640,3,1,JPEG,PNG,49.04,1.34,12212,0.029814
train,train/images/nail_train_005780.jpg,train/masks/nail_train_005780.png,640,640,3,1,JPEG,PNG,40.8,1.38,12200,0.029785
train,train/images/nail_train_005781.jpg,train/masks/nail_train_005781.png,640,640,3,1,JPEG,PNG,17.98,0.99,7924,0.019346
train,train/images/nail_train_005782.jpg,train/masks/nail_train_005782.png,640,640,3,1,JPEG,PNG,17.34,1.02,7969,0.019456
train,train/images/nail_train_005783.jpg,train/masks/nail_train_005783.png,640,640,3,1,JPEG,PNG,20.54,1.35,29485,0.071985
train,train/images/nail_train_005784.jpg,train/masks/nail_train_005784.png,640,640,3,1,JPEG,PNG,19.21,1.31,29575,0.072205
train,train/images/nail_train_005787.jpg,train/masks/nail_train_005787.png,640,640,3,1,JPEG,PNG,25.72,1.11,9352,0.022832
train,train/images/nail_train_005788.jpg,train/masks/nail_train_005788.png,640,640,3,1,JPEG,PNG,28.97,1.13,9345,0.022815
train,train/images/nail_train_005790.jpg,train/masks/nail_train_005790.png,640,640,3,1,JPEG,PNG,27.86,1.08,8419,0.020554
train,train/images/nail_train_005791.jpg,train/masks/nail_train_005791.png,640,640,3,1,JPEG,PNG,33.27,0.87,4573,0.011165
train,train/images/nail_train_005792.jpg,train/masks/nail_train_005792.png,640,640,3,1,JPEG,PNG,28.38,0.91,4568,0.011152
train,train/images/nail_train_005793.jpg,train/masks/nail_train_005793.png,640,640,3,1,JPEG,PNG,41.76,1.1,8656,0.021133
train,train/images/nail_train_005794.jpg,train/masks/nail_train_005794.png,640,640,3,1,JPEG,PNG,55.74,1.01,8661,0.021145
train,train/images/nail_train_005795.jpg,train/masks/nail_train_005795.png,640,640,3,1,JPEG,PNG,32.48,1.24,16351,0.039919
train,train/images/nail_train_005797.jpg,train/masks/nail_train_005797.png,640,640,3,1,JPEG,PNG,24.05,2.19,56599,0.138181
train,train/images/nail_train_005798.jpg,train/masks/nail_train_005798.png,640,640,3,1,JPEG,PNG,22.79,2.21,50329,0.122874
train,train/images/nail_train_005799.jpg,train/masks/nail_train_005799.png,640,640,3,1,JPEG,PNG,35.55,1.53,19008,0.046406
train,train/images/nail_train_005800.jpg,train/masks/nail_train_005800.png,640,640,3,1,JPEG,PNG,30.1,1.52,18935,0.046228
train,train/images/nail_train_005801.jpg,train/masks/nail_train_005801.png,640,640,3,1,JPEG,PNG,15.21,0.83,2221,0.005422
train,train/images/nail_train_005802.jpg,train/masks/nail_train_005802.png,640,640,3,1,JPEG,PNG,17.19,0.81,2250,0.005493
train,train/images/nail_train_005803.jpg,train/masks/nail_train_005803.png,640,640,3,1,JPEG,PNG,20.72,2.88,32158,0.078511
train,train/images/nail_train_005804.jpg,train/masks/nail_train_005804.png,640,640,3,1,JPEG,PNG,32.62,2.96,32254,0.078745
train,train/images/nail_train_005805.jpg,train/masks/nail_train_005805.png,640,640,3,1,JPEG,PNG,28.61,0.74,2645,0.006458
train,train/images/nail_train_005807.jpg,train/masks/nail_train_005807.png,640,640,3,1,JPEG,PNG,24.13,1.04,9061,0.022122
train,train/images/nail_train_005808.jpg,train/masks/nail_train_005808.png,640,640,3,1,JPEG,PNG,26.24,0.97,9024,0.022031
train,train/images/nail_train_005809.jpg,train/masks/nail_train_005809.png,640,640,3,1,JPEG,PNG,34.38,1.71,44720,0.10918
train,train/images/nail_train_005810.jpg,train/masks/nail_train_005810.png,640,640,3,1,JPEG,PNG,29.59,1.61,44781,0.109329
train,train/images/nail_train_005811.jpg,train/masks/nail_train_005811.png,640,640,3,1,JPEG,PNG,46.84,1.7,60475,0.147644
train,train/images/nail_train_005812.jpg,train/masks/nail_train_005812.png,640,640,3,1,JPEG,PNG,31.91,1.69,60128,0.146797
train,train/images/nail_train_005813.jpg,train/masks/nail_train_005813.png,640,640,3,1,JPEG,PNG,20.15,1.5,38149,0.093137
train,train/images/nail_train_005814.jpg,train/masks/nail_train_005814.png,640,640,3,1,JPEG,PNG,17.39,1.48,38063,0.092927
train,train/images/nail_train_005815.jpg,train/masks/nail_train_005815.png,640,640,3,1,JPEG,PNG,32.46,4.13,85578,0.208931
train,train/images/nail_train_005817.jpg,train/masks/nail_train_005817.png,640,640,3,1,JPEG,PNG,21.8,1.84,60239,0.147068
train,train/images/nail_train_005818.jpg,train/masks/nail_train_005818.png,640,640,3,1,JPEG,PNG,22.99,2.1,59859,0.14614
train,train/images/nail_train_005819.jpg,train/masks/nail_train_005819.png,640,640,3,1,JPEG,PNG,16.88,2.23,96410,0.235376
train,train/images/nail_train_005821.jpg,train/masks/nail_train_005821.png,640,640,3,1,JPEG,PNG,27.09,1.91,60823,0.148494
train,train/images/nail_train_005823.jpg,train/masks/nail_train_005823.png,640,640,3,1,JPEG,PNG,21.86,2.44,34747,0.084832
train,train/images/nail_train_005824.jpg,train/masks/nail_train_005824.png,640,640,3,1,JPEG,PNG,22.26,2.55,34697,0.084709
train,train/images/nail_train_005825.jpg,train/masks/nail_train_005825.png,640,640,3,1,JPEG,PNG,25.96,1.94,52632,0.128496
train,train/images/nail_train_005826.jpg,train/masks/nail_train_005826.png,640,640,3,1,JPEG,PNG,27.06,1.93,52773,0.12884
train,train/images/nail_train_005827.jpg,train/masks/nail_train_005827.png,640,640,3,1,JPEG,PNG,16.13,1.32,27210,0.066431
train,train/images/nail_train_005828.jpg,train/masks/nail_train_005828.png,640,640,3,1,JPEG,PNG,13.91,1.28,27239,0.066501
train,train/images/nail_train_005829.jpg,train/masks/nail_train_005829.png,640,640,3,1,JPEG,PNG,15.82,2.59,114385,0.27926
train,train/images/nail_train_005831.jpg,train/masks/nail_train_005831.png,640,640,3,1,JPEG,PNG,20.31,1.86,24021,0.058645
train,train/images/nail_train_005832.jpg,train/masks/nail_train_005832.png,640,640,3,1,JPEG,PNG,20.65,1.85,23990,0.058569
train,train/images/nail_train_005833.jpg,train/masks/nail_train_005833.png,640,640,3,1,JPEG,PNG,19.64,2,138033,0.336995
train,train/images/nail_train_005834.jpg,train/masks/nail_train_005834.png,640,640,3,1,JPEG,PNG,20.71,2.26,137706,0.336196
train,train/images/nail_train_005836.jpg,train/masks/nail_train_005836.png,640,640,3,1,JPEG,PNG,30.8,2.46,103749,0.253293
train,train/images/nail_train_005839.jpg,train/masks/nail_train_005839.png,640,640,3,1,JPEG,PNG,23.83,1.65,49162,0.120024
train,train/images/nail_train_005840.jpg,train/masks/nail_train_005840.png,640,640,3,1,JPEG,PNG,24.99,1.64,49103,0.11988
train,train/images/nail_train_005841.jpg,train/masks/nail_train_005841.png,640,640,3,1,JPEG,PNG,23.31,1.85,56980,0.139111
train,train/images/nail_train_005844.jpg,train/masks/nail_train_005844.png,640,640,3,1,JPEG,PNG,18.35,3.29,134994,0.329575
train,train/images/nail_train_005845.jpg,train/masks/nail_train_005845.png,640,640,3,1,JPEG,PNG,30.14,1.98,41934,0.102378
train,train/images/nail_train_005846.jpg,train/masks/nail_train_005846.png,640,640,3,1,JPEG,PNG,27.21,2.04,41986,0.102505
train,train/images/nail_train_005847.jpg,train/masks/nail_train_005847.png,640,640,3,1,JPEG,PNG,16.86,1.92,47201,0.115237
train,train/images/nail_train_005848.jpg,train/masks/nail_train_005848.png,640,640,3,1,JPEG,PNG,18.52,2.06,46980,0.114697
train,train/images/nail_train_005849.jpg,train/masks/nail_train_005849.png,640,640,3,1,JPEG,PNG,17.36,1.26,26175,0.063904
train,train/images/nail_train_005850.jpg,train/masks/nail_train_005850.png,640,640,3,1,JPEG,PNG,15.87,1.2,26082,0.063677
train,train/images/nail_train_005853.jpg,train/masks/nail_train_005853.png,640,640,3,1,JPEG,PNG,12.51,1.31,31341,0.076516
train,train/images/nail_train_005854.jpg,train/masks/nail_train_005854.png,640,640,3,1,JPEG,PNG,12.61,1.68,31475,0.076843
train,train/images/nail_train_005855.jpg,train/masks/nail_train_005855.png,640,640,3,1,JPEG,PNG,21.47,2.55,64459,0.157371
train,train/images/nail_train_005856.jpg,train/masks/nail_train_005856.png,640,640,3,1,JPEG,PNG,20.07,2.64,61111,0.149197
train,train/images/nail_train_005857.jpg,train/masks/nail_train_005857.png,640,640,3,1,JPEG,PNG,21.88,1.21,16255,0.039685
train,train/images/nail_train_005858.jpg,train/masks/nail_train_005858.png,640,640,3,1,JPEG,PNG,25.35,1.36,16242,0.039653
train,train/images/nail_train_005859.jpg,train/masks/nail_train_005859.png,640,640,3,1,JPEG,PNG,17.18,2.28,60875,0.148621
train,train/images/nail_train_005860.jpg,train/masks/nail_train_005860.png,640,640,3,1,JPEG,PNG,15.59,2.23,58886,0.143765
train,train/images/nail_train_005862.jpg,train/masks/nail_train_005862.png,640,640,3,1,JPEG,PNG,19.8,2.41,100964,0.246494
train,train/images/nail_train_005863.jpg,train/masks/nail_train_005863.png,640,640,3,1,JPEG,PNG,10.6,1.93,36524,0.08917
train,train/images/nail_train_005864.jpg,train/masks/nail_train_005864.png,640,640,3,1,JPEG,PNG,14.48,2.01,36571,0.089285
train,train/images/nail_train_005865.jpg,train/masks/nail_train_005865.png,640,640,3,1,JPEG,PNG,18.17,2.29,83092,0.202861
train,train/images/nail_train_005866.jpg,train/masks/nail_train_005866.png,640,640,3,1,JPEG,PNG,15.55,2.14,83243,0.20323
train,train/images/nail_train_005867.jpg,train/masks/nail_train_005867.png,640,640,3,1,JPEG,PNG,24.13,1.69,25738,0.062837
train,train/images/nail_train_005868.jpg,train/masks/nail_train_005868.png,640,640,3,1,JPEG,PNG,22.51,1.71,25743,0.062849
train,train/images/nail_train_005869.jpg,train/masks/nail_train_005869.png,640,640,3,1,JPEG,PNG,19.33,1.68,46696,0.114004
train,train/images/nail_train_005870.jpg,train/masks/nail_train_005870.png,640,640,3,1,JPEG,PNG,18.26,1.74,46714,0.114048
train,train/images/nail_train_005871.jpg,train/masks/nail_train_005871.png,640,640,3,1,JPEG,PNG,20.96,1.97,68631,0.167556
train,train/images/nail_train_005872.jpg,train/masks/nail_train_005872.png,640,640,3,1,JPEG,PNG,22.09,2.23,74956,0.182998
train,train/images/nail_train_005873.jpg,train/masks/nail_train_005873.png,640,640,3,1,JPEG,PNG,16.9,1.71,40891,0.099832
train,train/images/nail_train_005874.jpg,train/masks/nail_train_005874.png,640,640,3,1,JPEG,PNG,17.89,1.7,40840,0.099707
train,train/images/nail_train_005875.jpg,train/masks/nail_train_005875.png,640,640,3,1,JPEG,PNG,12.66,1.78,43371,0.105886
train,train/images/nail_train_005876.jpg,train/masks/nail_train_005876.png,640,640,3,1,JPEG,PNG,11.16,1.48,35131,0.085769
train,train/images/nail_train_005877.jpg,train/masks/nail_train_005877.png,640,640,3,1,JPEG,PNG,16.54,2.08,28373,0.06927
train,train/images/nail_train_005880.jpg,train/masks/nail_train_005880.png,640,640,3,1,JPEG,PNG,17.58,2.16,120005,0.292981
train,train/images/nail_train_005881.jpg,train/masks/nail_train_005881.png,640,640,3,1,JPEG,PNG,18.15,2.24,66426,0.162173
train,train/images/nail_train_005882.jpg,train/masks/nail_train_005882.png,640,640,3,1,JPEG,PNG,19.66,2.35,66610,0.162622
train,train/images/nail_train_005883.jpg,train/masks/nail_train_005883.png,640,640,3,1,JPEG,PNG,34.24,1.5,8036,0.019619
train,train/images/nail_train_005884.jpg,train/masks/nail_train_005884.png,640,640,3,1,JPEG,PNG,30.7,1.21,8052,0.019658
train,train/images/nail_train_005886.jpg,train/masks/nail_train_005886.png,640,640,3,1,JPEG,PNG,22.22,1.56,22936,0.055996
train,train/images/nail_train_005888.jpg,train/masks/nail_train_005888.png,640,640,3,1,JPEG,PNG,27.77,1.73,40894,0.099839
train,train/images/nail_train_005889.jpg,train/masks/nail_train_005889.png,640,640,3,1,JPEG,PNG,26.82,2.1,71253,0.173958
train,train/images/nail_train_005890.jpg,train/masks/nail_train_005890.png,640,640,3,1,JPEG,PNG,24.86,2.26,71261,0.173977
train,train/images/nail_train_005891.jpg,train/masks/nail_train_005891.png,640,640,3,1,JPEG,PNG,29.29,2.21,50977,0.124456
train,train/images/nail_train_005893.jpg,train/masks/nail_train_005893.png,640,640,3,1,JPEG,PNG,16.14,1.88,51588,0.125947
train,train/images/nail_train_005894.jpg,train/masks/nail_train_005894.png,640,640,3,1,JPEG,PNG,18.51,2,51529,0.125803
train,train/images/nail_train_005895.jpg,train/masks/nail_train_005895.png,640,640,3,1,JPEG,PNG,52.49,2.66,136156,0.332412
train,train/images/nail_train_005896.jpg,train/masks/nail_train_005896.png,640,640,3,1,JPEG,PNG,51.78,2.54,136127,0.332341
train,train/images/nail_train_005898.jpg,train/masks/nail_train_005898.png,640,640,3,1,JPEG,PNG,20.52,2.2,64857,0.158342
train,train/images/nail_train_005899.jpg,train/masks/nail_train_005899.png,640,640,3,1,JPEG,PNG,20.04,1.7,27305,0.066663
train,train/images/nail_train_005900.jpg,train/masks/nail_train_005900.png,640,640,3,1,JPEG,PNG,24.36,1.73,27305,0.066663
train,train/images/nail_train_005902.jpg,train/masks/nail_train_005902.png,640,640,3,1,JPEG,PNG,20.03,1.58,24824,0.060605
train,train/images/nail_train_005903.jpg,train/masks/nail_train_005903.png,640,640,3,1,JPEG,PNG,31.55,1.7,10573,0.025813
train,train/images/nail_train_005904.jpg,train/masks/nail_train_005904.png,640,640,3,1,JPEG,PNG,34.22,1.77,10563,0.025789
train,train/images/nail_train_005905.jpg,train/masks/nail_train_005905.png,640,640,3,1,JPEG,PNG,34.13,2.37,13780,0.033643
train,train/images/nail_train_005907.jpg,train/masks/nail_train_005907.png,640,640,3,1,JPEG,PNG,16.27,1.12,10097,0.024651
train,train/images/nail_train_005908.jpg,train/masks/nail_train_005908.png,640,640,3,1,JPEG,PNG,15.8,1.14,10100,0.024658
train,train/images/nail_train_005909.jpg,train/masks/nail_train_005909.png,640,640,3,1,JPEG,PNG,19.88,1.9,25131,0.061355
train,train/images/nail_train_005910.jpg,train/masks/nail_train_005910.png,640,640,3,1,JPEG,PNG,15.2,1.91,25128,0.061348
train,train/images/nail_train_005911.jpg,train/masks/nail_train_005911.png,640,640,3,1,JPEG,PNG,21.42,1.48,26173,0.063899
train,train/images/nail_train_005912.jpg,train/masks/nail_train_005912.png,640,640,3,1,JPEG,PNG,24.28,1.39,26168,0.063887
train,train/images/nail_train_005913.jpg,train/masks/nail_train_005913.png,640,640,3,1,JPEG,PNG,20.13,1.84,23900,0.05835
train,train/images/nail_train_005914.jpg,train/masks/nail_train_005914.png,640,640,3,1,JPEG,PNG,26.76,1.87,23886,0.058315
train,train/images/nail_train_005917.jpg,train/masks/nail_train_005917.png,640,640,3,1,JPEG,PNG,23.61,2.09,75218,0.183638
train,train/images/nail_train_005918.jpg,train/masks/nail_train_005918.png,640,640,3,1,JPEG,PNG,24.15,2.07,75274,0.183774
train,train/images/nail_train_005920.jpg,train/masks/nail_train_005920.png,640,640,3,1,JPEG,PNG,29.35,1.27,4624,0.011289
train,train/images/nail_train_005921.jpg,train/masks/nail_train_005921.png,640,640,3,1,JPEG,PNG,34.09,1.2,4655,0.011365
train,train/images/nail_train_005922.jpg,train/masks/nail_train_005922.png,640,640,3,1,JPEG,PNG,27.54,1.53,4604,0.01124
train,train/images/nail_train_005923.jpg,train/masks/nail_train_005923.png,640,640,3,1,JPEG,PNG,25.54,2.46,10213,0.024934
train,train/images/nail_train_005924.jpg,train/masks/nail_train_005924.png,640,640,3,1,JPEG,PNG,23.08,2.18,10193,0.024885
train,train/images/nail_train_005925.jpg,train/masks/nail_train_005925.png,640,640,3,1,JPEG,PNG,34.85,1.64,5073,0.012385
train,train/images/nail_train_005926.jpg,train/masks/nail_train_005926.png,640,640,3,1,JPEG,PNG,26.33,1.6,5068,0.012373
train,train/images/nail_train_005928.jpg,train/masks/nail_train_005928.png,640,640,3,1,JPEG,PNG,33.3,0.64,365,0.000891
train,train/images/nail_train_005929.jpg,train/masks/nail_train_005929.png,640,640,3,1,JPEG,PNG,19.97,1.4,5478,0.013374
train,train/images/nail_train_005930.jpg,train/masks/nail_train_005930.png,640,640,3,1,JPEG,PNG,16.5,1.43,5504,0.013437
train,train/images/nail_train_005931.jpg,train/masks/nail_train_005931.png,640,640,3,1,JPEG,PNG,35.57,1.08,2383,0.005818
train,train/images/nail_train_005932.jpg,train/masks/nail_train_005932.png,640,640,3,1,JPEG,PNG,29.49,1.06,2374,0.005796
train,train/images/nail_train_005933.jpg,train/masks/nail_train_005933.png,640,640,3,1,JPEG,PNG,56.33,0.47,0,0
train,train/images/nail_train_005935.jpg,train/masks/nail_train_005935.png,640,640,3,1,JPEG,PNG,36.02,0.47,0,0
train,train/images/nail_train_005937.jpg,train/masks/nail_train_005937.png,640,640,3,1,JPEG,PNG,35.01,1.5,5762,0.014067
train,train/images/nail_train_005938.jpg,train/masks/nail_train_005938.png,640,640,3,1,JPEG,PNG,50.82,1.41,5767,0.01408
train,train/images/nail_train_005939.jpg,train/masks/nail_train_005939.png,640,640,3,1,JPEG,PNG,46.68,0.98,2500,0.006104
train,train/images/nail_train_005940.jpg,train/masks/nail_train_005940.png,640,640,3,1,JPEG,PNG,42.16,0.99,2499,0.006101
train,train/images/nail_train_005941.jpg,train/masks/nail_train_005941.png,640,640,3,1,JPEG,PNG,27.2,3.32,53344,0.130234
train,train/images/nail_train_005942.jpg,train/masks/nail_train_005942.png,640,640,3,1,JPEG,PNG,26.93,3.12,53300,0.130127
train,train/images/nail_train_005943.jpg,train/masks/nail_train_005943.png,640,640,3,1,JPEG,PNG,49.88,1.78,62450,0.152466
train,train/images/nail_train_005944.jpg,train/masks/nail_train_005944.png,640,640,3,1,JPEG,PNG,39.39,2.36,62724,0.153135
train,train/images/nail_train_005945.jpg,train/masks/nail_train_005945.png,640,640,3,1,JPEG,PNG,48.53,2.48,109765,0.267981
train,train/images/nail_train_005946.jpg,train/masks/nail_train_005946.png,640,640,3,1,JPEG,PNG,38.79,2.41,109465,0.267249
train,train/images/nail_train_005947.jpg,train/masks/nail_train_005947.png,640,640,3,1,JPEG,PNG,36.39,2.4,140824,0.343809
train,train/images/nail_train_005948.jpg,train/masks/nail_train_005948.png,640,640,3,1,JPEG,PNG,27.08,2.29,141254,0.344858
train,train/images/nail_train_005949.jpg,train/masks/nail_train_005949.png,640,640,3,1,JPEG,PNG,33.36,1.37,6401,0.015627
train,train/images/nail_train_005950.jpg,train/masks/nail_train_005950.png,640,640,3,1,JPEG,PNG,33.36,1.38,6315,0.015417
train,train/images/nail_train_005953.jpg,train/masks/nail_train_005953.png,640,640,3,1,JPEG,PNG,30.62,1.88,6279,0.01533
train,train/images/nail_train_005954.jpg,train/masks/nail_train_005954.png,640,640,3,1,JPEG,PNG,31.06,1.39,6406,0.01564
train,train/images/nail_train_005956.jpg,train/masks/nail_train_005956.png,640,640,3,1,JPEG,PNG,27.87,2.52,22760,0.055566
train,train/images/nail_train_005957.jpg,train/masks/nail_train_005957.png,640,640,3,1,JPEG,PNG,21.09,0.7,589,0.001438
train,train/images/nail_train_005958.jpg,train/masks/nail_train_005958.png,640,640,3,1,JPEG,PNG,18.91,0.73,587,0.001433
train,train/images/nail_train_005959.jpg,train/masks/nail_train_005959.png,640,640,3,1,JPEG,PNG,30.51,0.97,2702,0.006597
train,train/images/nail_train_005960.jpg,train/masks/nail_train_005960.png,640,640,3,1,JPEG,PNG,31.82,0.97,2696,0.006582
train,train/images/nail_train_005962.jpg,train/masks/nail_train_005962.png,640,640,3,1,JPEG,PNG,40.69,1.5,7716,0.018838
train,train/images/nail_train_005963.jpg,train/masks/nail_train_005963.png,640,640,3,1,JPEG,PNG,40.69,1.48,7785,0.019006
train,train/images/nail_train_005965.jpg,train/masks/nail_train_005965.png,640,640,3,1,JPEG,PNG,33.84,1.76,7746,0.018911
train,train/images/nail_train_005966.jpg,train/masks/nail_train_005966.png,640,640,3,1,JPEG,PNG,33.45,1.8,7705,0.018811
train,train/images/nail_train_005967.jpg,train/masks/nail_train_005967.png,640,640,3,1,JPEG,PNG,31.46,3.91,47236,0.115322
train,train/images/nail_train_005968.jpg,train/masks/nail_train_005968.png,640,640,3,1,JPEG,PNG,27.94,3.85,47115,0.115027
train,train/images/nail_train_005969.jpg,train/masks/nail_train_005969.png,640,640,3,1,JPEG,PNG,20.66,1.12,2619,0.006394
train,train/images/nail_train_005970.jpg,train/masks/nail_train_005970.png,640,640,3,1,JPEG,PNG,22.12,1.11,2626,0.006411
train,train/images/nail_train_005971.jpg,train/masks/nail_train_005971.png,640,640,3,1,JPEG,PNG,28.59,1.47,5586,0.013638
train,train/images/nail_train_005972.jpg,train/masks/nail_train_005972.png,640,640,3,1,JPEG,PNG,27.47,1.29,5246,0.012808
train,train/images/nail_train_005974.jpg,train/masks/nail_train_005974.png,640,640,3,1,JPEG,PNG,23.9,1.45,51283,0.125203
train,train/images/nail_train_005975.jpg,train/masks/nail_train_005975.png,640,640,3,1,JPEG,PNG,49.32,1.76,67168,0.163984
train,train/images/nail_train_005976.jpg,train/masks/nail_train_005976.png,640,640,3,1,JPEG,PNG,36.58,1.85,66777,0.16303
train,train/images/nail_train_005977.jpg,train/masks/nail_train_005977.png,640,640,3,1,JPEG,PNG,34.83,1.97,87223,0.212947
train,train/images/nail_train_005980.jpg,train/masks/nail_train_005980.png,640,640,3,1,JPEG,PNG,51.47,2,75778,0.185005
train,train/images/nail_train_005981.jpg,train/masks/nail_train_005981.png,640,640,3,1,JPEG,PNG,45.22,3.4,79419,0.193894
train,train/images/nail_train_005982.jpg,train/masks/nail_train_005982.png,640,640,3,1,JPEG,PNG,50.94,3.37,79408,0.193867
train,train/images/nail_train_005983.jpg,train/masks/nail_train_005983.png,640,640,3,1,JPEG,PNG,50.36,2.12,57625,0.140686
train,train/images/nail_train_005984.jpg,train/masks/nail_train_005984.png,640,640,3,1,JPEG,PNG,38.23,2.03,57699,0.140867
train,train/images/nail_train_005985.jpg,train/masks/nail_train_005985.png,640,640,3,1,JPEG,PNG,37.68,1.74,45280,0.110547
train,train/images/nail_train_005986.jpg,train/masks/nail_train_005986.png,640,640,3,1,JPEG,PNG,43.5,1.7,45303,0.110603
train,train/images/nail_train_005987.jpg,train/masks/nail_train_005987.png,640,640,3,1,JPEG,PNG,24.88,2.34,93739,0.228855
train,train/images/nail_train_005988.jpg,train/masks/nail_train_005988.png,640,640,3,1,JPEG,PNG,48.11,2.3,93606,0.22853
train,train/images/nail_train_005989.jpg,train/masks/nail_train_005989.png,640,640,3,1,JPEG,PNG,86.56,2.7,19791,0.048318
train,train/images/nail_train_005990.jpg,train/masks/nail_train_005990.png,640,640,3,1,JPEG,PNG,116.09,2.7,19801,0.048342
train,train/images/nail_train_005992.jpg,train/masks/nail_train_005992.png,640,640,3,1,JPEG,PNG,42.27,1.55,6557,0.016008
train,train/images/nail_train_005993.jpg,train/masks/nail_train_005993.png,640,640,3,1,JPEG,PNG,44.07,2.8,59002,0.144048
train,train/images/nail_train_005994.jpg,train/masks/nail_train_005994.png,640,640,3,1,JPEG,PNG,54.11,3.1,62447,0.152458
train,train/images/nail_train_005995.jpg,train/masks/nail_train_005995.png,640,640,3,1,JPEG,PNG,54.11,3.11,63360,0.154688
train,train/images/nail_train_005996.jpg,train/masks/nail_train_005996.png,640,640,3,1,JPEG,PNG,44.51,2.77,61208,0.149434
train,train/images/nail_train_005998.jpg,train/masks/nail_train_005998.png,640,640,3,1,JPEG,PNG,47.28,3.4,63633,0.155354
train,train/images/nail_train_005999.jpg,train/masks/nail_train_005999.png,640,640,3,1,JPEG,PNG,36.59,3.28,62715,0.153113
train,train/images/nail_train_006001.jpg,train/masks/nail_train_006001.png,640,640,3,1,JPEG,PNG,15.91,3.42,40052,0.097783
train,train/images/nail_train_006002.jpg,train/masks/nail_train_006002.png,640,640,3,1,JPEG,PNG,27.34,3.06,43747,0.106804
train,train/images/nail_train_006003.jpg,train/masks/nail_train_006003.png,640,640,3,1,JPEG,PNG,28.09,3.11,40177,0.098088
train,train/images/nail_train_006004.jpg,train/masks/nail_train_006004.png,640,640,3,1,JPEG,PNG,28.09,3.25,43728,0.106758
train,train/images/nail_train_006005.jpg,train/masks/nail_train_006005.png,640,640,3,1,JPEG,PNG,23.55,3.25,38902,0.094976
train,train/images/nail_train_006007.jpg,train/masks/nail_train_006007.png,640,640,3,1,JPEG,PNG,52.93,3.05,24678,0.060249
train,train/images/nail_train_006008.jpg,train/masks/nail_train_006008.png,640,640,3,1,JPEG,PNG,68.5,3.03,23608,0.057637
train,train/images/nail_train_006009.jpg,train/masks/nail_train_006009.png,640,640,3,1,JPEG,PNG,55.4,2.95,23737,0.057952
train,train/images/nail_train_006010.jpg,train/masks/nail_train_006010.png,640,640,3,1,JPEG,PNG,68.45,2.87,22889,0.055881
train,train/images/nail_train_006011.jpg,train/masks/nail_train_006011.png,640,640,3,1,JPEG,PNG,57.05,2.99,23753,0.057991
train,train/images/nail_train_006012.jpg,train/masks/nail_train_006012.png,640,640,3,1,JPEG,PNG,68.5,2.94,24710,0.060327
train,train/images/nail_train_006013.jpg,train/masks/nail_train_006013.png,640,640,3,1,JPEG,PNG,68.5,2.98,23731,0.057937
train,train/images/nail_train_006015.jpg,train/masks/nail_train_006015.png,640,640,3,1,JPEG,PNG,32.96,2.5,14671,0.035818
train,train/images/nail_train_006016.jpg,train/masks/nail_train_006016.png,640,640,3,1,JPEG,PNG,33.05,2.53,14985,0.036584
train,train/images/nail_train_006017.jpg,train/masks/nail_train_006017.png,640,640,3,1,JPEG,PNG,30.1,2.5,15576,0.038027
train,train/images/nail_train_006018.jpg,train/masks/nail_train_006018.png,640,640,3,1,JPEG,PNG,31.6,2.52,14621,0.035696
train,train/images/nail_train_006019.jpg,train/masks/nail_train_006019.png,640,640,3,1,JPEG,PNG,33.05,2.5,14598,0.03564
train,train/images/nail_train_006020.jpg,train/masks/nail_train_006020.png,640,640,3,1,JPEG,PNG,37.04,2.54,14989,0.036594
train,train/images/nail_train_006021.jpg,train/masks/nail_train_006021.png,640,640,3,1,JPEG,PNG,29.93,2.44,14713,0.03592
train,train/images/nail_train_006022.jpg,train/masks/nail_train_006022.png,640,640,3,1,JPEG,PNG,33.05,2.47,15553,0.037971
train,train/images/nail_train_006023.jpg,train/masks/nail_train_006023.png,640,640,3,1,JPEG,PNG,33.38,2.18,12373,0.030208
train,train/images/nail_train_006024.jpg,train/masks/nail_train_006024.png,640,640,3,1,JPEG,PNG,35.01,2.31,12520,0.030566
train,train/images/nail_train_006025.jpg,train/masks/nail_train_006025.png,640,640,3,1,JPEG,PNG,33.38,2.19,11737,0.028655
train,train/images/nail_train_006026.jpg,train/masks/nail_train_006026.png,640,640,3,1,JPEG,PNG,28,2.2,12457,0.030413
train,train/images/nail_train_006027.jpg,train/masks/nail_train_006027.png,640,640,3,1,JPEG,PNG,33.4,2.2,12555,0.030652
train,train/images/nail_train_006028.jpg,train/masks/nail_train_006028.png,640,640,3,1,JPEG,PNG,32.7,2.22,11719,0.028611
train,train/images/nail_train_006029.jpg,train/masks/nail_train_006029.png,640,640,3,1,JPEG,PNG,48.46,3.32,53019,0.129441
train,train/images/nail_train_006030.jpg,train/masks/nail_train_006030.png,640,640,3,1,JPEG,PNG,48.46,2.54,54760,0.133691
train,train/images/nail_train_006033.jpg,train/masks/nail_train_006033.png,640,640,3,1,JPEG,PNG,48.15,2.45,54725,0.133606
train,train/images/nail_train_006034.jpg,train/masks/nail_train_006034.png,640,640,3,1,JPEG,PNG,58.15,3.3,53829,0.131418
train,train/images/nail_train_006035.jpg,train/masks/nail_train_006035.png,640,640,3,1,JPEG,PNG,74.9,3.73,39582,0.096636
train,train/images/nail_train_006036.jpg,train/masks/nail_train_006036.png,640,640,3,1,JPEG,PNG,58.41,3.54,38223,0.093318
train,train/images/nail_train_006037.jpg,train/masks/nail_train_006037.png,640,640,3,1,JPEG,PNG,74.9,3.73,40198,0.09814
train,train/images/nail_train_006038.jpg,train/masks/nail_train_006038.png,640,640,3,1,JPEG,PNG,52.55,3.7,39958,0.097554
train,train/images/nail_train_006039.jpg,train/masks/nail_train_006039.png,640,640,3,1,JPEG,PNG,56.95,3.4,39467,0.096355
train,train/images/nail_train_006040.jpg,train/masks/nail_train_006040.png,640,640,3,1,JPEG,PNG,74.9,3.47,38120,0.093066
train,train/images/nail_train_006041.jpg,train/masks/nail_train_006041.png,640,640,3,1,JPEG,PNG,59.33,3.73,38182,0.093218
train,train/images/nail_train_006042.jpg,train/masks/nail_train_006042.png,640,640,3,1,JPEG,PNG,74.9,3.49,39305,0.095959
train,train/images/nail_train_006044.jpg,train/masks/nail_train_006044.png,640,640,3,1,JPEG,PNG,39.82,1.98,11178,0.02729
train,train/images/nail_train_006045.jpg,train/masks/nail_train_006045.png,640,640,3,1,JPEG,PNG,39.87,1.97,10912,0.026641
train,train/images/nail_train_006046.jpg,train/masks/nail_train_006046.png,640,640,3,1,JPEG,PNG,41.04,1.93,11161,0.027249
train,train/images/nail_train_006047.jpg,train/masks/nail_train_006047.png,640,640,3,1,JPEG,PNG,39.87,2.06,11643,0.028425
train,train/images/nail_train_006048.jpg,train/masks/nail_train_006048.png,640,640,3,1,JPEG,PNG,31.09,2.05,11669,0.028489
train,train/images/nail_train_006049.jpg,train/masks/nail_train_006049.png,640,640,3,1,JPEG,PNG,30.42,2.26,25019,0.061082
train,train/images/nail_train_006050.jpg,train/masks/nail_train_006050.png,640,640,3,1,JPEG,PNG,30.42,2.26,25648,0.062617
train,train/images/nail_train_006051.jpg,train/masks/nail_train_006051.png,640,640,3,1,JPEG,PNG,30.47,2.31,25052,0.061162
train,train/images/nail_train_006052.jpg,train/masks/nail_train_006052.png,640,640,3,1,JPEG,PNG,31.59,2.92,25663,0.062654
train,train/images/nail_train_006053.jpg,train/masks/nail_train_006053.png,640,640,3,1,JPEG,PNG,31.42,1.88,10837,0.026458
train,train/images/nail_train_006054.jpg,train/masks/nail_train_006054.png,640,640,3,1,JPEG,PNG,30.19,1.82,10759,0.026267
train,train/images/nail_train_006055.jpg,train/masks/nail_train_006055.png,640,640,3,1,JPEG,PNG,28.89,1.88,10715,0.02616
train,train/images/nail_train_006056.jpg,train/masks/nail_train_006056.png,640,640,3,1,JPEG,PNG,30.19,1.86,10818,0.026411
train,train/images/nail_train_006057.jpg,train/masks/nail_train_006057.png,640,640,3,1,JPEG,PNG,47.39,2.33,20601,0.050295
train,train/images/nail_train_006059.jpg,train/masks/nail_train_006059.png,640,640,3,1,JPEG,PNG,36.43,2.26,19826,0.048403
train,train/images/nail_train_006060.jpg,train/masks/nail_train_006060.png,640,640,3,1,JPEG,PNG,42.32,2.42,19504,0.047617
train,train/images/nail_train_006061.jpg,train/masks/nail_train_006061.png,640,640,3,1,JPEG,PNG,43.43,2.51,20648,0.05041
train,train/images/nail_train_006062.jpg,train/masks/nail_train_006062.png,640,640,3,1,JPEG,PNG,47.39,2.3,19492,0.047588
train,train/images/nail_train_006063.jpg,train/masks/nail_train_006063.png,640,640,3,1,JPEG,PNG,30.83,2.02,19219,0.046921
train,train/images/nail_train_006064.jpg,train/masks/nail_train_006064.png,640,640,3,1,JPEG,PNG,30.29,2.29,19194,0.04686
train,train/images/nail_train_006066.jpg,train/masks/nail_train_006066.png,640,640,3,1,JPEG,PNG,30.83,1.94,19223,0.046931
train,train/images/nail_train_006067.jpg,train/masks/nail_train_006067.png,640,640,3,1,JPEG,PNG,28.83,1.71,5416,0.013223
train,train/images/nail_train_006068.jpg,train/masks/nail_train_006068.png,640,640,3,1,JPEG,PNG,30.23,1.68,5425,0.013245
train,train/images/nail_train_006069.jpg,train/masks/nail_train_006069.png,640,640,3,1,JPEG,PNG,32.35,1.13,1326,0.003237
train,train/images/nail_train_006071.jpg,train/masks/nail_train_006071.png,640,640,3,1,JPEG,PNG,29.5,2.12,10725,0.026184
train,train/images/nail_train_006072.jpg,train/masks/nail_train_006072.png,640,640,3,1,JPEG,PNG,32.38,1.67,10360,0.025293
train,train/images/nail_train_006073.jpg,train/masks/nail_train_006073.png,640,640,3,1,JPEG,PNG,37.21,1.7,10347,0.025261
train,train/images/nail_train_006077.jpg,train/masks/nail_train_006077.png,640,640,3,1,JPEG,PNG,29.38,1.57,12857,0.031389
train,train/images/nail_train_006078.jpg,train/masks/nail_train_006078.png,640,640,3,1,JPEG,PNG,25.54,1.91,12364,0.030186
train,train/images/nail_train_006079.jpg,train/masks/nail_train_006079.png,640,640,3,1,JPEG,PNG,34.22,1.34,5343,0.013044
train,train/images/nail_train_006080.jpg,train/masks/nail_train_006080.png,640,640,3,1,JPEG,PNG,32.22,1.36,5352,0.013066
train,train/images/nail_train_006081.jpg,train/masks/nail_train_006081.png,640,640,3,1,JPEG,PNG,40.58,1.21,2872,0.007012
train,train/images/nail_train_006083.jpg,train/masks/nail_train_006083.png,640,640,3,1,JPEG,PNG,32.16,1.48,2024,0.004941
train,train/images/nail_train_006084.jpg,train/masks/nail_train_006084.png,640,640,3,1,JPEG,PNG,29.25,1.5,2013,0.004915
train,train/images/nail_train_006085.jpg,train/masks/nail_train_006085.png,640,640,3,1,JPEG,PNG,36.87,1.19,3925,0.009583
train,train/images/nail_train_006086.jpg,train/masks/nail_train_006086.png,640,640,3,1,JPEG,PNG,46.1,1.18,3931,0.009597
train,train/images/nail_train_006087.jpg,train/masks/nail_train_006087.png,640,640,3,1,JPEG,PNG,25.88,3.37,51315,0.125281
train,train/images/nail_train_006088.jpg,train/masks/nail_train_006088.png,640,640,3,1,JPEG,PNG,26.43,3.37,51267,0.125164
train,train/images/nail_train_006089.jpg,train/masks/nail_train_006089.png,640,640,3,1,JPEG,PNG,29.8,3.54,63569,0.155198
train,train/images/nail_train_006090.jpg,train/masks/nail_train_006090.png,640,640,3,1,JPEG,PNG,33.84,3.56,63512,0.155059
train,train/images/nail_train_006093.jpg,train/masks/nail_train_006093.png,640,640,3,1,JPEG,PNG,29.75,3.28,24292,0.059307
train,train/images/nail_train_006094.jpg,train/masks/nail_train_006094.png,640,640,3,1,JPEG,PNG,30.9,2.9,24320,0.059375
train,train/images/nail_train_006095.jpg,train/masks/nail_train_006095.png,640,640,3,1,JPEG,PNG,28.55,0.47,0,0
train,train/images/nail_train_006096.jpg,train/masks/nail_train_006096.png,640,640,3,1,JPEG,PNG,28.38,0.47,0,0
train,train/images/nail_train_006100.jpg,train/masks/nail_train_006100.png,640,640,3,1,JPEG,PNG,35.83,0.52,97,0.000237
train,train/images/nail_train_006102.jpg,train/masks/nail_train_006102.png,640,640,3,1,JPEG,PNG,30.26,1.21,3513,0.008577
train,train/images/nail_train_006103.jpg,train/masks/nail_train_006103.png,640,640,3,1,JPEG,PNG,87.55,0.47,0,0
train,train/images/nail_train_006104.jpg,train/masks/nail_train_006104.png,640,640,3,1,JPEG,PNG,58.97,0.47,0,0
train,train/images/nail_train_006105.jpg,train/masks/nail_train_006105.png,640,640,3,1,JPEG,PNG,25.72,2.74,31738,0.077485
train,train/images/nail_train_006106.jpg,train/masks/nail_train_006106.png,640,640,3,1,JPEG,PNG,25.78,2.78,31846,0.077749
train,train/images/nail_train_006107.jpg,train/masks/nail_train_006107.png,640,640,3,1,JPEG,PNG,27.59,0.47,0,0
train,train/images/nail_train_006108.jpg,train/masks/nail_train_006108.png,640,640,3,1,JPEG,PNG,29.4,0.47,0,0
train,train/images/nail_train_006109.jpg,train/masks/nail_train_006109.png,640,640,3,1,JPEG,PNG,32.29,1.42,3829,0.009348
train,train/images/nail_train_006110.jpg,train/masks/nail_train_006110.png,640,640,3,1,JPEG,PNG,35.74,1.34,3833,0.009358
train,train/images/nail_train_006111.jpg,train/masks/nail_train_006111.png,640,640,3,1,JPEG,PNG,28.68,2.35,70965,0.173254
train,train/images/nail_train_006112.jpg,train/masks/nail_train_006112.png,640,640,3,1,JPEG,PNG,25.81,2.27,71158,0.173726
train,train/images/nail_train_006113.jpg,train/masks/nail_train_006113.png,640,640,3,1,JPEG,PNG,25.51,0.7,2624,0.006406
train,train/images/nail_train_006114.jpg,train/masks/nail_train_006114.png,640,640,3,1,JPEG,PNG,45.92,0.75,2605,0.00636
train,train/images/nail_train_006115.jpg,train/masks/nail_train_006115.png,640,640,3,1,JPEG,PNG,41.7,0.47,0,0
train,train/images/nail_train_006116.jpg,train/masks/nail_train_006116.png,640,640,3,1,JPEG,PNG,31.04,0.47,0,0
train,train/images/nail_train_006117.jpg,train/masks/nail_train_006117.png,640,640,3,1,JPEG,PNG,45.09,2.02,83469,0.203782
train,train/images/nail_train_006118.jpg,train/masks/nail_train_006118.png,640,640,3,1,JPEG,PNG,52.13,2.11,83279,0.203318
train,train/images/nail_train_006119.jpg,train/masks/nail_train_006119.png,640,640,3,1,JPEG,PNG,38.09,2.08,104941,0.256204
train,train/images/nail_train_006121.jpg,train/masks/nail_train_006121.png,640,640,3,1,JPEG,PNG,49.31,1.64,76212,0.186064
train,train/images/nail_train_006122.jpg,train/masks/nail_train_006122.png,640,640,3,1,JPEG,PNG,45.82,1.68,76002,0.185552
train,train/images/nail_train_006123.jpg,train/masks/nail_train_006123.png,640,640,3,1,JPEG,PNG,30.41,1.44,7940,0.019385
train,train/images/nail_train_006124.jpg,train/masks/nail_train_006124.png,640,640,3,1,JPEG,PNG,30.37,1.32,7436,0.018154
train,train/images/nail_train_006125.jpg,train/masks/nail_train_006125.png,640,640,3,1,JPEG,PNG,28.98,1.39,7455,0.018201
train,train/images/nail_train_006126.jpg,train/masks/nail_train_006126.png,640,640,3,1,JPEG,PNG,25.55,1.71,7945,0.019397
train,train/images/nail_train_006128.jpg,train/masks/nail_train_006128.png,640,640,3,1,JPEG,PNG,28.2,1.8,7926,0.019351
train,train/images/nail_train_006129.jpg,train/masks/nail_train_006129.png,640,640,3,1,JPEG,PNG,24.81,1.54,4439,0.010837
train,train/images/nail_train_006130.jpg,train/masks/nail_train_006130.png,640,640,3,1,JPEG,PNG,26.25,1.47,4424,0.010801
train,train/images/nail_train_006131.jpg,train/masks/nail_train_006131.png,640,640,3,1,JPEG,PNG,34.14,2.05,10148,0.024775
train,train/images/nail_train_006132.jpg,train/masks/nail_train_006132.png,640,640,3,1,JPEG,PNG,31.25,2.23,10168,0.024824
train,train/images/nail_train_006134.jpg,train/masks/nail_train_006134.png,640,640,3,1,JPEG,PNG,46.67,4.08,93341,0.227883
train,train/images/nail_train_006135.jpg,train/masks/nail_train_006135.png,640,640,3,1,JPEG,PNG,42.78,2.14,16987,0.041472
train,train/images/nail_train_006136.jpg,train/masks/nail_train_006136.png,640,640,3,1,JPEG,PNG,35.71,2.41,16990,0.041479
train,train/images/nail_train_006137.jpg,train/masks/nail_train_006137.png,640,640,3,1,JPEG,PNG,31.45,1.35,11803,0.028816
train,train/images/nail_train_006138.jpg,train/masks/nail_train_006138.png,640,640,3,1,JPEG,PNG,33.17,1.21,11794,0.028794
train,train/images/nail_train_006139.jpg,train/masks/nail_train_006139.png,640,640,3,1,JPEG,PNG,18.84,0.91,2013,0.004915
train,train/images/nail_train_006140.jpg,train/masks/nail_train_006140.png,640,640,3,1,JPEG,PNG,18.93,1.13,2015,0.004919
train,train/images/nail_train_006141.jpg,train/masks/nail_train_006141.png,640,640,3,1,JPEG,PNG,38.11,3.3,30694,0.074937
train,train/images/nail_train_006143.jpg,train/masks/nail_train_006143.png,640,640,3,1,JPEG,PNG,38,1.92,14866,0.036294
train,train/images/nail_train_006144.jpg,train/masks/nail_train_006144.png,640,640,3,1,JPEG,PNG,32.25,2.14,14846,0.036245
train,train/images/nail_train_006145.jpg,train/masks/nail_train_006145.png,640,640,3,1,JPEG,PNG,39.7,0.87,3103,0.007576
train,train/images/nail_train_006146.jpg,train/masks/nail_train_006146.png,640,640,3,1,JPEG,PNG,34.09,0.91,2822,0.00689
train,train/images/nail_train_006147.jpg,train/masks/nail_train_006147.png,640,640,3,1,JPEG,PNG,37.78,0.47,0,0
train,train/images/nail_train_006148.jpg,train/masks/nail_train_006148.png,640,640,3,1,JPEG,PNG,34,0.47,0,0
train,train/images/nail_train_006149.jpg,train/masks/nail_train_006149.png,640,640,3,1,JPEG,PNG,37,3.73,76689,0.187229
train,train/images/nail_train_006150.jpg,train/masks/nail_train_006150.png,640,640,3,1,JPEG,PNG,35.99,3.72,76705,0.187268
train,train/images/nail_train_006151.jpg,train/masks/nail_train_006151.png,640,640,3,1,JPEG,PNG,22.65,2.88,47387,0.115691
train,train/images/nail_train_006152.jpg,train/masks/nail_train_006152.png,640,640,3,1,JPEG,PNG,25.96,2.71,47533,0.116047
train,train/images/nail_train_006154.jpg,train/masks/nail_train_006154.png,640,640,3,1,JPEG,PNG,36.41,0.47,0,0
train,train/images/nail_train_006155.jpg,train/masks/nail_train_006155.png,640,640,3,1,JPEG,PNG,36.79,1.7,5294,0.012925
train,train/images/nail_train_006156.jpg,train/masks/nail_train_006156.png,640,640,3,1,JPEG,PNG,40.38,1.58,5301,0.012942
train,train/images/nail_train_006157.jpg,train/masks/nail_train_006157.png,640,640,3,1,JPEG,PNG,35.81,6.04,99947,0.244011
train,train/images/nail_train_006158.jpg,train/masks/nail_train_006158.png,640,640,3,1,JPEG,PNG,40.14,5.47,105756,0.258193
train,train/images/nail_train_006160.jpg,train/masks/nail_train_006160.png,640,640,3,1,JPEG,PNG,45.63,1.22,5104,0.012461
train,train/images/nail_train_006161.jpg,train/masks/nail_train_006161.png,640,640,3,1,JPEG,PNG,32.29,1.44,7142,0.017437
train,train/images/nail_train_006162.jpg,train/masks/nail_train_006162.png,640,640,3,1,JPEG,PNG,31.29,1.49,6950,0.016968
train,train/images/nail_train_006163.jpg,train/masks/nail_train_006163.png,640,640,3,1,JPEG,PNG,28.4,1.59,7942,0.01939
train,train/images/nail_train_006164.jpg,train/masks/nail_train_006164.png,640,640,3,1,JPEG,PNG,31.27,1.45,7141,0.017434
train,train/images/nail_train_006165.jpg,train/masks/nail_train_006165.png,640,640,3,1,JPEG,PNG,27.72,1.57,6955,0.01698
train,train/images/nail_train_006166.jpg,train/masks/nail_train_006166.png,640,640,3,1,JPEG,PNG,31.29,1.6,7951,0.019412
train,train/images/nail_train_006167.jpg,train/masks/nail_train_006167.png,640,640,3,1,JPEG,PNG,24.09,0.91,4651,0.011355
train,train/images/nail_train_006169.jpg,train/masks/nail_train_006169.png,640,640,3,1,JPEG,PNG,21.47,1.6,11402,0.027837
train,train/images/nail_train_006171.jpg,train/masks/nail_train_006171.png,640,640,3,1,JPEG,PNG,29.89,1.77,7710,0.018823
train,train/images/nail_train_006172.jpg,train/masks/nail_train_006172.png,640,640,3,1,JPEG,PNG,23.88,1.94,7745,0.018909
train,train/images/nail_train_006173.jpg,train/masks/nail_train_006173.png,640,640,3,1,JPEG,PNG,28.14,1.85,8474,0.020688
train,train/images/nail_train_006174.jpg,train/masks/nail_train_006174.png,640,640,3,1,JPEG,PNG,25.64,2.15,8422,0.020562
train,train/images/nail_train_006175.jpg,train/masks/nail_train_006175.png,640,640,3,1,JPEG,PNG,38.66,1.83,7247,0.017693
train,train/images/nail_train_006176.jpg,train/masks/nail_train_006176.png,640,640,3,1,JPEG,PNG,32.28,1.7,6937,0.016936
train,train/images/nail_train_006178.jpg,train/masks/nail_train_006178.png,640,640,3,1,JPEG,PNG,18.16,1.58,10116,0.024697
train,train/images/nail_train_006179.jpg,train/masks/nail_train_006179.png,640,640,3,1,JPEG,PNG,28.4,1.58,8638,0.021089
train,train/images/nail_train_006180.jpg,train/masks/nail_train_006180.png,640,640,3,1,JPEG,PNG,31.2,1.66,8668,0.021162
train,train/images/nail_train_006182.jpg,train/masks/nail_train_006182.png,640,640,3,1,JPEG,PNG,34.29,1.67,9707,0.023699
train,train/images/nail_train_006183.jpg,train/masks/nail_train_006183.png,640,640,3,1,JPEG,PNG,28.42,2.15,14794,0.036118
train,train/images/nail_train_006184.jpg,train/masks/nail_train_006184.png,640,640,3,1,JPEG,PNG,29.09,1.96,14729,0.035959
train,train/images/nail_train_006185.jpg,train/masks/nail_train_006185.png,640,640,3,1,JPEG,PNG,23.89,2.2,12272,0.029961
train,train/images/nail_train_006189.jpg,train/masks/nail_train_006189.png,640,640,3,1,JPEG,PNG,23.77,2.1,13225,0.032288
train,train/images/nail_train_006190.jpg,train/masks/nail_train_006190.png,640,640,3,1,JPEG,PNG,22.04,2.19,13150,0.032104
train,train/images/nail_train_006192.jpg,train/masks/nail_train_006192.png,640,640,3,1,JPEG,PNG,27.04,1.53,8676,0.021182
train,train/images/nail_train_006197.jpg,train/masks/nail_train_006197.png,640,640,3,1,JPEG,PNG,23.35,1.62,9080,0.022168
train,train/images/nail_train_006198.jpg,train/masks/nail_train_006198.png,640,640,3,1,JPEG,PNG,24.85,1.52,9114,0.022251
train,train/images/nail_train_006199.jpg,train/masks/nail_train_006199.png,640,640,3,1,JPEG,PNG,25.32,1.5,8283,0.020222
train,train/images/nail_train_006200.jpg,train/masks/nail_train_006200.png,640,640,3,1,JPEG,PNG,27.41,1.53,8260,0.020166
train,train/images/nail_train_006202.jpg,train/masks/nail_train_006202.png,640,640,3,1,JPEG,PNG,20.73,1.73,7394,0.018052
train,train/images/nail_train_006203.jpg,train/masks/nail_train_006203.png,640,640,3,1,JPEG,PNG,22.13,0.86,1826,0.004458
train,train/images/nail_train_006204.jpg,train/masks/nail_train_006204.png,640,640,3,1,JPEG,PNG,18.89,0.87,1826,0.004458
train,train/images/nail_train_006205.jpg,train/masks/nail_train_006205.png,640,640,3,1,JPEG,PNG,23.69,2.24,21686,0.052944
train,train/images/nail_train_006206.jpg,train/masks/nail_train_006206.png,640,640,3,1,JPEG,PNG,21.24,2.18,21592,0.052715
train,train/images/nail_train_006207.jpg,train/masks/nail_train_006207.png,640,640,3,1,JPEG,PNG,22.68,2.45,26740,0.065283
train,train/images/nail_train_006208.jpg,train/masks/nail_train_006208.png,640,640,3,1,JPEG,PNG,24.38,2.7,25998,0.063472
train,train/images/nail_train_006209.jpg,train/masks/nail_train_006209.png,640,640,3,1,JPEG,PNG,34.4,1.95,14333,0.034993
train,train/images/nail_train_006210.jpg,train/masks/nail_train_006210.png,640,640,3,1,JPEG,PNG,32.09,1.59,14402,0.035161
train,train/images/nail_train_006211.jpg,train/masks/nail_train_006211.png,640,640,3,1,JPEG,PNG,32.54,2.01,13499,0.032957
train,train/images/nail_train_006212.jpg,train/masks/nail_train_006212.png,640,640,3,1,JPEG,PNG,34.18,1.94,13487,0.032927
train,train/images/nail_train_006213.jpg,train/masks/nail_train_006213.png,640,640,3,1,JPEG,PNG,35.47,2.21,16821,0.041067
train,train/images/nail_train_006215.jpg,train/masks/nail_train_006215.png,640,640,3,1,JPEG,PNG,33.51,0.84,1975,0.004822
train,train/images/nail_train_006216.jpg,train/masks/nail_train_006216.png,640,640,3,1,JPEG,PNG,32.02,0.82,1975,0.004822
train,train/images/nail_train_006217.jpg,train/masks/nail_train_006217.png,640,640,3,1,JPEG,PNG,33.92,1.92,14297,0.034905
train,train/images/nail_train_006218.jpg,train/masks/nail_train_006218.png,640,640,3,1,JPEG,PNG,35.36,2,14254,0.0348
train,train/images/nail_train_006220.jpg,train/masks/nail_train_006220.png,640,640,3,1,JPEG,PNG,27.07,2.45,21977,0.053655
train,train/images/nail_train_006222.jpg,train/masks/nail_train_006222.png,640,640,3,1,JPEG,PNG,24.95,2.73,23077,0.05634
train,train/images/nail_train_006223.jpg,train/masks/nail_train_006223.png,640,640,3,1,JPEG,PNG,18.77,1.85,14459,0.0353
train,train/images/nail_train_006224.jpg,train/masks/nail_train_006224.png,640,640,3,1,JPEG,PNG,16.76,1.86,14438,0.035249
train,train/images/nail_train_006225.jpg,train/masks/nail_train_006225.png,640,640,3,1,JPEG,PNG,19.47,1.85,12732,0.031084
train,train/images/nail_train_006227.jpg,train/masks/nail_train_006227.png,640,640,3,1,JPEG,PNG,31.98,1.49,7097,0.017327
train,train/images/nail_train_006228.jpg,train/masks/nail_train_006228.png,640,640,3,1,JPEG,PNG,34.52,1.27,7612,0.018584
train,train/images/nail_train_006230.jpg,train/masks/nail_train_006230.png,640,640,3,1,JPEG,PNG,34.53,2.32,12993,0.031721
train,train/images/nail_train_006232.jpg,train/masks/nail_train_006232.png,640,640,3,1,JPEG,PNG,33.29,0.9,4235,0.010339
train,train/images/nail_train_006233.jpg,train/masks/nail_train_006233.png,640,640,3,1,JPEG,PNG,29.53,1.31,10934,0.026694
train,train/images/nail_train_006235.jpg,train/masks/nail_train_006235.png,640,640,3,1,JPEG,PNG,30.23,1.64,11852,0.028936
train,train/images/nail_train_006236.jpg,train/masks/nail_train_006236.png,640,640,3,1,JPEG,PNG,32.38,2.18,11839,0.028904
train,train/images/nail_train_006237.jpg,train/masks/nail_train_006237.png,640,640,3,1,JPEG,PNG,30.62,1.74,14434,0.035239
train,train/images/nail_train_006238.jpg,train/masks/nail_train_006238.png,640,640,3,1,JPEG,PNG,28.39,1.62,14412,0.035186
train,train/images/nail_train_006239.jpg,train/masks/nail_train_006239.png,640,640,3,1,JPEG,PNG,22.46,1.99,13648,0.03332
train,train/images/nail_train_006240.jpg,train/masks/nail_train_006240.png,640,640,3,1,JPEG,PNG,23.23,1.96,13562,0.03311
train,train/images/nail_train_006241.jpg,train/masks/nail_train_006241.png,640,640,3,1,JPEG,PNG,20.9,1.66,7012,0.017119
train,train/images/nail_train_006242.jpg,train/masks/nail_train_006242.png,640,640,3,1,JPEG,PNG,20.28,1.67,7033,0.01717
train,train/images/nail_train_006243.jpg,train/masks/nail_train_006243.png,640,640,3,1,JPEG,PNG,21.34,1.73,7243,0.017683
train,train/images/nail_train_006244.jpg,train/masks/nail_train_006244.png,640,640,3,1,JPEG,PNG,20.29,1.71,7217,0.01762
train,train/images/nail_train_006245.jpg,train/masks/nail_train_006245.png,640,640,3,1,JPEG,PNG,20.74,1.59,7090,0.01731
train,train/images/nail_train_006246.jpg,train/masks/nail_train_006246.png,640,640,3,1,JPEG,PNG,19.86,1.65,7108,0.017354
train,train/images/nail_train_006247.jpg,train/masks/nail_train_006247.png,640,640,3,1,JPEG,PNG,23.26,0.86,4155,0.010144
train,train/images/nail_train_006248.jpg,train/masks/nail_train_006248.png,640,640,3,1,JPEG,PNG,22.04,0.82,4151,0.010134
train,train/images/nail_train_006249.jpg,train/masks/nail_train_006249.png,640,640,3,1,JPEG,PNG,29.84,1.55,5214,0.012729
train,train/images/nail_train_006250.jpg,train/masks/nail_train_006250.png,640,640,3,1,JPEG,PNG,32.54,1.54,5231,0.012771
train,train/images/nail_train_006252.jpg,train/masks/nail_train_006252.png,640,640,3,1,JPEG,PNG,33.28,1.4,4824,0.011777
train,train/images/nail_train_006253.jpg,train/masks/nail_train_006253.png,640,640,3,1,JPEG,PNG,26.3,1.64,6391,0.015603
train,train/images/nail_train_006254.jpg,train/masks/nail_train_006254.png,640,640,3,1,JPEG,PNG,28.28,1.71,6387,0.015593
train,train/images/nail_train_006255.jpg,train/masks/nail_train_006255.png,640,640,3,1,JPEG,PNG,31.57,1.72,6345,0.015491
train,train/images/nail_train_006257.jpg,train/masks/nail_train_006257.png,640,640,3,1,JPEG,PNG,29.24,1.32,4156,0.010146
train,train/images/nail_train_006258.jpg,train/masks/nail_train_006258.png,640,640,3,1,JPEG,PNG,32.65,1.3,4148,0.010127
train,train/images/nail_train_006259.jpg,train/masks/nail_train_006259.png,640,640,3,1,JPEG,PNG,23.22,1.5,5450,0.013306
train,train/images/nail_train_006260.jpg,train/masks/nail_train_006260.png,640,640,3,1,JPEG,PNG,29.28,1.57,5487,0.013396
train,train/images/nail_train_006261.jpg,train/masks/nail_train_006261.png,640,640,3,1,JPEG,PNG,31.84,1.4,5398,0.013179
train,train/images/nail_train_006262.jpg,train/masks/nail_train_006262.png,640,640,3,1,JPEG,PNG,29.6,1.52,5400,0.013184
train,train/images/nail_train_006263.jpg,train/masks/nail_train_006263.png,640,640,3,1,JPEG,PNG,26.8,1.45,4369,0.010667
train,train/images/nail_train_006264.jpg,train/masks/nail_train_006264.png,640,640,3,1,JPEG,PNG,30.9,1.43,4359,0.010642
train,train/images/nail_train_006265.jpg,train/masks/nail_train_006265.png,640,640,3,1,JPEG,PNG,30.74,1.92,11874,0.028989
train,train/images/nail_train_006266.jpg,train/masks/nail_train_006266.png,640,640,3,1,JPEG,PNG,28.93,1.7,11874,0.028989
train,train/images/nail_train_006267.jpg,train/masks/nail_train_006267.png,640,640,3,1,JPEG,PNG,28.58,2.18,15957,0.038958
train,train/images/nail_train_006269.jpg,train/masks/nail_train_006269.png,640,640,3,1,JPEG,PNG,30.85,2.04,13398,0.03271
train,train/images/nail_train_006270.jpg,train/masks/nail_train_006270.png,640,640,3,1,JPEG,PNG,31.56,2.29,13405,0.032727
train,train/images/nail_train_006271.jpg,train/masks/nail_train_006271.png,640,640,3,1,JPEG,PNG,32.11,1.97,11417,0.027874
train,train/images/nail_train_006272.jpg,train/masks/nail_train_006272.png,640,640,3,1,JPEG,PNG,32.33,1.88,11326,0.027651
train,train/images/nail_train_006274.jpg,train/masks/nail_train_006274.png,640,640,3,1,JPEG,PNG,27.01,1.54,8816,0.021523
train,train/images/nail_train_006275.jpg,train/masks/nail_train_006275.png,640,640,3,1,JPEG,PNG,28.37,0.65,953,0.002327
train,train/images/nail_train_006276.jpg,train/masks/nail_train_006276.png,640,640,3,1,JPEG,PNG,27.89,0.65,952,0.002324
train,train/images/nail_train_006277.jpg,train/masks/nail_train_006277.png,640,640,3,1,JPEG,PNG,30.82,0.66,1072,0.002617
train,train/images/nail_train_006278.jpg,train/masks/nail_train_006278.png,640,640,3,1,JPEG,PNG,29.39,0.66,1072,0.002617
train,train/images/nail_train_006279.jpg,train/masks/nail_train_006279.png,640,640,3,1,JPEG,PNG,33.68,1.22,4445,0.010852
train,train/images/nail_train_006280.jpg,train/masks/nail_train_006280.png,640,640,3,1,JPEG,PNG,33.89,1.06,4063,0.009919
train,train/images/nail_train_006281.jpg,train/masks/nail_train_006281.png,640,640,3,1,JPEG,PNG,26.34,1.36,6852,0.016729
train,train/images/nail_train_006282.jpg,train/masks/nail_train_006282.png,640,640,3,1,JPEG,PNG,26.36,1.28,6860,0.016748
train,train/images/nail_train_006283.jpg,train/masks/nail_train_006283.png,640,640,3,1,JPEG,PNG,29.87,0.66,879,0.002146
train,train/images/nail_train_006284.jpg,train/masks/nail_train_006284.png,640,640,3,1,JPEG,PNG,29.09,0.64,892,0.002178
train,train/images/nail_train_006285.jpg,train/masks/nail_train_006285.png,640,640,3,1,JPEG,PNG,28.34,0.93,6569,0.016038
train,train/images/nail_train_006286.jpg,train/masks/nail_train_006286.png,640,640,3,1,JPEG,PNG,29.64,0.96,6568,0.016035
train,train/images/nail_train_006287.jpg,train/masks/nail_train_006287.png,640,640,3,1,JPEG,PNG,28.25,0.97,3769,0.009202
train,train/images/nail_train_006288.jpg,train/masks/nail_train_006288.png,640,640,3,1,JPEG,PNG,28.19,0.99,3762,0.009185
train,train/images/nail_train_006289.jpg,train/masks/nail_train_006289.png,640,640,3,1,JPEG,PNG,29.37,1.3,7644,0.018662
train,train/images/nail_train_006291.jpg,train/masks/nail_train_006291.png,640,640,3,1,JPEG,PNG,30.79,1.36,4588,0.011201
train,train/images/nail_train_006292.jpg,train/masks/nail_train_006292.png,640,640,3,1,JPEG,PNG,28.08,1.34,4624,0.011289
train,train/images/nail_train_006293.jpg,train/masks/nail_train_006293.png,640,640,3,1,JPEG,PNG,34.25,1.37,6550,0.015991
train,train/images/nail_train_006294.jpg,train/masks/nail_train_006294.png,640,640,3,1,JPEG,PNG,33.45,1.54,6550,0.015991
train,train/images/nail_train_006295.jpg,train/masks/nail_train_006295.png,640,640,3,1,JPEG,PNG,34.55,0.71,1819,0.004441
train,train/images/nail_train_006296.jpg,train/masks/nail_train_006296.png,640,640,3,1,JPEG,PNG,31.53,0.75,1820,0.004443
train,train/images/nail_train_006297.jpg,train/masks/nail_train_006297.png,640,640,3,1,JPEG,PNG,34.01,0.89,2493,0.006086
train,train/images/nail_train_006298.jpg,train/masks/nail_train_006298.png,640,640,3,1,JPEG,PNG,30.67,1.08,2488,0.006074
train,train/images/nail_train_006299.jpg,train/masks/nail_train_006299.png,640,640,3,1,JPEG,PNG,29.69,1.19,7317,0.017864
train,train/images/nail_train_006300.jpg,train/masks/nail_train_006300.png,640,640,3,1,JPEG,PNG,31.42,1.23,7314,0.017856
train,train/images/nail_train_006301.jpg,train/masks/nail_train_006301.png,640,640,3,1,JPEG,PNG,25.86,1.52,4281,0.010452
train,train/images/nail_train_006302.jpg,train/masks/nail_train_006302.png,640,640,3,1,JPEG,PNG,25.01,1.35,4270,0.010425
train,train/images/nail_train_006303.jpg,train/masks/nail_train_006303.png,640,640,3,1,JPEG,PNG,28.36,1.08,3058,0.007466
train,train/images/nail_train_006305.jpg,train/masks/nail_train_006305.png,640,640,3,1,JPEG,PNG,25.78,1.37,5172,0.012627
train,train/images/nail_train_006306.jpg,train/masks/nail_train_006306.png,640,640,3,1,JPEG,PNG,24.76,1.33,5178,0.012642
train,train/images/nail_train_006307.jpg,train/masks/nail_train_006307.png,640,640,3,1,JPEG,PNG,27.24,1.54,6964,0.017002
train,train/images/nail_train_006308.jpg,train/masks/nail_train_006308.png,640,640,3,1,JPEG,PNG,26.39,1.9,6937,0.016936
train,train/images/nail_train_006309.jpg,train/masks/nail_train_006309.png,640,640,3,1,JPEG,PNG,28.98,1.56,8984,0.021934
train,train/images/nail_train_006310.jpg,train/masks/nail_train_006310.png,640,640,3,1,JPEG,PNG,22.96,1.75,8982,0.021929
train,train/images/nail_train_006311.jpg,train/masks/nail_train_006311.png,640,640,3,1,JPEG,PNG,28.81,1.29,7355,0.017957
train,train/images/nail_train_006313.jpg,train/masks/nail_train_006313.png,640,640,3,1,JPEG,PNG,23.96,1.47,7099,0.017332
train,train/images/nail_train_006315.jpg,train/masks/nail_train_006315.png,640,640,3,1,JPEG,PNG,28.91,1.99,9772,0.023857
train,train/images/nail_train_006316.jpg,train/masks/nail_train_006316.png,640,640,3,1,JPEG,PNG,27.48,1.72,9811,0.023953
train,train/images/nail_train_006317.jpg,train/masks/nail_train_006317.png,640,640,3,1,JPEG,PNG,21.88,1.62,8066,0.019692
train,train/images/nail_train_006318.jpg,train/masks/nail_train_006318.png,640,640,3,1,JPEG,PNG,27.03,1.34,8066,0.019692
train,train/images/nail_train_006319.jpg,train/masks/nail_train_006319.png,640,640,3,1,JPEG,PNG,25.46,1.8,9236,0.022549
train,train/images/nail_train_006320.jpg,train/masks/nail_train_006320.png,640,640,3,1,JPEG,PNG,27.71,1.58,9606,0.023452
train,train/images/nail_train_006322.jpg,train/masks/nail_train_006322.png,640,640,3,1,JPEG,PNG,27.97,1.42,8139,0.019871
train,train/images/nail_train_006323.jpg,train/masks/nail_train_006323.png,640,640,3,1,JPEG,PNG,23.34,1.21,8598,0.020991
train,train/images/nail_train_006324.jpg,train/masks/nail_train_006324.png,640,640,3,1,JPEG,PNG,25.61,1.25,8622,0.02105
train,train/images/nail_train_006325.jpg,train/masks/nail_train_006325.png,640,640,3,1,JPEG,PNG,24.94,2.16,12421,0.030325
train,train/images/nail_train_006327.jpg,train/masks/nail_train_006327.png,640,640,3,1,JPEG,PNG,29.36,1.34,2144,0.005234
train,train/images/nail_train_006328.jpg,train/masks/nail_train_006328.png,640,640,3,1,JPEG,PNG,30.13,1.13,2138,0.00522
train,train/images/nail_train_006329.jpg,train/masks/nail_train_006329.png,640,640,3,1,JPEG,PNG,30.07,0.9,1565,0.003821
train,train/images/nail_train_006330.jpg,train/masks/nail_train_006330.png,640,640,3,1,JPEG,PNG,25.58,0.97,1564,0.003818
train,train/images/nail_train_006332.jpg,train/masks/nail_train_006332.png,640,640,3,1,JPEG,PNG,42.87,1.52,7044,0.017197
train,train/images/nail_train_006334.jpg,train/masks/nail_train_006334.png,640,640,3,1,JPEG,PNG,37.47,1.47,8029,0.019602
train,train/images/nail_train_006335.jpg,train/masks/nail_train_006335.png,640,640,3,1,JPEG,PNG,34.8,1.58,7477,0.018254
train,train/images/nail_train_006336.jpg,train/masks/nail_train_006336.png,640,640,3,1,JPEG,PNG,37.59,1.54,7468,0.018232
train,train/images/nail_train_006337.jpg,train/masks/nail_train_006337.png,640,640,3,1,JPEG,PNG,38.29,1.33,5258,0.012837
train,train/images/nail_train_006339.jpg,train/masks/nail_train_006339.png,640,640,3,1,JPEG,PNG,38.21,1.34,4821,0.01177
train,train/images/nail_train_006340.jpg,train/masks/nail_train_006340.png,640,640,3,1,JPEG,PNG,30.77,1.42,4822,0.011772
train,train/images/nail_train_006341.jpg,train/masks/nail_train_006341.png,640,640,3,1,JPEG,PNG,44.31,1.33,5814,0.014194
train,train/images/nail_train_006343.jpg,train/masks/nail_train_006343.png,640,640,3,1,JPEG,PNG,34.23,2.31,28044,0.068467
train,train/images/nail_train_006344.jpg,train/masks/nail_train_006344.png,640,640,3,1,JPEG,PNG,39.29,2.48,27928,0.068184
train,train/images/nail_train_006345.jpg,train/masks/nail_train_006345.png,640,640,3,1,JPEG,PNG,41.61,1.19,8512,0.020781
train,train/images/nail_train_006346.jpg,train/masks/nail_train_006346.png,640,640,3,1,JPEG,PNG,49.52,1.15,8537,0.020842
train,train/images/nail_train_006349.jpg,train/masks/nail_train_006349.png,640,640,3,1,JPEG,PNG,29.53,0.79,2977,0.007268
train,train/images/nail_train_006350.jpg,train/masks/nail_train_006350.png,640,640,3,1,JPEG,PNG,29.77,0.86,2970,0.007251
train,train/images/nail_train_006351.jpg,train/masks/nail_train_006351.png,640,640,3,1,JPEG,PNG,27.99,1.42,9024,0.022031
train,train/images/nail_train_006352.jpg,train/masks/nail_train_006352.png,640,640,3,1,JPEG,PNG,27.72,1.69,9016,0.022012
train,train/images/nail_train_006353.jpg,train/masks/nail_train_006353.png,640,640,3,1,JPEG,PNG,27.56,1.73,10859,0.026511
train,train/images/nail_train_006354.jpg,train/masks/nail_train_006354.png,640,640,3,1,JPEG,PNG,31.23,2.22,10822,0.026421
train,train/images/nail_train_006355.jpg,train/masks/nail_train_006355.png,640,640,3,1,JPEG,PNG,27.27,1.53,11540,0.028174
train,train/images/nail_train_006356.jpg,train/masks/nail_train_006356.png,640,640,3,1,JPEG,PNG,26.38,1.32,11464,0.027988
train,train/images/nail_train_006357.jpg,train/masks/nail_train_006357.png,640,640,3,1,JPEG,PNG,35.28,1.73,8699,0.021238
train,train/images/nail_train_006358.jpg,train/masks/nail_train_006358.png,640,640,3,1,JPEG,PNG,31.29,1.71,8722,0.021294
train,train/images/nail_train_006359.jpg,train/masks/nail_train_006359.png,640,640,3,1,JPEG,PNG,25.38,2.66,80756,0.197158
train,train/images/nail_train_006361.jpg,train/masks/nail_train_006361.png,640,640,3,1,JPEG,PNG,20.67,1.65,70910,0.17312
train,train/images/nail_train_006362.jpg,train/masks/nail_train_006362.png,640,640,3,1,JPEG,PNG,19.7,1.64,70940,0.173193
train,train/images/nail_train_006363.jpg,train/masks/nail_train_006363.png,640,640,3,1,JPEG,PNG,31.47,4.76,64853,0.158333
train,train/images/nail_train_006364.jpg,train/masks/nail_train_006364.png,640,640,3,1,JPEG,PNG,34.72,4.85,66229,0.161692
train,train/images/nail_train_006365.jpg,train/masks/nail_train_006365.png,640,640,3,1,JPEG,PNG,20.38,2.67,232677,0.568059
train,train/images/nail_train_006367.jpg,train/masks/nail_train_006367.png,640,640,3,1,JPEG,PNG,31.18,3.07,27990,0.068335
train,train/images/nail_train_006368.jpg,train/masks/nail_train_006368.png,640,640,3,1,JPEG,PNG,27.95,2.99,28021,0.068411
train,train/images/nail_train_006369.jpg,train/masks/nail_train_006369.png,640,640,3,1,JPEG,PNG,28.42,2.67,15584,0.038047
train,train/images/nail_train_006370.jpg,train/masks/nail_train_006370.png,640,640,3,1,JPEG,PNG,31.83,2.84,15605,0.038098
train,train/images/nail_train_006371.jpg,train/masks/nail_train_006371.png,640,640,3,1,JPEG,PNG,44.36,2.23,10699,0.026121
train,train/images/nail_train_006372.jpg,train/masks/nail_train_006372.png,640,640,3,1,JPEG,PNG,42.78,2.23,10708,0.026143
train,train/images/nail_train_006373.jpg,train/masks/nail_train_006373.png,640,640,3,1,JPEG,PNG,35.45,1.21,1764,0.004307
train,train/images/nail_train_006375.jpg,train/masks/nail_train_006375.png,640,640,3,1,JPEG,PNG,32.63,1.47,6010,0.014673
train,train/images/nail_train_006376.jpg,train/masks/nail_train_006376.png,640,640,3,1,JPEG,PNG,30.3,1.66,6031,0.014724
train,train/images/nail_train_006377.jpg,train/masks/nail_train_006377.png,640,640,3,1,JPEG,PNG,20.64,1.33,3936,0.009609
train,train/images/nail_train_006378.jpg,train/masks/nail_train_006378.png,640,640,3,1,JPEG,PNG,19.22,1.26,3939,0.009617
train,train/images/nail_train_006379.jpg,train/masks/nail_train_006379.png,640,640,3,1,JPEG,PNG,23.38,1.44,4690,0.01145
train,train/images/nail_train_006380.jpg,train/masks/nail_train_006380.png,640,640,3,1,JPEG,PNG,24.11,1.39,4704,0.011484
train,train/images/nail_train_006381.jpg,train/masks/nail_train_006381.png,640,640,3,1,JPEG,PNG,27.83,2.12,15967,0.038982
train,train/images/nail_train_006383.jpg,train/masks/nail_train_006383.png,640,640,3,1,JPEG,PNG,29.8,1.91,9579,0.023386
train,train/images/nail_train_006384.jpg,train/masks/nail_train_006384.png,640,640,3,1,JPEG,PNG,33.39,1.91,10456,0.025527
train,train/images/nail_train_006386.jpg,train/masks/nail_train_006386.png,640,640,3,1,JPEG,PNG,34.95,1.21,5041,0.012307
train,train/images/nail_train_006387.jpg,train/masks/nail_train_006387.png,640,640,3,1,JPEG,PNG,26.57,1.59,7573,0.018489
train,train/images/nail_train_006388.jpg,train/masks/nail_train_006388.png,640,640,3,1,JPEG,PNG,25.03,1.51,7579,0.018503
train,train/images/nail_train_006389.jpg,train/masks/nail_train_006389.png,640,640,3,1,JPEG,PNG,23.38,3.43,61318,0.149702
train,train/images/nail_train_006390.jpg,train/masks/nail_train_006390.png,640,640,3,1,JPEG,PNG,25.4,3.37,61615,0.150427
train,train/images/nail_train_006391.jpg,train/masks/nail_train_006391.png,640,640,3,1,JPEG,PNG,15.74,1.02,3712,0.009062
train,train/images/nail_train_006392.jpg,train/masks/nail_train_006392.png,640,640,3,1,JPEG,PNG,14.96,1.01,3725,0.009094
train,train/images/nail_train_006393.jpg,train/masks/nail_train_006393.png,640,640,3,1,JPEG,PNG,17.47,1.32,2180,0.005322
train,train/images/nail_train_006394.jpg,train/masks/nail_train_006394.png,640,640,3,1,JPEG,PNG,19.01,1.36,2195,0.005359
train,train/images/nail_train_006395.jpg,train/masks/nail_train_006395.png,640,640,3,1,JPEG,PNG,36.42,2.22,10589,0.025852
train,train/images/nail_train_006396.jpg,train/masks/nail_train_006396.png,640,640,3,1,JPEG,PNG,31.34,2.28,10579,0.025828
train,train/images/nail_train_006397.jpg,train/masks/nail_train_006397.png,640,640,3,1,JPEG,PNG,33.79,1.5,4995,0.012195
train,train/images/nail_train_006398.jpg,train/masks/nail_train_006398.png,640,640,3,1,JPEG,PNG,24.42,1.5,4988,0.012178
train,train/images/nail_train_006399.jpg,train/masks/nail_train_006399.png,640,640,3,1,JPEG,PNG,16.59,1.33,5144,0.012559
train,train/images/nail_train_006400.jpg,train/masks/nail_train_006400.png,640,640,3,1,JPEG,PNG,21.23,1.23,5144,0.012559
train,train/images/nail_train_006401.jpg,train/masks/nail_train_006401.png,640,640,3,1,JPEG,PNG,25.79,2.31,36319,0.088669
train,train/images/nail_train_006403.jpg,train/masks/nail_train_006403.png,640,640,3,1,JPEG,PNG,23.64,2.02,7994,0.019517
train,train/images/nail_train_006405.jpg,train/masks/nail_train_006405.png,640,640,3,1,JPEG,PNG,46.06,1.31,7798,0.019038
train,train/images/nail_train_006406.jpg,train/masks/nail_train_006406.png,640,640,3,1,JPEG,PNG,42.58,1.45,7774,0.018979
train,train/images/nail_train_006407.jpg,train/masks/nail_train_006407.png,640,640,3,1,JPEG,PNG,54.81,1.89,10972,0.026787
train,train/images/nail_train_006408.jpg,train/masks/nail_train_006408.png,640,640,3,1,JPEG,PNG,64.27,1.86,10938,0.026704
train,train/images/nail_train_006409.jpg,train/masks/nail_train_006409.png,640,640,3,1,JPEG,PNG,18.4,1.95,10152,0.024785
train,train/images/nail_train_006410.jpg,train/masks/nail_train_006410.png,640,640,3,1,JPEG,PNG,25.03,1.87,10057,0.024553
train,train/images/nail_train_006411.jpg,train/masks/nail_train_006411.png,640,640,3,1,JPEG,PNG,30.96,1.32,3230,0.007886
train,train/images/nail_train_006413.jpg,train/masks/nail_train_006413.png,640,640,3,1,JPEG,PNG,25.1,2.1,23920,0.058398
train,train/images/nail_train_006414.jpg,train/masks/nail_train_006414.png,640,640,3,1,JPEG,PNG,27.87,2.65,23915,0.058386
train,train/images/nail_train_006415.jpg,train/masks/nail_train_006415.png,640,640,3,1,JPEG,PNG,22.12,1.31,3403,0.008308
train,train/images/nail_train_006418.jpg,train/masks/nail_train_006418.png,640,640,3,1,JPEG,PNG,27.15,1.72,6636,0.016201
train,train/images/nail_train_006419.jpg,train/masks/nail_train_006419.png,640,640,3,1,JPEG,PNG,32.74,2.49,13805,0.033704
train,train/images/nail_train_006420.jpg,train/masks/nail_train_006420.png,640,640,3,1,JPEG,PNG,34.65,2.27,13819,0.033738
train,train/images/nail_train_006421.jpg,train/masks/nail_train_006421.png,640,640,3,1,JPEG,PNG,34.19,1.51,5197,0.012688
train,train/images/nail_train_006422.jpg,train/masks/nail_train_006422.png,640,640,3,1,JPEG,PNG,32.61,1.51,5167,0.012615
train,train/images/nail_train_006423.jpg,train/masks/nail_train_006423.png,640,640,3,1,JPEG,PNG,31.29,2.29,12768,0.031172
train,train/images/nail_train_006424.jpg,train/masks/nail_train_006424.png,640,640,3,1,JPEG,PNG,31.93,2.21,12737,0.031096
train,train/images/nail_train_006426.jpg,train/masks/nail_train_006426.png,640,640,3,1,JPEG,PNG,34.26,1.61,6477,0.015813
train,train/images/nail_train_006428.jpg,train/masks/nail_train_006428.png,640,640,3,1,JPEG,PNG,30.1,2.21,14362,0.035063
train,train/images/nail_train_006429.jpg,train/masks/nail_train_006429.png,640,640,3,1,JPEG,PNG,44.67,2.05,8580,0.020947
train,train/images/nail_train_006430.jpg,train/masks/nail_train_006430.png,640,640,3,1,JPEG,PNG,43.15,2.1,8578,0.020942
train,train/images/nail_train_006431.jpg,train/masks/nail_train_006431.png,640,640,3,1,JPEG,PNG,36.59,1.62,11359,0.027732
train,train/images/nail_train_006433.jpg,train/masks/nail_train_006433.png,640,640,3,1,JPEG,PNG,19.94,1.63,7040,0.017188
train,train/images/nail_train_006434.jpg,train/masks/nail_train_006434.png,640,640,3,1,JPEG,PNG,22.12,1.7,7025,0.017151
train,train/images/nail_train_006435.jpg,train/masks/nail_train_006435.png,640,640,3,1,JPEG,PNG,36.09,0.92,1922,0.004692
train,train/images/nail_train_006436.jpg,train/masks/nail_train_006436.png,640,640,3,1,JPEG,PNG,40.97,0.93,1917,0.00468
train,train/images/nail_train_006437.jpg,train/masks/nail_train_006437.png,640,640,3,1,JPEG,PNG,21.26,1.38,4865,0.011877
train,train/images/nail_train_006438.jpg,train/masks/nail_train_006438.png,640,640,3,1,JPEG,PNG,19.08,1.35,4862,0.01187
train,train/images/nail_train_006439.jpg,train/masks/nail_train_006439.png,640,640,3,1,JPEG,PNG,42.76,2.73,16178,0.039497
train,train/images/nail_train_006441.jpg,train/masks/nail_train_006441.png,640,640,3,1,JPEG,PNG,26.88,2.03,9998,0.024409
train,train/images/nail_train_006442.jpg,train/masks/nail_train_006442.png,640,640,3,1,JPEG,PNG,27.85,2.23,9986,0.02438
train,train/images/nail_train_006444.jpg,train/masks/nail_train_006444.png,640,640,3,1,JPEG,PNG,30.25,1.91,8180,0.019971
train,train/images/nail_train_006445.jpg,train/masks/nail_train_006445.png,640,640,3,1,JPEG,PNG,29.21,1.51,4093,0.009993
train,train/images/nail_train_006447.jpg,train/masks/nail_train_006447.png,640,640,3,1,JPEG,PNG,55.21,1.32,3163,0.007722
train,train/images/nail_train_006449.jpg,train/masks/nail_train_006449.png,640,640,3,1,JPEG,PNG,22.56,1.14,3202,0.007817
train,train/images/nail_train_006450.jpg,train/masks/nail_train_006450.png,640,640,3,1,JPEG,PNG,21.85,1.12,3230,0.007886
train,train/images/nail_train_006451.jpg,train/masks/nail_train_006451.png,640,640,3,1,JPEG,PNG,15.49,1.33,4286,0.010464
train,train/images/nail_train_006452.jpg,train/masks/nail_train_006452.png,640,640,3,1,JPEG,PNG,17.81,1.42,4283,0.010457
train,train/images/nail_train_006453.jpg,train/masks/nail_train_006453.png,640,640,3,1,JPEG,PNG,22.17,2.31,11363,0.027742
train,train/images/nail_train_006454.jpg,train/masks/nail_train_006454.png,640,640,3,1,JPEG,PNG,23.97,2.15,11389,0.027805
train,train/images/nail_train_006455.jpg,train/masks/nail_train_006455.png,640,640,3,1,JPEG,PNG,29.21,2.04,9380,0.0229
train,train/images/nail_train_006456.jpg,train/masks/nail_train_006456.png,640,640,3,1,JPEG,PNG,26.36,2.15,9391,0.022927
train,train/images/nail_train_006457.jpg,train/masks/nail_train_006457.png,640,640,3,1,JPEG,PNG,33.18,1.94,7365,0.017981
train,train/images/nail_train_006458.jpg,train/masks/nail_train_006458.png,640,640,3,1,JPEG,PNG,29.24,2.03,7348,0.017939
train,train/images/nail_train_006459.jpg,train/masks/nail_train_006459.png,640,640,3,1,JPEG,PNG,24.17,1.71,11511,0.028103
train,train/images/nail_train_006460.jpg,train/masks/nail_train_006460.png,640,640,3,1,JPEG,PNG,25.7,1.75,11518,0.02812
train,train/images/nail_train_006461.jpg,train/masks/nail_train_006461.png,640,640,3,1,JPEG,PNG,21.06,1.65,9698,0.023677
train,train/images/nail_train_006462.jpg,train/masks/nail_train_006462.png,640,640,3,1,JPEG,PNG,20.41,1.45,9728,0.02375
train,train/images/nail_train_006464.jpg,train/masks/nail_train_006464.png,640,640,3,1,JPEG,PNG,20.14,3.86,207086,0.505581
train,train/images/nail_train_006465.jpg,train/masks/nail_train_006465.png,640,640,3,1,JPEG,PNG,29.07,2.92,21388,0.052217
train,train/images/nail_train_006466.jpg,train/masks/nail_train_006466.png,640,640,3,1,JPEG,PNG,32.88,2.56,21419,0.052292
train,train/images/nail_train_006467.jpg,train/masks/nail_train_006467.png,640,640,3,1,JPEG,PNG,30.94,2.2,54265,0.132483
train,train/images/nail_train_006469.jpg,train/masks/nail_train_006469.png,640,640,3,1,JPEG,PNG,19.08,3.83,269903,0.658943
train,train/images/nail_train_006470.jpg,train/masks/nail_train_006470.png,640,640,3,1,JPEG,PNG,20.78,4.16,270122,0.659478
train,train/images/nail_train_006471.jpg,train/masks/nail_train_006471.png,640,640,3,1,JPEG,PNG,41.32,0.47,0,0
train,train/images/nail_train_006472.jpg,train/masks/nail_train_006472.png,640,640,3,1,JPEG,PNG,50.39,0.47,0,0
train,train/images/nail_train_006473.jpg,train/masks/nail_train_006473.png,640,640,3,1,JPEG,PNG,37.22,0.47,0,0
train,train/images/nail_train_006474.jpg,train/masks/nail_train_006474.png,640,640,3,1,JPEG,PNG,38.52,0.47,0,0
train,train/images/nail_train_006475.jpg,train/masks/nail_train_006475.png,640,640,3,1,JPEG,PNG,55.78,0.47,0,0
train,train/images/nail_train_006477.jpg,train/masks/nail_train_006477.png,640,640,3,1,JPEG,PNG,45.38,0.47,0,0
train,train/images/nail_train_006478.jpg,train/masks/nail_train_006478.png,640,640,3,1,JPEG,PNG,43.68,0.47,0,0
train,train/images/nail_train_006479.jpg,train/masks/nail_train_006479.png,640,640,3,1,JPEG,PNG,46.87,0.47,0,0
train,train/images/nail_train_006480.jpg,train/masks/nail_train_006480.png,640,640,3,1,JPEG,PNG,39.91,0.47,0,0
train,train/images/nail_train_006481.jpg,train/masks/nail_train_006481.png,640,640,3,1,JPEG,PNG,26.55,0.47,0,0
train,train/images/nail_train_006483.jpg,train/masks/nail_train_006483.png,640,640,3,1,JPEG,PNG,25.5,1.13,5357,0.013079
train,train/images/nail_train_006486.jpg,train/masks/nail_train_006486.png,640,640,3,1,JPEG,PNG,50.1,0.47,0,0
train,train/images/nail_train_006488.jpg,train/masks/nail_train_006488.png,640,640,3,1,JPEG,PNG,14.02,0.47,0,0
train,train/images/nail_train_006489.jpg,train/masks/nail_train_006489.png,640,640,3,1,JPEG,PNG,27.46,0.47,0,0
train,train/images/nail_train_006490.jpg,train/masks/nail_train_006490.png,640,640,3,1,JPEG,PNG,26.99,0.47,0,0
train,train/images/nail_train_006491.jpg,train/masks/nail_train_006491.png,640,640,3,1,JPEG,PNG,36.44,0.47,0,0
train,train/images/nail_train_006492.jpg,train/masks/nail_train_006492.png,640,640,3,1,JPEG,PNG,39.53,0.47,0,0
train,train/images/nail_train_006493.jpg,train/masks/nail_train_006493.png,640,640,3,1,JPEG,PNG,17.77,0.47,0,0
train,train/images/nail_train_006494.jpg,train/masks/nail_train_006494.png,640,640,3,1,JPEG,PNG,19.73,0.47,0,0
train,train/images/nail_train_006495.jpg,train/masks/nail_train_006495.png,640,640,3,1,JPEG,PNG,34.11,0.47,0,0
train,train/images/nail_train_006497.jpg,train/masks/nail_train_006497.png,640,640,3,1,JPEG,PNG,32.63,0.47,0,0
train,train/images/nail_train_006499.jpg,train/masks/nail_train_006499.png,640,640,3,1,JPEG,PNG,28.32,0.47,0,0
train,train/images/nail_train_006500.jpg,train/masks/nail_train_006500.png,640,640,3,1,JPEG,PNG,27.58,0.47,0,0
train,train/images/nail_train_006501.jpg,train/masks/nail_train_006501.png,640,640,3,1,JPEG,PNG,37.21,0.47,0,0
train,train/images/nail_train_006504.jpg,train/masks/nail_train_006504.png,640,640,3,1,JPEG,PNG,34.98,0.68,1488,0.003633
train,train/images/nail_train_006505.jpg,train/masks/nail_train_006505.png,640,640,3,1,JPEG,PNG,46.56,0.72,1618,0.00395
train,train/images/nail_train_006506.jpg,train/masks/nail_train_006506.png,640,640,3,1,JPEG,PNG,38.33,0.68,1175,0.002869
train,train/images/nail_train_006507.jpg,train/masks/nail_train_006507.png,640,640,3,1,JPEG,PNG,23.97,0.47,0,0
train,train/images/nail_train_006510.jpg,train/masks/nail_train_006510.png,640,640,3,1,JPEG,PNG,22.89,1.08,4118,0.010054
train,train/images/nail_train_006511.jpg,train/masks/nail_train_006511.png,640,640,3,1,JPEG,PNG,42.5,1.01,2744,0.006699
train,train/images/nail_train_006512.jpg,train/masks/nail_train_006512.png,640,640,3,1,JPEG,PNG,35.5,0.71,1116,0.002725
train,train/images/nail_train_006513.jpg,train/masks/nail_train_006513.png,640,640,3,1,JPEG,PNG,54.3,0.47,0,0
train,train/images/nail_train_006514.jpg,train/masks/nail_train_006514.png,640,640,3,1,JPEG,PNG,48.16,0.47,0,0
train,train/images/nail_train_006515.jpg,train/masks/nail_train_006515.png,640,640,3,1,JPEG,PNG,33.38,0.47,0,0
train,train/images/nail_train_006516.jpg,train/masks/nail_train_006516.png,640,640,3,1,JPEG,PNG,44.07,0.47,0,0
train,train/images/nail_train_006518.jpg,train/masks/nail_train_006518.png,640,640,3,1,JPEG,PNG,23.83,0.47,0,0
train,train/images/nail_train_006519.jpg,train/masks/nail_train_006519.png,640,640,3,1,JPEG,PNG,29.91,0.47,0,0
train,train/images/nail_train_006520.jpg,train/masks/nail_train_006520.png,640,640,3,1,JPEG,PNG,29.85,0.47,0,0
train,train/images/nail_train_006521.jpg,train/masks/nail_train_006521.png,640,640,3,1,JPEG,PNG,26.21,0.47,0,0
train,train/images/nail_train_006522.jpg,train/masks/nail_train_006522.png,640,640,3,1,JPEG,PNG,24.62,0.47,0,0
train,train/images/nail_train_006523.jpg,train/masks/nail_train_006523.png,640,640,3,1,JPEG,PNG,39.89,0.47,0,0
train,train/images/nail_train_006524.jpg,train/masks/nail_train_006524.png,640,640,3,1,JPEG,PNG,55.43,0.47,0,0
train,train/images/nail_train_006525.jpg,train/masks/nail_train_006525.png,640,640,3,1,JPEG,PNG,22.15,0.47,0,0
train,train/images/nail_train_006526.jpg,train/masks/nail_train_006526.png,640,640,3,1,JPEG,PNG,29.9,0.47,0,0
train,train/images/nail_train_006527.jpg,train/masks/nail_train_006527.png,640,640,3,1,JPEG,PNG,32.64,0.47,0,0
train,train/images/nail_train_006529.jpg,train/masks/nail_train_006529.png,640,640,3,1,JPEG,PNG,21.47,0.47,0,0
train,train/images/nail_train_006530.jpg,train/masks/nail_train_006530.png,640,640,3,1,JPEG,PNG,19.1,0.47,0,0
train,train/images/nail_train_006531.jpg,train/masks/nail_train_006531.png,640,640,3,1,JPEG,PNG,43.18,1.26,5015,0.012244
train,train/images/nail_train_006532.jpg,train/masks/nail_train_006532.png,640,640,3,1,JPEG,PNG,32.87,1.38,4997,0.0122
train,train/images/nail_train_006533.jpg,train/masks/nail_train_006533.png,640,640,3,1,JPEG,PNG,35.75,1.08,1760,0.004297
train,train/images/nail_train_006535.jpg,train/masks/nail_train_006535.png,640,640,3,1,JPEG,PNG,30.1,0.47,0,0
train,train/images/nail_train_006536.jpg,train/masks/nail_train_006536.png,640,640,3,1,JPEG,PNG,31.77,0.47,0,0
train,train/images/nail_train_006537.jpg,train/masks/nail_train_006537.png,640,640,3,1,JPEG,PNG,27.59,0.47,0,0
train,train/images/nail_train_006538.jpg,train/masks/nail_train_006538.png,640,640,3,1,JPEG,PNG,31.8,0.47,0,0
train,train/images/nail_train_006540.jpg,train/masks/nail_train_006540.png,640,640,3,1,JPEG,PNG,58.35,0.47,0,0
train,train/images/nail_train_006541.jpg,train/masks/nail_train_006541.png,640,640,3,1,JPEG,PNG,33.12,0.47,0,0
train,train/images/nail_train_006543.jpg,train/masks/nail_train_006543.png,640,640,3,1,JPEG,PNG,24.95,0.47,0,0
train,train/images/nail_train_006544.jpg,train/masks/nail_train_006544.png,640,640,3,1,JPEG,PNG,25.67,0.47,0,0
train,train/images/nail_train_006545.jpg,train/masks/nail_train_006545.png,640,640,3,1,JPEG,PNG,40.07,0.47,0,0
train,train/images/nail_train_006546.jpg,train/masks/nail_train_006546.png,640,640,3,1,JPEG,PNG,39.09,0.47,0,0
train,train/images/nail_train_006547.jpg,train/masks/nail_train_006547.png,640,640,3,1,JPEG,PNG,32.4,0.47,0,0
train,train/images/nail_train_006549.jpg,train/masks/nail_train_006549.png,640,640,3,1,JPEG,PNG,30.21,0.47,0,0
train,train/images/nail_train_006550.jpg,train/masks/nail_train_006550.png,640,640,3,1,JPEG,PNG,30.2,0.47,0,0
train,train/images/nail_train_006551.jpg,train/masks/nail_train_006551.png,640,640,3,1,JPEG,PNG,30.15,1.16,4238,0.010347
train,train/images/nail_train_006552.jpg,train/masks/nail_train_006552.png,640,640,3,1,JPEG,PNG,34.92,1.3,4363,0.010652
train,train/images/nail_train_006554.jpg,train/masks/nail_train_006554.png,640,640,3,1,JPEG,PNG,31.27,0.47,0,0
train,train/images/nail_train_006555.jpg,train/masks/nail_train_006555.png,640,640,3,1,JPEG,PNG,32.95,0.47,0,0
train,train/images/nail_train_006556.jpg,train/masks/nail_train_006556.png,640,640,3,1,JPEG,PNG,36.86,0.47,0,0
train,train/images/nail_train_006557.jpg,train/masks/nail_train_006557.png,640,640,3,1,JPEG,PNG,24.66,0.47,0,0
train,train/images/nail_train_006558.jpg,train/masks/nail_train_006558.png,640,640,3,1,JPEG,PNG,25.34,0.47,0,0
train,train/images/nail_train_006559.jpg,train/masks/nail_train_006559.png,640,640,3,1,JPEG,PNG,37.86,1.03,2228,0.005439
train,train/images/nail_train_006560.jpg,train/masks/nail_train_006560.png,640,640,3,1,JPEG,PNG,32.8,1.03,2230,0.005444
train,train/images/nail_train_006561.jpg,train/masks/nail_train_006561.png,640,640,3,1,JPEG,PNG,33.68,0.47,0,0
train,train/images/nail_train_006562.jpg,train/masks/nail_train_006562.png,640,640,3,1,JPEG,PNG,25.97,0.47,0,0
train,train/images/nail_train_006563.jpg,train/masks/nail_train_006563.png,640,640,3,1,JPEG,PNG,33.99,1.17,3902,0.009526
train,train/images/nail_train_006564.jpg,train/masks/nail_train_006564.png,640,640,3,1,JPEG,PNG,32.41,1.11,3933,0.009602
train,train/images/nail_train_006565.jpg,train/masks/nail_train_006565.png,640,640,3,1,JPEG,PNG,47.4,0.86,2215,0.005408
train,train/images/nail_train_006566.jpg,train/masks/nail_train_006566.png,640,640,3,1,JPEG,PNG,44.49,0.91,2193,0.005354
train,train/images/nail_train_006567.jpg,train/masks/nail_train_006567.png,640,640,3,1,JPEG,PNG,46.1,0.73,1365,0.003333
train,train/images/nail_train_006568.jpg,train/masks/nail_train_006568.png,640,640,3,1,JPEG,PNG,41.41,0.7,1367,0.003337
train,train/images/nail_train_006569.jpg,train/masks/nail_train_006569.png,640,640,3,1,JPEG,PNG,35.66,0.47,0,0
train,train/images/nail_train_006570.jpg,train/masks/nail_train_006570.png,640,640,3,1,JPEG,PNG,36.87,0.47,0,0
train,train/images/nail_train_006571.jpg,train/masks/nail_train_006571.png,640,640,3,1,JPEG,PNG,36.95,0.72,1738,0.004243
train,train/images/nail_train_006572.jpg,train/masks/nail_train_006572.png,640,640,3,1,JPEG,PNG,37.42,0.78,1740,0.004248
train,train/images/nail_train_006573.jpg,train/masks/nail_train_006573.png,640,640,3,1,JPEG,PNG,36.24,0.47,0,0
train,train/images/nail_train_006574.jpg,train/masks/nail_train_006574.png,640,640,3,1,JPEG,PNG,36.64,0.47,0,0
train,train/images/nail_train_006575.jpg,train/masks/nail_train_006575.png,640,640,3,1,JPEG,PNG,39.35,3.05,212240,0.518164
train,train/images/nail_train_006576.jpg,train/masks/nail_train_006576.png,640,640,3,1,JPEG,PNG,34.58,2.97,212227,0.518132
train,train/images/nail_train_006577.jpg,train/masks/nail_train_006577.png,640,640,3,1,JPEG,PNG,35.21,2.52,74742,0.182476
train,train/images/nail_train_006578.jpg,train/masks/nail_train_006578.png,640,640,3,1,JPEG,PNG,41.81,3.21,74835,0.182703
train,train/images/nail_train_006579.jpg,train/masks/nail_train_006579.png,640,640,3,1,JPEG,PNG,31.5,2.43,15079,0.036814
train,train/images/nail_train_006580.jpg,train/masks/nail_train_006580.png,640,640,3,1,JPEG,PNG,37.86,2.51,15099,0.036863
train,train/images/nail_train_006581.jpg,train/masks/nail_train_006581.png,640,640,3,1,JPEG,PNG,41.91,2.52,33566,0.081948
train,train/images/nail_train_006582.jpg,train/masks/nail_train_006582.png,640,640,3,1,JPEG,PNG,46.71,2.62,33601,0.082034
train,train/images/nail_train_006583.jpg,train/masks/nail_train_006583.png,640,640,3,1,JPEG,PNG,41.73,3.08,23438,0.057222
train,train/images/nail_train_006584.jpg,train/masks/nail_train_006584.png,640,640,3,1,JPEG,PNG,43.75,2.88,23396,0.057119
train,train/images/nail_train_006585.jpg,train/masks/nail_train_006585.png,640,640,3,1,JPEG,PNG,37.2,3.43,59067,0.144207
train,train/images/nail_train_006586.jpg,train/masks/nail_train_006586.png,640,640,3,1,JPEG,PNG,42.76,3.44,59342,0.144878
train,train/images/nail_train_006587.jpg,train/masks/nail_train_006587.png,640,640,3,1,JPEG,PNG,31.25,3.3,41133,0.100422
train,train/images/nail_train_006588.jpg,train/masks/nail_train_006588.png,640,640,3,1,JPEG,PNG,31.7,3.01,41301,0.100833
train,train/images/nail_train_006589.jpg,train/masks/nail_train_006589.png,640,640,3,1,JPEG,PNG,40.74,4.79,50027,0.122136
train,train/images/nail_train_006591.jpg,train/masks/nail_train_006591.png,640,640,3,1,JPEG,PNG,35.25,2.6,29499,0.072019
train,train/images/nail_train_006592.jpg,train/masks/nail_train_006592.png,640,640,3,1,JPEG,PNG,37.82,2.49,29504,0.072031
train,train/images/nail_train_006593.jpg,train/masks/nail_train_006593.png,640,640,3,1,JPEG,PNG,27.79,1.43,5391,0.013162
train,train/images/nail_train_006594.jpg,train/masks/nail_train_006594.png,640,640,3,1,JPEG,PNG,21.92,1.6,5428,0.013252
train,train/images/nail_train_006595.jpg,train/masks/nail_train_006595.png,640,640,3,1,JPEG,PNG,22.29,1.94,9246,0.022573
train,train/images/nail_train_006596.jpg,train/masks/nail_train_006596.png,640,640,3,1,JPEG,PNG,20.87,1.94,9280,0.022656
train,train/images/nail_train_006597.jpg,train/masks/nail_train_006597.png,640,640,3,1,JPEG,PNG,46.08,1.76,7010,0.017114
train,train/images/nail_train_006598.jpg,train/masks/nail_train_006598.png,640,640,3,1,JPEG,PNG,52.85,1.71,7009,0.017112
train,train/images/nail_train_006599.jpg,train/masks/nail_train_006599.png,640,640,3,1,JPEG,PNG,49.02,1.8,8720,0.021289
train,train/images/nail_train_006600.jpg,train/masks/nail_train_006600.png,640,640,3,1,JPEG,PNG,42.97,1.65,8762,0.021392
train,train/images/nail_train_006601.jpg,train/masks/nail_train_006601.png,640,640,3,1,JPEG,PNG,36.41,1.68,11882,0.029009
train,train/images/nail_train_006602.jpg,train/masks/nail_train_006602.png,640,640,3,1,JPEG,PNG,44.27,1.57,12250,0.029907
train,train/images/nail_train_006603.jpg,train/masks/nail_train_006603.png,640,640,3,1,JPEG,PNG,44.19,2.08,10951,0.026736
train,train/images/nail_train_006605.jpg,train/masks/nail_train_006605.png,640,640,3,1,JPEG,PNG,28.02,1.55,7364,0.017979
train,train/images/nail_train_006607.jpg,train/masks/nail_train_006607.png,640,640,3,1,JPEG,PNG,52.21,1.24,3332,0.008135
train,train/images/nail_train_006608.jpg,train/masks/nail_train_006608.png,640,640,3,1,JPEG,PNG,71.2,1.23,3320,0.008105
train,train/images/nail_train_006609.jpg,train/masks/nail_train_006609.png,640,640,3,1,JPEG,PNG,28.62,1.72,13805,0.033704
train,train/images/nail_train_006610.jpg,train/masks/nail_train_006610.png,640,640,3,1,JPEG,PNG,28.48,1.92,13777,0.033635
train,train/images/nail_train_006611.jpg,train/masks/nail_train_006611.png,640,640,3,1,JPEG,PNG,38.81,2.14,17965,0.04386
train,train/images/nail_train_006612.jpg,train/masks/nail_train_006612.png,640,640,3,1,JPEG,PNG,38.42,2.09,18050,0.044067
train,train/images/nail_train_006613.jpg,train/masks/nail_train_006613.png,640,640,3,1,JPEG,PNG,22.54,1.62,7740,0.018896
train,train/images/nail_train_006614.jpg,train/masks/nail_train_006614.png,640,640,3,1,JPEG,PNG,23.98,1.62,7748,0.018916
train,train/images/nail_train_006615.jpg,train/masks/nail_train_006615.png,640,640,3,1,JPEG,PNG,26.94,1.57,5415,0.01322
train,train/images/nail_train_006616.jpg,train/masks/nail_train_006616.png,640,640,3,1,JPEG,PNG,25.16,1.55,5435,0.013269
train,train/images/nail_train_006617.jpg,train/masks/nail_train_006617.png,640,640,3,1,JPEG,PNG,49.35,2.04,24739,0.060398
train,train/images/nail_train_006618.jpg,train/masks/nail_train_006618.png,640,640,3,1,JPEG,PNG,43.6,2.22,24607,0.060076
train,train/images/nail_train_006619.jpg,train/masks/nail_train_006619.png,640,640,3,1,JPEG,PNG,36.51,2.21,19983,0.048787
train,train/images/nail_train_006620.jpg,train/masks/nail_train_006620.png,640,640,3,1,JPEG,PNG,27.87,2.16,20033,0.048909
train,train/images/nail_train_006621.jpg,train/masks/nail_train_006621.png,640,640,3,1,JPEG,PNG,24.69,1.84,9838,0.024019
train,train/images/nail_train_006622.jpg,train/masks/nail_train_006622.png,640,640,3,1,JPEG,PNG,24.46,2,9813,0.023958
train,train/images/nail_train_006623.jpg,train/masks/nail_train_006623.png,640,640,3,1,JPEG,PNG,26.29,1.34,4425,0.010803
train,train/images/nail_train_006625.jpg,train/masks/nail_train_006625.png,640,640,3,1,JPEG,PNG,43.06,1.24,3562,0.008696
train,train/images/nail_train_006626.jpg,train/masks/nail_train_006626.png,640,640,3,1,JPEG,PNG,37.9,1.19,3563,0.008699
train,train/images/nail_train_006627.jpg,train/masks/nail_train_006627.png,640,640,3,1,JPEG,PNG,28.07,1.56,17804,0.043467
train,train/images/nail_train_006628.jpg,train/masks/nail_train_006628.png,640,640,3,1,JPEG,PNG,27.72,1.74,17790,0.043433
train,train/images/nail_train_006629.jpg,train/masks/nail_train_006629.png,640,640,3,1,JPEG,PNG,25.67,1.2,6076,0.014834
train,train/images/nail_train_006630.jpg,train/masks/nail_train_006630.png,640,640,3,1,JPEG,PNG,24.54,1.08,6076,0.014834
train,train/images/nail_train_006631.jpg,train/masks/nail_train_006631.png,640,640,3,1,JPEG,PNG,36.69,1.33,6227,0.015203
train,train/images/nail_train_006632.jpg,train/masks/nail_train_006632.png,640,640,3,1,JPEG,PNG,35.52,1.43,6206,0.015151
train,train/images/nail_train_006633.jpg,train/masks/nail_train_006633.png,640,640,3,1,JPEG,PNG,91.54,1.64,8200,0.02002
train,train/images/nail_train_006634.jpg,train/masks/nail_train_006634.png,640,640,3,1,JPEG,PNG,66.17,1.74,8190,0.019995
train,train/images/nail_train_006635.jpg,train/masks/nail_train_006635.png,640,640,3,1,JPEG,PNG,27.56,1.8,4800,0.011719
train,train/images/nail_train_006636.jpg,train/masks/nail_train_006636.png,640,640,3,1,JPEG,PNG,29.92,1.71,4806,0.011733
train,train/images/nail_train_006637.jpg,train/masks/nail_train_006637.png,640,640,3,1,JPEG,PNG,26.23,1.87,6957,0.016985
train,train/images/nail_train_006638.jpg,train/masks/nail_train_006638.png,640,640,3,1,JPEG,PNG,25.76,1.88,6952,0.016973
train,train/images/nail_train_006640.jpg,train/masks/nail_train_006640.png,640,640,3,1,JPEG,PNG,47.82,1.49,4802,0.011724
train,train/images/nail_train_006641.jpg,train/masks/nail_train_006641.png,640,640,3,1,JPEG,PNG,30.39,1.77,12291,0.030007
train,train/images/nail_train_006642.jpg,train/masks/nail_train_006642.png,640,640,3,1,JPEG,PNG,28.31,1.86,12274,0.029966
train,train/images/nail_train_006643.jpg,train/masks/nail_train_006643.png,640,640,3,1,JPEG,PNG,25.97,2.34,16733,0.040852
train,train/images/nail_train_006644.jpg,train/masks/nail_train_006644.png,640,640,3,1,JPEG,PNG,25.52,2.35,16809,0.041038
train,train/images/nail_train_006645.jpg,train/masks/nail_train_006645.png,640,640,3,1,JPEG,PNG,42.72,1.4,6027,0.014714
train,train/images/nail_train_006646.jpg,train/masks/nail_train_006646.png,640,640,3,1,JPEG,PNG,28.07,1.46,5999,0.014646
train,train/images/nail_train_006647.jpg,train/masks/nail_train_006647.png,640,640,3,1,JPEG,PNG,39.71,1.71,11626,0.028384
train,train/images/nail_train_006648.jpg,train/masks/nail_train_006648.png,640,640,3,1,JPEG,PNG,38.51,1.66,11647,0.028435
train,train/images/nail_train_006649.jpg,train/masks/nail_train_006649.png,640,640,3,1,JPEG,PNG,28.69,2.14,8375,0.020447
train,train/images/nail_train_006650.jpg,train/masks/nail_train_006650.png,640,640,3,1,JPEG,PNG,36.85,1.68,8354,0.020396
train,train/images/nail_train_006651.jpg,train/masks/nail_train_006651.png,640,640,3,1,JPEG,PNG,31.17,1.46,11488,0.028047
train,train/images/nail_train_006652.jpg,train/masks/nail_train_006652.png,640,640,3,1,JPEG,PNG,30.84,1.47,11499,0.028074
train,train/images/nail_train_006653.jpg,train/masks/nail_train_006653.png,640,640,3,1,JPEG,PNG,37.82,1.37,5060,0.012354
train,train/images/nail_train_006655.jpg,train/masks/nail_train_006655.png,640,640,3,1,JPEG,PNG,45.43,1.67,28942,0.070659
train,train/images/nail_train_006656.jpg,train/masks/nail_train_006656.png,640,640,3,1,JPEG,PNG,34.5,1.94,27829,0.067942
train,train/images/nail_train_006657.jpg,train/masks/nail_train_006657.png,640,640,3,1,JPEG,PNG,28.65,1.57,6883,0.016804
train,train/images/nail_train_006658.jpg,train/masks/nail_train_006658.png,640,640,3,1,JPEG,PNG,37.11,1.41,6906,0.01686
train,train/images/nail_train_006659.jpg,train/masks/nail_train_006659.png,640,640,3,1,JPEG,PNG,24.54,1.79,13399,0.032712
train,train/images/nail_train_006660.jpg,train/masks/nail_train_006660.png,640,640,3,1,JPEG,PNG,23.92,1.88,13481,0.032913
train,train/images/nail_train_006661.jpg,train/masks/nail_train_006661.png,640,640,3,1,JPEG,PNG,38.58,1.41,4328,0.010566
train,train/images/nail_train_006662.jpg,train/masks/nail_train_006662.png,640,640,3,1,JPEG,PNG,13.71,1.41,4347,0.010613
train,train/images/nail_train_006664.jpg,train/masks/nail_train_006664.png,640,640,3,1,JPEG,PNG,33.97,2.08,13720,0.033496
train,train/images/nail_train_006665.jpg,train/masks/nail_train_006665.png,640,640,3,1,JPEG,PNG,40.72,1.99,8016,0.01957
train,train/images/nail_train_006666.jpg,train/masks/nail_train_006666.png,640,640,3,1,JPEG,PNG,37.04,2.12,8012,0.019561
train,train/images/nail_train_006667.jpg,train/masks/nail_train_006667.png,640,640,3,1,JPEG,PNG,30.79,1.8,10807,0.026384
train,train/images/nail_train_006668.jpg,train/masks/nail_train_006668.png,640,640,3,1,JPEG,PNG,23.37,1.83,10825,0.026428
train,train/images/nail_train_006669.jpg,train/masks/nail_train_006669.png,640,640,3,1,JPEG,PNG,67.88,1.58,6714,0.016392
train,train/images/nail_train_006670.jpg,train/masks/nail_train_006670.png,640,640,3,1,JPEG,PNG,80.67,1.66,6731,0.016433
train,train/images/nail_train_006671.jpg,train/masks/nail_train_006671.png,640,640,3,1,JPEG,PNG,51.22,1.6,5841,0.01426
train,train/images/nail_train_006673.jpg,train/masks/nail_train_006673.png,640,640,3,1,JPEG,PNG,31.53,1.13,4723,0.011531
train,train/images/nail_train_006674.jpg,train/masks/nail_train_006674.png,640,640,3,1,JPEG,PNG,47.07,1.14,4723,0.011531
train,train/images/nail_train_006675.jpg,train/masks/nail_train_006675.png,640,640,3,1,JPEG,PNG,47.52,1.19,2666,0.006509
train,train/images/nail_train_006678.jpg,train/masks/nail_train_006678.png,640,640,3,1,JPEG,PNG,36.42,0.99,1789,0.004368
train,train/images/nail_train_006679.jpg,train/masks/nail_train_006679.png,640,640,3,1,JPEG,PNG,27.94,2.27,13979,0.034128
train,train/images/nail_train_006682.jpg,train/masks/nail_train_006682.png,640,640,3,1,JPEG,PNG,42.58,1.24,2850,0.006958
train,train/images/nail_train_006683.jpg,train/masks/nail_train_006683.png,640,640,3,1,JPEG,PNG,33.89,1.17,2625,0.006409
train,train/images/nail_train_006685.jpg,train/masks/nail_train_006685.png,640,640,3,1,JPEG,PNG,43.3,0.96,3385,0.008264
train,train/images/nail_train_006688.jpg,train/masks/nail_train_006688.png,640,640,3,1,JPEG,PNG,31.72,1.28,5847,0.014275
train,train/images/nail_train_006689.jpg,train/masks/nail_train_006689.png,640,640,3,1,JPEG,PNG,35.86,1.12,3473,0.008479
train,train/images/nail_train_006690.jpg,train/masks/nail_train_006690.png,640,640,3,1,JPEG,PNG,45.84,1.09,3462,0.008452
train,train/images/nail_train_006691.jpg,train/masks/nail_train_006691.png,640,640,3,1,JPEG,PNG,43.87,1.12,2844,0.006943
train,train/images/nail_train_006692.jpg,train/masks/nail_train_006692.png,640,640,3,1,JPEG,PNG,36.03,1.27,2835,0.006921
train,train/images/nail_train_006693.jpg,train/masks/nail_train_006693.png,640,640,3,1,JPEG,PNG,48.99,1.44,6576,0.016055
train,train/images/nail_train_006694.jpg,train/masks/nail_train_006694.png,640,640,3,1,JPEG,PNG,47.86,1.49,6572,0.016045
train,train/images/nail_train_006695.jpg,train/masks/nail_train_006695.png,640,640,3,1,JPEG,PNG,51.92,1.46,5247,0.01281
train,train/images/nail_train_006696.jpg,train/masks/nail_train_006696.png,640,640,3,1,JPEG,PNG,51.04,1.49,5262,0.012847
train,train/images/nail_train_006697.jpg,train/masks/nail_train_006697.png,640,640,3,1,JPEG,PNG,50.89,1.24,3126,0.007632
train,train/images/nail_train_006698.jpg,train/masks/nail_train_006698.png,640,640,3,1,JPEG,PNG,42.74,1.19,3147,0.007683
train,train/images/nail_train_006699.jpg,train/masks/nail_train_006699.png,640,640,3,1,JPEG,PNG,29.92,1.59,6966,0.017007
train,train/images/nail_train_006700.jpg,train/masks/nail_train_006700.png,640,640,3,1,JPEG,PNG,60.31,1.63,6974,0.017026
train,train/images/nail_train_006701.jpg,train/masks/nail_train_006701.png,640,640,3,1,JPEG,PNG,43.78,1.23,4168,0.010176
train,train/images/nail_train_006702.jpg,train/masks/nail_train_006702.png,640,640,3,1,JPEG,PNG,52.62,1.24,4184,0.010215
train,train/images/nail_train_006703.jpg,train/masks/nail_train_006703.png,640,640,3,1,JPEG,PNG,42.83,1.3,3621,0.00884
train,train/images/nail_train_006704.jpg,train/masks/nail_train_006704.png,640,640,3,1,JPEG,PNG,55.68,1.17,3589,0.008762
train,train/images/nail_train_006705.jpg,train/masks/nail_train_006705.png,640,640,3,1,JPEG,PNG,46.16,1.33,4015,0.009802
train,train/images/nail_train_006706.jpg,train/masks/nail_train_006706.png,640,640,3,1,JPEG,PNG,33.25,1.3,3997,0.009758
train,train/images/nail_train_006707.jpg,train/masks/nail_train_006707.png,640,640,3,1,JPEG,PNG,41.49,1.23,5196,0.012686
train,train/images/nail_train_006708.jpg,train/masks/nail_train_006708.png,640,640,3,1,JPEG,PNG,46.25,1.26,5207,0.012712
train,train/images/nail_train_006709.jpg,train/masks/nail_train_006709.png,640,640,3,1,JPEG,PNG,40.24,1.46,4649,0.01135
train,train/images/nail_train_006710.jpg,train/masks/nail_train_006710.png,640,640,3,1,JPEG,PNG,49.98,1.3,4652,0.011357
train,train/images/nail_train_006711.jpg,train/masks/nail_train_006711.png,640,640,3,1,JPEG,PNG,55.38,1.21,3621,0.00884
train,train/images/nail_train_006712.jpg,train/masks/nail_train_006712.png,640,640,3,1,JPEG,PNG,38.87,1.21,3627,0.008855
train,train/images/nail_train_006713.jpg,train/masks/nail_train_006713.png,640,640,3,1,JPEG,PNG,53.52,2.45,10478,0.025581
train,train/images/nail_train_006715.jpg,train/masks/nail_train_006715.png,640,640,3,1,JPEG,PNG,17.38,1.07,2276,0.005557
train,train/images/nail_train_006716.jpg,train/masks/nail_train_006716.png,640,640,3,1,JPEG,PNG,22.26,1.08,2288,0.005586
train,train/images/nail_train_006717.jpg,train/masks/nail_train_006717.png,640,640,3,1,JPEG,PNG,28.23,1.68,6500,0.015869
train,train/images/nail_train_006718.jpg,train/masks/nail_train_006718.png,640,640,3,1,JPEG,PNG,26.22,1.66,6519,0.015916
train,train/images/nail_train_006720.jpg,train/masks/nail_train_006720.png,640,640,3,1,JPEG,PNG,38.58,1.04,3286,0.008022
train,train/images/nail_train_006721.jpg,train/masks/nail_train_006721.png,640,640,3,1,JPEG,PNG,20.68,1.53,4991,0.012185
train,train/images/nail_train_006722.jpg,train/masks/nail_train_006722.png,640,640,3,1,JPEG,PNG,18.7,1.59,4999,0.012205
train,train/images/nail_train_006723.jpg,train/masks/nail_train_006723.png,640,640,3,1,JPEG,PNG,33.41,2.25,29611,0.072292
train,train/images/nail_train_006724.jpg,train/masks/nail_train_006724.png,640,640,3,1,JPEG,PNG,40.92,2.46,29463,0.071931
train,train/images/nail_train_006725.jpg,train/masks/nail_train_006725.png,640,640,3,1,JPEG,PNG,43.29,4.74,56352,0.137578
train,train/images/nail_train_006727.jpg,train/masks/nail_train_006727.png,640,640,3,1,JPEG,PNG,39.72,2.73,31103,0.075935
train,train/images/nail_train_006729.jpg,train/masks/nail_train_006729.png,640,640,3,1,JPEG,PNG,36.37,2.41,20806,0.050796
train,train/images/nail_train_006730.jpg,train/masks/nail_train_006730.png,640,640,3,1,JPEG,PNG,33.6,2.58,18318,0.044722
train,train/images/nail_train_006731.jpg,train/masks/nail_train_006731.png,640,640,3,1,JPEG,PNG,33.36,3.21,40151,0.098025
train,train/images/nail_train_006732.jpg,train/masks/nail_train_006732.png,640,640,3,1,JPEG,PNG,34.94,3.23,39925,0.097473
train,train/images/nail_train_006734.jpg,train/masks/nail_train_006734.png,640,640,3,1,JPEG,PNG,26.94,1.73,10627,0.025945
train,train/images/nail_train_006735.jpg,train/masks/nail_train_006735.png,640,640,3,1,JPEG,PNG,40.96,2.22,9473,0.023127
train,train/images/nail_train_006736.jpg,train/masks/nail_train_006736.png,640,640,3,1,JPEG,PNG,42.82,2.46,9524,0.023252
train,train/images/nail_train_006737.jpg,train/masks/nail_train_006737.png,640,640,3,1,JPEG,PNG,28.11,3.49,43684,0.10665
train,train/images/nail_train_006739.jpg,train/masks/nail_train_006739.png,640,640,3,1,JPEG,PNG,27.3,4.4,62142,0.151714
train,train/images/nail_train_006740.jpg,train/masks/nail_train_006740.png,640,640,3,1,JPEG,PNG,26.45,4.58,62213,0.151887
train,train/images/nail_train_006741.jpg,train/masks/nail_train_006741.png,640,640,3,1,JPEG,PNG,33.24,3.64,58824,0.143613
train,train/images/nail_train_006742.jpg,train/masks/nail_train_006742.png,640,640,3,1,JPEG,PNG,34.82,3.61,59089,0.14426
train,train/images/nail_train_006743.jpg,train/masks/nail_train_006743.png,640,640,3,1,JPEG,PNG,30.53,2.08,22549,0.055051
train,train/images/nail_train_006744.jpg,train/masks/nail_train_006744.png,640,640,3,1,JPEG,PNG,27.22,2.85,22544,0.055039
train,train/images/nail_train_006745.jpg,train/masks/nail_train_006745.png,640,640,3,1,JPEG,PNG,38.16,4.05,47684,0.116416
train,train/images/nail_train_006746.jpg,train/masks/nail_train_006746.png,640,640,3,1,JPEG,PNG,42.92,4.11,47704,0.116465
train,train/images/nail_train_006747.jpg,train/masks/nail_train_006747.png,640,640,3,1,JPEG,PNG,37.14,1.92,16224,0.039609
train,train/images/nail_train_006748.jpg,train/masks/nail_train_006748.png,640,640,3,1,JPEG,PNG,33.46,1.89,16157,0.039446
train,train/images/nail_train_006749.jpg,train/masks/nail_train_006749.png,640,640,3,1,JPEG,PNG,34.88,4.29,48986,0.119595
train,train/images/nail_train_006751.jpg,train/masks/nail_train_006751.png,640,640,3,1,JPEG,PNG,29.92,2.89,25349,0.061887
train,train/images/nail_train_006752.jpg,train/masks/nail_train_006752.png,640,640,3,1,JPEG,PNG,30.03,2.65,25331,0.061843
train,train/images/nail_train_006753.jpg,train/masks/nail_train_006753.png,640,640,3,1,JPEG,PNG,25.35,1.64,11839,0.028904
train,train/images/nail_train_006754.jpg,train/masks/nail_train_006754.png,640,640,3,1,JPEG,PNG,33.44,1.78,11895,0.029041
train,train/images/nail_train_006755.jpg,train/masks/nail_train_006755.png,640,640,3,1,JPEG,PNG,27.62,2.27,27733,0.067708
train,train/images/nail_train_006756.jpg,train/masks/nail_train_006756.png,640,640,3,1,JPEG,PNG,24.38,2.62,27671,0.067556
train,train/images/nail_train_006757.jpg,train/masks/nail_train_006757.png,640,640,3,1,JPEG,PNG,31.46,2.65,24376,0.059512
train,train/images/nail_train_006758.jpg,train/masks/nail_train_006758.png,640,640,3,1,JPEG,PNG,32.63,2.85,24291,0.059304
train,train/images/nail_train_006759.jpg,train/masks/nail_train_006759.png,640,640,3,1,JPEG,PNG,26.12,2.62,20216,0.049355
train,train/images/nail_train_006760.jpg,train/masks/nail_train_006760.png,640,640,3,1,JPEG,PNG,29.91,2.63,20202,0.049321
train,train/images/nail_train_006761.jpg,train/masks/nail_train_006761.png,640,640,3,1,JPEG,PNG,43.85,1.65,8187,0.019988
train,train/images/nail_train_006762.jpg,train/masks/nail_train_006762.png,640,640,3,1,JPEG,PNG,34.67,1.6,8148,0.019893
train,train/images/nail_train_006764.jpg,train/masks/nail_train_006764.png,640,640,3,1,JPEG,PNG,35.94,1.92,11134,0.027183
train,train/images/nail_train_006765.jpg,train/masks/nail_train_006765.png,640,640,3,1,JPEG,PNG,44.15,2.88,24462,0.059722
train,train/images/nail_train_006766.jpg,train/masks/nail_train_006766.png,640,640,3,1,JPEG,PNG,45.03,2.93,24469,0.059739
train,train/images/nail_train_006767.jpg,train/masks/nail_train_006767.png,640,640,3,1,JPEG,PNG,25.92,1.33,4097,0.010002
train,train/images/nail_train_006770.jpg,train/masks/nail_train_006770.png,640,640,3,1,JPEG,PNG,28.35,1.54,4310,0.010522
train,train/images/nail_train_006771.jpg,train/masks/nail_train_006771.png,640,640,3,1,JPEG,PNG,22.33,0.71,1134,0.002769
train,train/images/nail_train_006772.jpg,train/masks/nail_train_006772.png,640,640,3,1,JPEG,PNG,22.58,0.67,1139,0.002781
train,train/images/nail_train_006773.jpg,train/masks/nail_train_006773.png,640,640,3,1,JPEG,PNG,24.98,1.33,5162,0.012603
train,train/images/nail_train_006774.jpg,train/masks/nail_train_006774.png,640,640,3,1,JPEG,PNG,23.94,1.33,5189,0.012668
train,train/images/nail_train_006775.jpg,train/masks/nail_train_006775.png,640,640,3,1,JPEG,PNG,21.06,1.24,5672,0.013848
train,train/images/nail_train_006776.jpg,train/masks/nail_train_006776.png,640,640,3,1,JPEG,PNG,23.36,1.34,5636,0.01376
train,train/images/nail_train_006777.jpg,train/masks/nail_train_006777.png,640,640,3,1,JPEG,PNG,22.28,1.29,5118,0.012495
train,train/images/nail_train_006778.jpg,train/masks/nail_train_006778.png,640,640,3,1,JPEG,PNG,23.46,1.3,5125,0.012512
train,train/images/nail_train_006779.jpg,train/masks/nail_train_006779.png,640,640,3,1,JPEG,PNG,23.82,0.47,0,0
train,train/images/nail_train_006780.jpg,train/masks/nail_train_006780.png,640,640,3,1,JPEG,PNG,22.87,0.47,0,0
train,train/images/nail_train_006782.jpg,train/masks/nail_train_006782.png,640,640,3,1,JPEG,PNG,25.03,1.33,5240,0.012793
train,train/images/nail_train_006783.jpg,train/masks/nail_train_006783.png,640,640,3,1,JPEG,PNG,30.95,1.17,3435,0.008386
train,train/images/nail_train_006784.jpg,train/masks/nail_train_006784.png,640,640,3,1,JPEG,PNG,30.18,1.21,3425,0.008362
train,train/images/nail_train_006785.jpg,train/masks/nail_train_006785.png,640,640,3,1,JPEG,PNG,20.78,1.68,10687,0.026091
train,train/images/nail_train_006786.jpg,train/masks/nail_train_006786.png,640,640,3,1,JPEG,PNG,18.12,1.69,10606,0.025894
valid,valid/images/nail_valid_000005.jpg,valid/masks/nail_valid_000005.png,640,640,3,1,JPEG,PNG,25.22,1.49,6949,0.016965
valid,valid/images/nail_valid_000006.jpg,valid/masks/nail_valid_000006.png,640,640,3,1,JPEG,PNG,24.74,1.58,6935,0.016931
valid,valid/images/nail_valid_000098.jpg,valid/masks/nail_valid_000098.png,640,640,3,1,JPEG,PNG,25.46,2.82,25710,0.062769
valid,valid/images/nail_valid_000103.jpg,valid/masks/nail_valid_000103.png,640,640,3,1,JPEG,PNG,45.43,1.4,4597,0.011223
valid,valid/images/nail_valid_000117.jpg,valid/masks/nail_valid_000117.png,640,640,3,1,JPEG,PNG,31.77,1.85,9182,0.022417
valid,valid/images/nail_valid_000125.jpg,valid/masks/nail_valid_000125.png,640,640,3,1,JPEG,PNG,20.16,2.08,20781,0.050735
valid,valid/images/nail_valid_000136.jpg,valid/masks/nail_valid_000136.png,640,640,3,1,JPEG,PNG,36.22,3.4,41662,0.101714
valid,valid/images/nail_valid_000165.jpg,valid/masks/nail_valid_000165.png,640,640,3,1,JPEG,PNG,25.35,1.92,10253,0.025032
valid,valid/images/nail_valid_000179.jpg,valid/masks/nail_valid_000179.png,640,640,3,1,JPEG,PNG,25.28,2.3,18992,0.046367
valid,valid/images/nail_valid_000185.jpg,valid/masks/nail_valid_000185.png,640,640,3,1,JPEG,PNG,28.6,1.88,13358,0.032612
valid,valid/images/nail_valid_000214.jpg,valid/masks/nail_valid_000214.png,640,640,3,1,JPEG,PNG,34.15,3.96,30583,0.074666
valid,valid/images/nail_valid_000229.jpg,valid/masks/nail_valid_000229.png,640,640,3,1,JPEG,PNG,29.32,2.38,20925,0.051086
valid,valid/images/nail_valid_000238.jpg,valid/masks/nail_valid_000238.png,640,640,3,1,JPEG,PNG,28.28,1.53,6291,0.015359
valid,valid/images/nail_valid_000241.jpg,valid/masks/nail_valid_000241.png,640,640,3,1,JPEG,PNG,25.2,1.49,6865,0.01676
valid,valid/images/nail_valid_000262.jpg,valid/masks/nail_valid_000262.png,640,640,3,1,JPEG,PNG,25.55,3.11,26755,0.06532
valid,valid/images/nail_valid_000271.jpg,valid/masks/nail_valid_000271.png,640,640,3,1,JPEG,PNG,28.29,2.86,44940,0.109717
valid,valid/images/nail_valid_000297.jpg,valid/masks/nail_valid_000297.png,640,640,3,1,JPEG,PNG,34.26,1.65,9156,0.022354
valid,valid/images/nail_valid_000316.jpg,valid/masks/nail_valid_000316.png,640,640,3,1,JPEG,PNG,23.25,1,3837,0.009368
valid,valid/images/nail_valid_000333.jpg,valid/masks/nail_valid_000333.png,640,640,3,1,JPEG,PNG,39.35,2.05,14497,0.035393
valid,valid/images/nail_valid_000343.jpg,valid/masks/nail_valid_000343.png,640,640,3,1,JPEG,PNG,33.04,1.23,5564,0.013584
valid,valid/images/nail_valid_000362.jpg,valid/masks/nail_valid_000362.png,640,640,3,1,JPEG,PNG,22.74,1.68,55040,0.134375
valid,valid/images/nail_valid_000372.jpg,valid/masks/nail_valid_000372.png,640,640,3,1,JPEG,PNG,24.42,2.34,36677,0.089543
valid,valid/images/nail_valid_000382.jpg,valid/masks/nail_valid_000382.png,640,640,3,1,JPEG,PNG,29.14,1.62,6494,0.015854
valid,valid/images/nail_valid_000412.jpg,valid/masks/nail_valid_000412.png,640,640,3,1,JPEG,PNG,20.91,1.28,5420,0.013232
valid,valid/images/nail_valid_000415.jpg,valid/masks/nail_valid_000415.png,640,640,3,1,JPEG,PNG,27.74,1.86,15742,0.038433
valid,valid/images/nail_valid_000419.jpg,valid/masks/nail_valid_000419.png,640,640,3,1,JPEG,PNG,29.31,1.41,4687,0.011443
valid,valid/images/nail_valid_000422.jpg,valid/masks/nail_valid_000422.png,640,640,3,1,JPEG,PNG,20.71,1.24,3359,0.008201
valid,valid/images/nail_valid_000443.jpg,valid/masks/nail_valid_000443.png,640,640,3,1,JPEG,PNG,22.58,1.73,11453,0.027961
valid,valid/images/nail_valid_000458.jpg,valid/masks/nail_valid_000458.png,640,640,3,1,JPEG,PNG,31.59,1.34,5388,0.013154
valid,valid/images/nail_valid_000466.jpg,valid/masks/nail_valid_000466.png,640,640,3,1,JPEG,PNG,30.8,1.52,8982,0.021929
valid,valid/images/nail_valid_000494.jpg,valid/masks/nail_valid_000494.png,640,640,3,1,JPEG,PNG,23.64,1.17,5864,0.014316
valid,valid/images/nail_valid_000529.jpg,valid/masks/nail_valid_000529.png,640,640,3,1,JPEG,PNG,34.45,1.62,9710,0.023706
valid,valid/images/nail_valid_000532.jpg,valid/masks/nail_valid_000532.png,640,640,3,1,JPEG,PNG,27.09,1.83,10278,0.025093
valid,valid/images/nail_valid_000543.jpg,valid/masks/nail_valid_000543.png,640,640,3,1,JPEG,PNG,17.59,1.48,5269,0.012864
valid,valid/images/nail_valid_000576.jpg,valid/masks/nail_valid_000576.png,640,640,3,1,JPEG,PNG,59.56,1.49,6158,0.015034
valid,valid/images/nail_valid_000591.jpg,valid/masks/nail_valid_000591.png,640,640,3,1,JPEG,PNG,41.81,1.05,2389,0.005833
valid,valid/images/nail_valid_000600.jpg,valid/masks/nail_valid_000600.png,640,640,3,1,JPEG,PNG,24.09,1.1,3582,0.008745
valid,valid/images/nail_valid_000612.jpg,valid/masks/nail_valid_000612.png,640,640,3,1,JPEG,PNG,27.46,1.4,4854,0.011851
valid,valid/images/nail_valid_000647.jpg,valid/masks/nail_valid_000647.png,640,640,3,1,JPEG,PNG,33.06,1.51,7861,0.019192
valid,valid/images/nail_valid_000702.jpg,valid/masks/nail_valid_000702.png,640,640,3,1,JPEG,PNG,32.19,1.68,9463,0.023103
valid,valid/images/nail_valid_000706.jpg,valid/masks/nail_valid_000706.png,640,640,3,1,JPEG,PNG,37.32,2.14,9154,0.022349
valid,valid/images/nail_valid_000710.jpg,valid/masks/nail_valid_000710.png,640,640,3,1,JPEG,PNG,46.01,1.54,6817,0.016643
valid,valid/images/nail_valid_000712.jpg,valid/masks/nail_valid_000712.png,640,640,3,1,JPEG,PNG,25.77,1.37,5478,0.013374
valid,valid/images/nail_valid_000740.jpg,valid/masks/nail_valid_000740.png,640,640,3,1,JPEG,PNG,24.41,1.17,3431,0.008376
valid,valid/images/nail_valid_000741.jpg,valid/masks/nail_valid_000741.png,640,640,3,1,JPEG,PNG,25.62,1.49,6189,0.01511
valid,valid/images/nail_valid_000743.jpg,valid/masks/nail_valid_000743.png,640,640,3,1,JPEG,PNG,34.86,1.77,12895,0.031482
valid,valid/images/nail_valid_000758.jpg,valid/masks/nail_valid_000758.png,640,640,3,1,JPEG,PNG,26.88,1.24,2650,0.00647
valid,valid/images/nail_valid_000791.jpg,valid/masks/nail_valid_000791.png,640,640,3,1,JPEG,PNG,20.17,1.31,4919,0.012009
valid,valid/images/nail_valid_000842.jpg,valid/masks/nail_valid_000842.png,640,640,3,1,JPEG,PNG,32.22,1.06,2870,0.007007
valid,valid/images/nail_valid_000853.jpg,valid/masks/nail_valid_000853.png,640,640,3,1,JPEG,PNG,23.88,1.43,10962,0.026763
valid,valid/images/nail_valid_000854.jpg,valid/masks/nail_valid_000854.png,640,640,3,1,JPEG,PNG,30.5,1.54,11011,0.026882
valid,valid/images/nail_valid_000868.jpg,valid/masks/nail_valid_000868.png,640,640,3,1,JPEG,PNG,33.51,1.42,7929,0.019358
valid,valid/images/nail_valid_000870.jpg,valid/masks/nail_valid_000870.png,640,640,3,1,JPEG,PNG,21.53,1.29,4920,0.012012
valid,valid/images/nail_valid_000871.jpg,valid/masks/nail_valid_000871.png,640,640,3,1,JPEG,PNG,37.69,1.23,5389,0.013157
valid,valid/images/nail_valid_000890.jpg,valid/masks/nail_valid_000890.png,640,640,3,1,JPEG,PNG,54.84,1.34,6976,0.017031
valid,valid/images/nail_valid_000901.jpg,valid/masks/nail_valid_000901.png,640,640,3,1,JPEG,PNG,32.17,1.77,6270,0.015308
valid,valid/images/nail_valid_000928.jpg,valid/masks/nail_valid_000928.png,640,640,3,1,JPEG,PNG,33.44,1.89,13800,0.033691
valid,valid/images/nail_valid_000938.jpg,valid/masks/nail_valid_000938.png,640,640,3,1,JPEG,PNG,22.31,1.51,8924,0.021787
valid,valid/images/nail_valid_000958.jpg,valid/masks/nail_valid_000958.png,640,640,3,1,JPEG,PNG,29.85,2.53,16419,0.040085
valid,valid/images/nail_valid_000972.jpg,valid/masks/nail_valid_000972.png,640,640,3,1,JPEG,PNG,24.52,1.06,5219,0.012742
valid,valid/images/nail_valid_000990.jpg,valid/masks/nail_valid_000990.png,640,640,3,1,JPEG,PNG,47.29,1.39,5719,0.013962
valid,valid/images/nail_valid_001004.jpg,valid/masks/nail_valid_001004.png,640,640,3,1,JPEG,PNG,41.96,1.22,3000,0.007324
valid,valid/images/nail_valid_001036.jpg,valid/masks/nail_valid_001036.png,640,640,3,1,JPEG,PNG,21.54,1.62,6907,0.016863
valid,valid/images/nail_valid_001054.jpg,valid/masks/nail_valid_001054.png,640,640,3,1,JPEG,PNG,88.68,1.38,9447,0.023064
valid,valid/images/nail_valid_001066.jpg,valid/masks/nail_valid_001066.png,640,640,3,1,JPEG,PNG,24.29,2.14,14758,0.03603
valid,valid/images/nail_valid_001079.jpg,valid/masks/nail_valid_001079.png,640,640,3,1,JPEG,PNG,31.3,1.56,18168,0.044355
valid,valid/images/nail_valid_001100.jpg,valid/masks/nail_valid_001100.png,640,640,3,1,JPEG,PNG,19.96,1.29,3453,0.00843
valid,valid/images/nail_valid_001107.jpg,valid/masks/nail_valid_001107.png,640,640,3,1,JPEG,PNG,26.46,1.66,5743,0.014021
valid,valid/images/nail_valid_001118.jpg,valid/masks/nail_valid_001118.png,640,640,3,1,JPEG,PNG,39.2,1.62,6290,0.015356
valid,valid/images/nail_valid_001161.jpg,valid/masks/nail_valid_001161.png,640,640,3,1,JPEG,PNG,32.71,1.9,19075,0.04657
valid,valid/images/nail_valid_001176.jpg,valid/masks/nail_valid_001176.png,640,640,3,1,JPEG,PNG,37.03,1.62,15906,0.038833
valid,valid/images/nail_valid_001189.jpg,valid/masks/nail_valid_001189.png,640,640,3,1,JPEG,PNG,19.97,1.68,9766,0.023843
valid,valid/images/nail_valid_001198.jpg,valid/masks/nail_valid_001198.png,640,640,3,1,JPEG,PNG,42.6,2.23,10138,0.024751
valid,valid/images/nail_valid_001229.jpg,valid/masks/nail_valid_001229.png,640,640,3,1,JPEG,PNG,37.57,1.69,6855,0.016736
valid,valid/images/nail_valid_001235.jpg,valid/masks/nail_valid_001235.png,640,640,3,1,JPEG,PNG,25.46,2.67,216458,0.528462
valid,valid/images/nail_valid_001252.jpg,valid/masks/nail_valid_001252.png,640,640,3,1,JPEG,PNG,32.7,0.96,2135,0.005212
valid,valid/images/nail_valid_001254.jpg,valid/masks/nail_valid_001254.png,640,640,3,1,JPEG,PNG,34.84,1.75,6234,0.01522
valid,valid/images/nail_valid_001275.jpg,valid/masks/nail_valid_001275.png,640,640,3,1,JPEG,PNG,25.76,2.83,46574,0.113706
valid,valid/images/nail_valid_001279.jpg,valid/masks/nail_valid_001279.png,640,640,3,1,JPEG,PNG,19.08,1.51,8051,0.019656
valid,valid/images/nail_valid_001289.jpg,valid/masks/nail_valid_001289.png,640,640,3,1,JPEG,PNG,43.37,1.24,4276,0.010439
valid,valid/images/nail_valid_001311.jpg,valid/masks/nail_valid_001311.png,640,640,3,1,JPEG,PNG,28.76,1.73,12969,0.031663
valid,valid/images/nail_valid_001367.jpg,valid/masks/nail_valid_001367.png,640,640,3,1,JPEG,PNG,31.3,3.43,53460,0.130518
valid,valid/images/nail_valid_001384.jpg,valid/masks/nail_valid_001384.png,640,640,3,1,JPEG,PNG,28.96,1.57,6710,0.016382
valid,valid/images/nail_valid_001409.jpg,valid/masks/nail_valid_001409.png,640,640,3,1,JPEG,PNG,36.34,4.4,67231,0.164138
valid,valid/images/nail_valid_001422.jpg,valid/masks/nail_valid_001422.png,640,640,3,1,JPEG,PNG,44.89,1.31,4662,0.011382
valid,valid/images/nail_valid_001424.jpg,valid/masks/nail_valid_001424.png,640,640,3,1,JPEG,PNG,22.26,1.27,3856,0.009414
valid,valid/images/nail_valid_001437.jpg,valid/masks/nail_valid_001437.png,640,640,3,1,JPEG,PNG,42.67,3.9,38322,0.09356
valid,valid/images/nail_valid_001459.jpg,valid/masks/nail_valid_001459.png,640,640,3,1,JPEG,PNG,40.96,2.45,17123,0.041804
valid,valid/images/nail_valid_001481.jpg,valid/masks/nail_valid_001481.png,640,640,3,1,JPEG,PNG,32.95,2.76,24774,0.060483
valid,valid/images/nail_valid_001489.jpg,valid/masks/nail_valid_001489.png,640,640,3,1,JPEG,PNG,28.96,2.55,31531,0.07698
valid,valid/images/nail_valid_001495.jpg,valid/masks/nail_valid_001495.png,640,640,3,1,JPEG,PNG,33.22,3.16,45360,0.110742
valid,valid/images/nail_valid_001508.jpg,valid/masks/nail_valid_001508.png,640,640,3,1,JPEG,PNG,32.43,3.99,49587,0.121062
valid,valid/images/nail_valid_001517.jpg,valid/masks/nail_valid_001517.png,640,640,3,1,JPEG,PNG,23.09,2.25,14102,0.034429
valid,valid/images/nail_valid_001533.jpg,valid/masks/nail_valid_001533.png,640,640,3,1,JPEG,PNG,40.8,1.48,4028,0.009834
valid,valid/images/nail_valid_001546.jpg,valid/masks/nail_valid_001546.png,640,640,3,1,JPEG,PNG,42.42,1.73,9154,0.022349
valid,valid/images/nail_valid_001554.jpg,valid/masks/nail_valid_001554.png,640,640,3,1,JPEG,PNG,32.96,1.32,6567,0.016033
valid,valid/images/nail_valid_001578.jpg,valid/masks/nail_valid_001578.png,640,640,3,1,JPEG,PNG,19.61,2.15,68083,0.166218
valid,valid/images/nail_valid_001582.jpg,valid/masks/nail_valid_001582.png,640,640,3,1,JPEG,PNG,34.08,2.17,102760,0.250879
valid,valid/images/nail_valid_001593.jpg,valid/masks/nail_valid_001593.png,640,640,3,1,JPEG,PNG,27.83,1.56,5259,0.012839
valid,valid/images/nail_valid_001614.jpg,valid/masks/nail_valid_001614.png,640,640,3,1,JPEG,PNG,28.48,1.43,7049,0.017209
valid,valid/images/nail_valid_001620.jpg,valid/masks/nail_valid_001620.png,640,640,3,1,JPEG,PNG,41.15,1.53,11680,0.028516
valid,valid/images/nail_valid_001621.jpg,valid/masks/nail_valid_001621.png,640,640,3,1,JPEG,PNG,37.03,2.32,23147,0.056511
valid,valid/images/nail_valid_001629.jpg,valid/masks/nail_valid_001629.png,640,640,3,1,JPEG,PNG,28.81,1.48,6319,0.015427
valid,valid/images/nail_valid_001639.jpg,valid/masks/nail_valid_001639.png,640,640,3,1,JPEG,PNG,32.26,1.08,2540,0.006201
valid,valid/images/nail_valid_001641.jpg,valid/masks/nail_valid_001641.png,640,640,3,1,JPEG,PNG,32.76,1.62,5938,0.014497
valid,valid/images/nail_valid_001653.jpg,valid/masks/nail_valid_001653.png,640,640,3,1,JPEG,PNG,19.43,2.46,94168,0.229902
valid,valid/images/nail_valid_001655.jpg,valid/masks/nail_valid_001655.png,640,640,3,1,JPEG,PNG,16.5,2.26,158737,0.387542
valid,valid/images/nail_valid_001682.jpg,valid/masks/nail_valid_001682.png,640,640,3,1,JPEG,PNG,36.92,1.48,7383,0.018025
valid,valid/images/nail_valid_001685.jpg,valid/masks/nail_valid_001685.png,640,640,3,1,JPEG,PNG,25.62,1.27,4635,0.011316
valid,valid/images/nail_valid_001687.jpg,valid/masks/nail_valid_001687.png,640,640,3,1,JPEG,PNG,26.86,2.3,21412,0.052275
valid,valid/images/nail_valid_001689.jpg,valid/masks/nail_valid_001689.png,640,640,3,1,JPEG,PNG,39.59,1.66,5621,0.013723
valid,valid/images/nail_valid_001725.jpg,valid/masks/nail_valid_001725.png,640,640,3,1,JPEG,PNG,35.35,1.87,20493,0.050032
valid,valid/images/nail_valid_001734.jpg,valid/masks/nail_valid_001734.png,640,640,3,1,JPEG,PNG,29.27,1.26,4950,0.012085
valid,valid/images/nail_valid_001743.jpg,valid/masks/nail_valid_001743.png,640,640,3,1,JPEG,PNG,43.97,1.18,3118,0.007612
valid,valid/images/nail_valid_001761.jpg,valid/masks/nail_valid_001761.png,640,640,3,1,JPEG,PNG,31.78,1.18,3758,0.009175
valid,valid/images/nail_valid_001765.jpg,valid/masks/nail_valid_001765.png,640,640,3,1,JPEG,PNG,23.46,3.34,227971,0.55657
valid,valid/images/nail_valid_001772.jpg,valid/masks/nail_valid_001772.png,640,640,3,1,JPEG,PNG,32.43,3.46,45422,0.110894
valid,valid/images/nail_valid_001785.jpg,valid/masks/nail_valid_001785.png,640,640,3,1,JPEG,PNG,12.41,2.96,248315,0.606238
valid,valid/images/nail_valid_001786.jpg,valid/masks/nail_valid_001786.png,640,640,3,1,JPEG,PNG,24.51,2.8,140213,0.342317
valid,valid/images/nail_valid_001791.jpg,valid/masks/nail_valid_001791.png,640,640,3,1,JPEG,PNG,28.24,1.55,6312,0.01541
valid,valid/images/nail_valid_001813.jpg,valid/masks/nail_valid_001813.png,640,640,3,1,JPEG,PNG,36.17,3.39,39510,0.09646
valid,valid/images/nail_valid_001836.jpg,valid/masks/nail_valid_001836.png,640,640,3,1,JPEG,PNG,29.05,3.98,46564,0.113682
valid,valid/images/nail_valid_001851.jpg,valid/masks/nail_valid_001851.png,640,640,3,1,JPEG,PNG,49.55,2.23,19245,0.046985
valid,valid/images/nail_valid_001862.jpg,valid/masks/nail_valid_001862.png,640,640,3,1,JPEG,PNG,43.73,4.05,53213,0.129915
valid,valid/images/nail_valid_001906.jpg,valid/masks/nail_valid_001906.png,640,640,3,1,JPEG,PNG,34.41,3.74,36451,0.088992
valid,valid/images/nail_valid_001928.jpg,valid/masks/nail_valid_001928.png,640,640,3,1,JPEG,PNG,26.7,1.63,10255,0.025037
valid,valid/images/nail_valid_001953.jpg,valid/masks/nail_valid_001953.png,640,640,3,1,JPEG,PNG,46.48,1.95,10840,0.026465
valid,valid/images/nail_valid_002001.jpg,valid/masks/nail_valid_002001.png,640,640,3,1,JPEG,PNG,38.41,3.53,25848,0.063105
valid,valid/images/nail_valid_002040.jpg,valid/masks/nail_valid_002040.png,640,640,3,1,JPEG,PNG,25.4,1.51,4724,0.011533
valid,valid/images/nail_valid_002047.jpg,valid/masks/nail_valid_002047.png,640,640,3,1,JPEG,PNG,19.8,2.88,214651,0.52405
valid,valid/images/nail_valid_002073.jpg,valid/masks/nail_valid_002073.png,640,640,3,1,JPEG,PNG,45.82,1.24,4366,0.010659
valid,valid/images/nail_valid_002087.jpg,valid/masks/nail_valid_002087.png,640,640,3,1,JPEG,PNG,31.07,1.39,4689,0.011448
valid,valid/images/nail_valid_002097.jpg,valid/masks/nail_valid_002097.png,640,640,3,1,JPEG,PNG,40.33,1.55,9811,0.023953
valid,valid/images/nail_valid_002099.jpg,valid/masks/nail_valid_002099.png,640,640,3,1,JPEG,PNG,25.52,1.85,10714,0.026157
valid,valid/images/nail_valid_002103.jpg,valid/masks/nail_valid_002103.png,640,640,3,1,JPEG,PNG,34.51,1.15,5428,0.013252
valid,valid/images/nail_valid_002110.jpg,valid/masks/nail_valid_002110.png,640,640,3,1,JPEG,PNG,23.17,2.56,155898,0.38061
valid,valid/images/nail_valid_002112.jpg,valid/masks/nail_valid_002112.png,640,640,3,1,JPEG,PNG,30.82,1.45,5722,0.01397
valid,valid/images/nail_valid_002124.jpg,valid/masks/nail_valid_002124.png,640,640,3,1,JPEG,PNG,24.74,2.06,9363,0.022859
valid,valid/images/nail_valid_002133.jpg,valid/masks/nail_valid_002133.png,640,640,3,1,JPEG,PNG,28.77,1.02,2460,0.006006
valid,valid/images/nail_valid_002167.jpg,valid/masks/nail_valid_002167.png,640,640,3,1,JPEG,PNG,25.16,2.75,186662,0.455718
valid,valid/images/nail_valid_002171.jpg,valid/masks/nail_valid_002171.png,640,640,3,1,JPEG,PNG,24.33,2.3,23634,0.0577
valid,valid/images/nail_valid_002190.jpg,valid/masks/nail_valid_002190.png,640,640,3,1,JPEG,PNG,31.72,1.09,3615,0.008826
valid,valid/images/nail_valid_002200.jpg,valid/masks/nail_valid_002200.png,640,640,3,1,JPEG,PNG,36.57,3.18,37128,0.090645
valid,valid/images/nail_valid_002202.jpg,valid/masks/nail_valid_002202.png,640,640,3,1,JPEG,PNG,30.07,1.31,4385,0.010706
valid,valid/images/nail_valid_002209.jpg,valid/masks/nail_valid_002209.png,640,640,3,1,JPEG,PNG,35.73,1.49,8700,0.02124
valid,valid/images/nail_valid_002214.jpg,valid/masks/nail_valid_002214.png,640,640,3,1,JPEG,PNG,28.26,3.1,45608,0.111348
valid,valid/images/nail_valid_002233.jpg,valid/masks/nail_valid_002233.png,640,640,3,1,JPEG,PNG,36.9,2.15,10953,0.026741
valid,valid/images/nail_valid_002238.jpg,valid/masks/nail_valid_002238.png,640,640,3,1,JPEG,PNG,30.63,1.42,6067,0.014812
valid,valid/images/nail_valid_002280.jpg,valid/masks/nail_valid_002280.png,640,640,3,1,JPEG,PNG,19.95,1.61,48246,0.117788
valid,valid/images/nail_valid_002291.jpg,valid/masks/nail_valid_002291.png,640,640,3,1,JPEG,PNG,34.16,2.81,28294,0.069077
valid,valid/images/nail_valid_002296.jpg,valid/masks/nail_valid_002296.png,640,640,3,1,JPEG,PNG,29.72,1.79,8155,0.01991
valid,valid/images/nail_valid_002307.jpg,valid/masks/nail_valid_002307.png,640,640,3,1,JPEG,PNG,18.99,3.31,246156,0.600967
valid,valid/images/nail_valid_002311.jpg,valid/masks/nail_valid_002311.png,640,640,3,1,JPEG,PNG,24.29,2.69,203185,0.496057
valid,valid/images/nail_valid_002343.jpg,valid/masks/nail_valid_002343.png,640,640,3,1,JPEG,PNG,38.13,1.07,2707,0.006609
valid,valid/images/nail_valid_002354.jpg,valid/masks/nail_valid_002354.png,640,640,3,1,JPEG,PNG,22.15,1.8,6956,0.016982
valid,valid/images/nail_valid_002370.jpg,valid/masks/nail_valid_002370.png,640,640,3,1,JPEG,PNG,22.12,1.33,4866,0.01188
valid,valid/images/nail_valid_002373.jpg,valid/masks/nail_valid_002373.png,640,640,3,1,JPEG,PNG,42.24,1.94,15325,0.037415
valid,valid/images/nail_valid_002388.jpg,valid/masks/nail_valid_002388.png,640,640,3,1,JPEG,PNG,29.68,2.67,35968,0.087813
valid,valid/images/nail_valid_002406.jpg,valid/masks/nail_valid_002406.png,640,640,3,1,JPEG,PNG,23.15,1.43,6226,0.0152
valid,valid/images/nail_valid_002408.jpg,valid/masks/nail_valid_002408.png,640,640,3,1,JPEG,PNG,40.29,1.04,2475,0.006042
valid,valid/images/nail_valid_002410.jpg,valid/masks/nail_valid_002410.png,640,640,3,1,JPEG,PNG,33.38,2.23,12408,0.030293
valid,valid/images/nail_valid_002411.jpg,valid/masks/nail_valid_002411.png,640,640,3,1,JPEG,PNG,17.4,3.37,215807,0.526873
valid,valid/images/nail_valid_002413.jpg,valid/masks/nail_valid_002413.png,640,640,3,1,JPEG,PNG,18.68,2.97,252480,0.616406
valid,valid/images/nail_valid_002456.jpg,valid/masks/nail_valid_002456.png,640,640,3,1,JPEG,PNG,23.64,1.4,4061,0.009915
valid,valid/images/nail_valid_002471.jpg,valid/masks/nail_valid_002471.png,640,640,3,1,JPEG,PNG,26.96,1.37,3861,0.009426
valid,valid/images/nail_valid_002476.jpg,valid/masks/nail_valid_002476.png,640,640,3,1,JPEG,PNG,19.69,1.55,8750,0.021362
valid,valid/images/nail_valid_002477.jpg,valid/masks/nail_valid_002477.png,640,640,3,1,JPEG,PNG,45.53,1.41,5566,0.013589
valid,valid/images/nail_valid_002486.jpg,valid/masks/nail_valid_002486.png,640,640,3,1,JPEG,PNG,28.97,1.76,8517,0.020793
valid,valid/images/nail_valid_002487.jpg,valid/masks/nail_valid_002487.png,640,640,3,1,JPEG,PNG,28.08,1.4,8513,0.020784
valid,valid/images/nail_valid_002507.jpg,valid/masks/nail_valid_002507.png,640,640,3,1,JPEG,PNG,27.69,1.2,3349,0.008176
valid,valid/images/nail_valid_002508.jpg,valid/masks/nail_valid_002508.png,640,640,3,1,JPEG,PNG,23.65,1.32,3353,0.008186
valid,valid/images/nail_valid_002542.jpg,valid/masks/nail_valid_002542.png,640,640,3,1,JPEG,PNG,26.07,1.56,7980,0.019482
valid,valid/images/nail_valid_002543.jpg,valid/masks/nail_valid_002543.png,640,640,3,1,JPEG,PNG,31.4,1.62,6560,0.016016
valid,valid/images/nail_valid_002554.jpg,valid/masks/nail_valid_002554.png,640,640,3,1,JPEG,PNG,28.31,2.45,21111,0.051541
valid,valid/images/nail_valid_002555.jpg,valid/masks/nail_valid_002555.png,640,640,3,1,JPEG,PNG,35.11,1.38,6214,0.015171
valid,valid/images/nail_valid_002585.jpg,valid/masks/nail_valid_002585.png,640,640,3,1,JPEG,PNG,23.14,1.85,112183,0.273884
valid,valid/images/nail_valid_002599.jpg,valid/masks/nail_valid_002599.png,640,640,3,1,JPEG,PNG,45.13,1.63,4957,0.012102
valid,valid/images/nail_valid_002638.jpg,valid/masks/nail_valid_002638.png,640,640,3,1,JPEG,PNG,20.9,1.8,9619,0.023484
valid,valid/images/nail_valid_002656.jpg,valid/masks/nail_valid_002656.png,640,640,3,1,JPEG,PNG,23.5,2.07,14836,0.036221
valid,valid/images/nail_valid_002665.jpg,valid/masks/nail_valid_002665.png,640,640,3,1,JPEG,PNG,27.1,1.55,6577,0.016057
valid,valid/images/nail_valid_002693.jpg,valid/masks/nail_valid_002693.png,640,640,3,1,JPEG,PNG,24.23,1.53,5175,0.012634
valid,valid/images/nail_valid_002697.jpg,valid/masks/nail_valid_002697.png,640,640,3,1,JPEG,PNG,23.98,1.07,1860,0.004541
valid,valid/images/nail_valid_002715.jpg,valid/masks/nail_valid_002715.png,640,640,3,1,JPEG,PNG,21.01,3.42,183016,0.446816
valid,valid/images/nail_valid_002734.jpg,valid/masks/nail_valid_002734.png,640,640,3,1,JPEG,PNG,27.07,1.65,7314,0.017856
valid,valid/images/nail_valid_002735.jpg,valid/masks/nail_valid_002735.png,640,640,3,1,JPEG,PNG,32.81,1.31,4974,0.012144
valid,valid/images/nail_valid_002737.jpg,valid/masks/nail_valid_002737.png,640,640,3,1,JPEG,PNG,23.04,1.32,6401,0.015627
valid,valid/images/nail_valid_002771.jpg,valid/masks/nail_valid_002771.png,640,640,3,1,JPEG,PNG,21.46,0.75,838,0.002046
valid,valid/images/nail_valid_002786.jpg,valid/masks/nail_valid_002786.png,640,640,3,1,JPEG,PNG,25.92,3.1,195900,0.478271
valid,valid/images/nail_valid_002789.jpg,valid/masks/nail_valid_002789.png,640,640,3,1,JPEG,PNG,37.23,1.75,6668,0.016279
valid,valid/images/nail_valid_002809.jpg,valid/masks/nail_valid_002809.png,640,640,3,1,JPEG,PNG,21.39,3.42,251484,0.613975
valid,valid/images/nail_valid_002818.jpg,valid/masks/nail_valid_002818.png,640,640,3,1,JPEG,PNG,32.87,2.6,27659,0.067527
valid,valid/images/nail_valid_002853.jpg,valid/masks/nail_valid_002853.png,640,640,3,1,JPEG,PNG,37.71,3.6,28614,0.069858
valid,valid/images/nail_valid_002857.jpg,valid/masks/nail_valid_002857.png,640,640,3,1,JPEG,PNG,25.87,1.37,5499,0.013425
valid,valid/images/nail_valid_002884.jpg,valid/masks/nail_valid_002884.png,640,640,3,1,JPEG,PNG,19.6,0.47,0,0
valid,valid/images/nail_valid_002891.jpg,valid/masks/nail_valid_002891.png,640,640,3,1,JPEG,PNG,18.64,2.88,243619,0.594773
valid,valid/images/nail_valid_002893.jpg,valid/masks/nail_valid_002893.png,640,640,3,1,JPEG,PNG,29.62,1.05,2851,0.00696
valid,valid/images/nail_valid_002897.jpg,valid/masks/nail_valid_002897.png,640,640,3,1,JPEG,PNG,23.03,1.63,6325,0.015442
valid,valid/images/nail_valid_002908.jpg,valid/masks/nail_valid_002908.png,640,640,3,1,JPEG,PNG,22.07,1.54,5023,0.012263
valid,valid/images/nail_valid_002909.jpg,valid/masks/nail_valid_002909.png,640,640,3,1,JPEG,PNG,25.18,1.28,5587,0.01364
valid,valid/images/nail_valid_002913.jpg,valid/masks/nail_valid_002913.png,640,640,3,1,JPEG,PNG,27.37,1.56,9261,0.02261
valid,valid/images/nail_valid_002916.jpg,valid/masks/nail_valid_002916.png,640,640,3,1,JPEG,PNG,29.26,1.46,9307,0.022722
valid,valid/images/nail_valid_002931.jpg,valid/masks/nail_valid_002931.png,640,640,3,1,JPEG,PNG,27.15,1.19,4428,0.010811
valid,valid/images/nail_valid_002932.jpg,valid/masks/nail_valid_002932.png,640,640,3,1,JPEG,PNG,24.82,1.22,4397,0.010735
valid,valid/images/nail_valid_002959.jpg,valid/masks/nail_valid_002959.png,640,640,3,1,JPEG,PNG,26.27,1.08,2750,0.006714
valid,valid/images/nail_valid_002963.jpg,valid/masks/nail_valid_002963.png,640,640,3,1,JPEG,PNG,25.61,1.21,2943,0.007185
valid,valid/images/nail_valid_002970.jpg,valid/masks/nail_valid_002970.png,640,640,3,1,JPEG,PNG,35.76,1.64,9803,0.023933
valid,valid/images/nail_valid_003004.jpg,valid/masks/nail_valid_003004.png,640,640,3,1,JPEG,PNG,26.19,1.2,5584,0.013633
valid,valid/images/nail_valid_003024.jpg,valid/masks/nail_valid_003024.png,640,640,3,1,JPEG,PNG,37.15,1.62,9366,0.022866
valid,valid/images/nail_valid_003025.jpg,valid/masks/nail_valid_003025.png,640,640,3,1,JPEG,PNG,32.26,1.7,9390,0.022925
valid,valid/images/nail_valid_003048.jpg,valid/masks/nail_valid_003048.png,640,640,3,1,JPEG,PNG,43.86,1.78,5288,0.01291
valid,valid/images/nail_valid_003051.jpg,valid/masks/nail_valid_003051.png,640,640,3,1,JPEG,PNG,35.37,1.41,5400,0.013184
valid,valid/images/nail_valid_003080.jpg,valid/masks/nail_valid_003080.png,640,640,3,1,JPEG,PNG,28.23,2.76,53203,0.12989
valid,valid/images/nail_valid_003102.jpg,valid/masks/nail_valid_003102.png,640,640,3,1,JPEG,PNG,36.32,1.46,5555,0.013562
valid,valid/images/nail_valid_003143.jpg,valid/masks/nail_valid_003143.png,640,640,3,1,JPEG,PNG,22.48,1.23,4935,0.012048
valid,valid/images/nail_valid_003149.jpg,valid/masks/nail_valid_003149.png,640,640,3,1,JPEG,PNG,15.68,1.76,6495,0.015857
valid,valid/images/nail_valid_003174.jpg,valid/masks/nail_valid_003174.png,640,640,3,1,JPEG,PNG,26.26,1.99,19167,0.046794
valid,valid/images/nail_valid_003184.jpg,valid/masks/nail_valid_003184.png,640,640,3,1,JPEG,PNG,21.79,1.65,6342,0.015483
valid,valid/images/nail_valid_003193.jpg,valid/masks/nail_valid_003193.png,640,640,3,1,JPEG,PNG,29.29,1.26,5362,0.013091
valid,valid/images/nail_valid_003213.jpg,valid/masks/nail_valid_003213.png,640,640,3,1,JPEG,PNG,23.57,1.17,5501,0.01343
valid,valid/images/nail_valid_003214.jpg,valid/masks/nail_valid_003214.png,640,640,3,1,JPEG,PNG,22.94,1.08,5491,0.013406
valid,valid/images/nail_valid_003219.jpg,valid/masks/nail_valid_003219.png,640,640,3,1,JPEG,PNG,26.87,1.01,2632,0.006426
valid,valid/images/nail_valid_003258.jpg,valid/masks/nail_valid_003258.png,640,640,3,1,JPEG,PNG,23.28,1.36,4307,0.010515
valid,valid/images/nail_valid_003260.jpg,valid/masks/nail_valid_003260.png,640,640,3,1,JPEG,PNG,23.51,1.17,4301,0.0105
valid,valid/images/nail_valid_003272.jpg,valid/masks/nail_valid_003272.png,640,640,3,1,JPEG,PNG,28.67,1.55,10741,0.026223
valid,valid/images/nail_valid_003290.jpg,valid/masks/nail_valid_003290.png,640,640,3,1,JPEG,PNG,29.88,1.25,4118,0.010054
valid,valid/images/nail_valid_003292.jpg,valid/masks/nail_valid_003292.png,640,640,3,1,JPEG,PNG,24.27,1.29,4720,0.011523
valid,valid/images/nail_valid_003316.jpg,valid/masks/nail_valid_003316.png,640,640,3,1,JPEG,PNG,22.9,1.36,4920,0.012012
valid,valid/images/nail_valid_003322.jpg,valid/masks/nail_valid_003322.png,640,640,3,1,JPEG,PNG,35.3,1.7,11994,0.029282
valid,valid/images/nail_valid_003333.jpg,valid/masks/nail_valid_003333.png,640,640,3,1,JPEG,PNG,25.05,1.81,10494,0.02562
valid,valid/images/nail_valid_003352.jpg,valid/masks/nail_valid_003352.png,640,640,3,1,JPEG,PNG,37.41,2.15,17641,0.043069
valid,valid/images/nail_valid_003391.jpg,valid/masks/nail_valid_003391.png,640,640,3,1,JPEG,PNG,19.98,1.1,3179,0.007761
valid,valid/images/nail_valid_003416.jpg,valid/masks/nail_valid_003416.png,640,640,3,1,JPEG,PNG,36.74,1.54,8013,0.019563
valid,valid/images/nail_valid_003419.jpg,valid/masks/nail_valid_003419.png,640,640,3,1,JPEG,PNG,33.83,1.49,7661,0.018704
valid,valid/images/nail_valid_003432.jpg,valid/masks/nail_valid_003432.png,640,640,3,1,JPEG,PNG,35.57,1.15,3840,0.009375
valid,valid/images/nail_valid_003440.jpg,valid/masks/nail_valid_003440.png,640,640,3,1,JPEG,PNG,32.35,1.44,6296,0.015371
valid,valid/images/nail_valid_003445.jpg,valid/masks/nail_valid_003445.png,640,640,3,1,JPEG,PNG,21,1.44,4937,0.012053
valid,valid/images/nail_valid_003449.jpg,valid/masks/nail_valid_003449.png,640,640,3,1,JPEG,PNG,28.71,3.48,52907,0.129167
valid,valid/images/nail_valid_003478.jpg,valid/masks/nail_valid_003478.png,640,640,3,1,JPEG,PNG,24.4,1.31,5503,0.013435
valid,valid/images/nail_valid_003492.jpg,valid/masks/nail_valid_003492.png,640,640,3,1,JPEG,PNG,24.9,1.19,4167,0.010173
valid,valid/images/nail_valid_003498.jpg,valid/masks/nail_valid_003498.png,640,640,3,1,JPEG,PNG,22.72,1.29,4916,0.012002
valid,valid/images/nail_valid_003537.jpg,valid/masks/nail_valid_003537.png,640,640,3,1,JPEG,PNG,40.82,1.26,3347,0.008171
valid,valid/images/nail_valid_003548.jpg,valid/masks/nail_valid_003548.png,640,640,3,1,JPEG,PNG,22.58,2.5,24520,0.059863
valid,valid/images/nail_valid_003559.jpg,valid/masks/nail_valid_003559.png,640,640,3,1,JPEG,PNG,34.16,1.93,13264,0.032383
valid,valid/images/nail_valid_003570.jpg,valid/masks/nail_valid_003570.png,640,640,3,1,JPEG,PNG,54.29,1.6,5655,0.013806
valid,valid/images/nail_valid_003583.jpg,valid/masks/nail_valid_003583.png,640,640,3,1,JPEG,PNG,36.13,1.49,4979,0.012156
valid,valid/images/nail_valid_003597.jpg,valid/masks/nail_valid_003597.png,640,640,3,1,JPEG,PNG,37.21,1.28,5532,0.013506
valid,valid/images/nail_valid_003607.jpg,valid/masks/nail_valid_003607.png,640,640,3,1,JPEG,PNG,34.71,1.38,7720,0.018848
valid,valid/images/nail_valid_003619.jpg,valid/masks/nail_valid_003619.png,640,640,3,1,JPEG,PNG,21.76,2.67,257462,0.628569
valid,valid/images/nail_valid_003635.jpg,valid/masks/nail_valid_003635.png,640,640,3,1,JPEG,PNG,39.15,0.47,0,0
valid,valid/images/nail_valid_003672.jpg,valid/masks/nail_valid_003672.png,640,640,3,1,JPEG,PNG,26.03,2.22,22488,0.054902
valid,valid/images/nail_valid_003677.jpg,valid/masks/nail_valid_003677.png,640,640,3,1,JPEG,PNG,27.2,1.28,5488,0.013398
valid,valid/images/nail_valid_003680.jpg,valid/masks/nail_valid_003680.png,640,640,3,1,JPEG,PNG,25.71,1.74,6212,0.015166
valid,valid/images/nail_valid_003681.jpg,valid/masks/nail_valid_003681.png,640,640,3,1,JPEG,PNG,27.69,2.09,24825,0.060608
valid,valid/images/nail_valid_003683.jpg,valid/masks/nail_valid_003683.png,640,640,3,1,JPEG,PNG,24.36,1.35,6637,0.016204
valid,valid/images/nail_valid_003694.jpg,valid/masks/nail_valid_003694.png,640,640,3,1,JPEG,PNG,28.4,1.15,4968,0.012129
valid,valid/images/nail_valid_003709.jpg,valid/masks/nail_valid_003709.png,640,640,3,1,JPEG,PNG,38.49,1.48,8854,0.021616
valid,valid/images/nail_valid_003719.jpg,valid/masks/nail_valid_003719.png,640,640,3,1,JPEG,PNG,20.09,1.68,8745,0.02135
valid,valid/images/nail_valid_003729.jpg,valid/masks/nail_valid_003729.png,640,640,3,1,JPEG,PNG,41.28,1.28,4738,0.011567
valid,valid/images/nail_valid_003775.jpg,valid/masks/nail_valid_003775.png,640,640,3,1,JPEG,PNG,30.83,1.56,7380,0.018018
valid,valid/images/nail_valid_003777.jpg,valid/masks/nail_valid_003777.png,640,640,3,1,JPEG,PNG,33.48,1.36,9658,0.023579
valid,valid/images/nail_valid_003781.jpg,valid/masks/nail_valid_003781.png,640,640,3,1,JPEG,PNG,21.64,1.37,3695,0.009021
valid,valid/images/nail_valid_003782.jpg,valid/masks/nail_valid_003782.png,640,640,3,1,JPEG,PNG,30.37,1.31,5048,0.012324
valid,valid/images/nail_valid_003807.jpg,valid/masks/nail_valid_003807.png,640,640,3,1,JPEG,PNG,32.17,3.58,77648,0.18957
valid,valid/images/nail_valid_003808.jpg,valid/masks/nail_valid_003808.png,640,640,3,1,JPEG,PNG,30.06,3.58,77612,0.189482
valid,valid/images/nail_valid_003825.jpg,valid/masks/nail_valid_003825.png,640,640,3,1,JPEG,PNG,68.92,1.13,3485,0.008508
valid,valid/images/nail_valid_003829.jpg,valid/masks/nail_valid_003829.png,640,640,3,1,JPEG,PNG,31.97,1.53,6287,0.015349
valid,valid/images/nail_valid_003834.jpg,valid/masks/nail_valid_003834.png,640,640,3,1,JPEG,PNG,25.57,1.76,9911,0.024197
valid,valid/images/nail_valid_003859.jpg,valid/masks/nail_valid_003859.png,640,640,3,1,JPEG,PNG,26.57,1.29,5068,0.012373
valid,valid/images/nail_valid_003900.jpg,valid/masks/nail_valid_003900.png,640,640,3,1,JPEG,PNG,26.45,1.63,7490,0.018286
valid,valid/images/nail_valid_003901.jpg,valid/masks/nail_valid_003901.png,640,640,3,1,JPEG,PNG,25.7,1.42,7496,0.018301
valid,valid/images/nail_valid_003913.jpg,valid/masks/nail_valid_003913.png,640,640,3,1,JPEG,PNG,19.63,2.15,12900,0.031494
valid,valid/images/nail_valid_003920.jpg,valid/masks/nail_valid_003920.png,640,640,3,1,JPEG,PNG,40.86,2.38,20330,0.049634
valid,valid/images/nail_valid_003923.jpg,valid/masks/nail_valid_003923.png,640,640,3,1,JPEG,PNG,71.52,0.98,2107,0.005144
valid,valid/images/nail_valid_003951.jpg,valid/masks/nail_valid_003951.png,640,640,3,1,JPEG,PNG,26.57,1.4,6851,0.016726
valid,valid/images/nail_valid_003957.jpg,valid/masks/nail_valid_003957.png,640,640,3,1,JPEG,PNG,24.15,1.39,6008,0.014668
valid,valid/images/nail_valid_003973.jpg,valid/masks/nail_valid_003973.png,640,640,3,1,JPEG,PNG,33.84,1.08,3575,0.008728
valid,valid/images/nail_valid_003975.jpg,valid/masks/nail_valid_003975.png,640,640,3,1,JPEG,PNG,43.5,1.07,3616,0.008828
valid,valid/images/nail_valid_003979.jpg,valid/masks/nail_valid_003979.png,640,640,3,1,JPEG,PNG,24.91,1.38,5075,0.01239
valid,valid/images/nail_valid_003981.jpg,valid/masks/nail_valid_003981.png,640,640,3,1,JPEG,PNG,26.4,2.05,11605,0.028333
valid,valid/images/nail_valid_003991.jpg,valid/masks/nail_valid_003991.png,640,640,3,1,JPEG,PNG,40.15,1.81,16021,0.039114
valid,valid/images/nail_valid_004023.jpg,valid/masks/nail_valid_004023.png,640,640,3,1,JPEG,PNG,19.18,1.67,9448,0.023066
valid,valid/images/nail_valid_004033.jpg,valid/masks/nail_valid_004033.png,640,640,3,1,JPEG,PNG,19.98,0.62,1323,0.00323
valid,valid/images/nail_valid_004035.jpg,valid/masks/nail_valid_004035.png,640,640,3,1,JPEG,PNG,34.59,2.07,9675,0.023621
valid,valid/images/nail_valid_004078.jpg,valid/masks/nail_valid_004078.png,640,640,3,1,JPEG,PNG,48.33,1.37,11415,0.027869
valid,valid/images/nail_valid_004084.jpg,valid/masks/nail_valid_004084.png,640,640,3,1,JPEG,PNG,33.53,1.52,8122,0.019829
valid,valid/images/nail_valid_004091.jpg,valid/masks/nail_valid_004091.png,640,640,3,1,JPEG,PNG,34.01,2.36,24025,0.058655
valid,valid/images/nail_valid_004096.jpg,valid/masks/nail_valid_004096.png,640,640,3,1,JPEG,PNG,24.05,1.56,5134,0.012534
valid,valid/images/nail_valid_004105.jpg,valid/masks/nail_valid_004105.png,640,640,3,1,JPEG,PNG,40.21,1.63,5388,0.013154
valid,valid/images/nail_valid_004122.jpg,valid/masks/nail_valid_004122.png,640,640,3,1,JPEG,PNG,43.73,1.47,6176,0.015078
valid,valid/images/nail_valid_004135.jpg,valid/masks/nail_valid_004135.png,640,640,3,1,JPEG,PNG,26.33,1.25,5589,0.013645
valid,valid/images/nail_valid_004139.jpg,valid/masks/nail_valid_004139.png,640,640,3,1,JPEG,PNG,28.12,3.79,51186,0.124966
valid,valid/images/nail_valid_004198.jpg,valid/masks/nail_valid_004198.png,640,640,3,1,JPEG,PNG,78.24,1.37,8505,0.020764
valid,valid/images/nail_valid_004208.jpg,valid/masks/nail_valid_004208.png,640,640,3,1,JPEG,PNG,29.87,1.36,8540,0.02085
valid,valid/images/nail_valid_004235.jpg,valid/masks/nail_valid_004235.png,640,640,3,1,JPEG,PNG,50.09,0.47,0,0
valid,valid/images/nail_valid_004240.jpg,valid/masks/nail_valid_004240.png,640,640,3,1,JPEG,PNG,27.03,2.43,24516,0.059854
valid,valid/images/nail_valid_004244.jpg,valid/masks/nail_valid_004244.png,640,640,3,1,JPEG,PNG,30.83,1.68,6707,0.016375
valid,valid/images/nail_valid_004257.jpg,valid/masks/nail_valid_004257.png,640,640,3,1,JPEG,PNG,28.74,1.46,4531,0.011062
valid,valid/images/nail_valid_004269.jpg,valid/masks/nail_valid_004269.png,640,640,3,1,JPEG,PNG,86.54,0.87,2342,0.005718
valid,valid/images/nail_valid_004305.jpg,valid/masks/nail_valid_004305.png,640,640,3,1,JPEG,PNG,22.85,1.76,10172,0.024834
valid,valid/images/nail_valid_004316.jpg,valid/masks/nail_valid_004316.png,640,640,3,1,JPEG,PNG,45.78,2.49,24443,0.059675
valid,valid/images/nail_valid_004321.jpg,valid/masks/nail_valid_004321.png,640,640,3,1,JPEG,PNG,31.18,1.75,10235,0.024988
valid,valid/images/nail_valid_004355.jpg,valid/masks/nail_valid_004355.png,640,640,3,1,JPEG,PNG,33.08,1.38,6120,0.014941
valid,valid/images/nail_valid_004356.jpg,valid/masks/nail_valid_004356.png,640,640,3,1,JPEG,PNG,39.61,1.38,6097,0.014885
valid,valid/images/nail_valid_004374.jpg,valid/masks/nail_valid_004374.png,640,640,3,1,JPEG,PNG,39.1,1.44,10910,0.026636
valid,valid/images/nail_valid_004377.jpg,valid/masks/nail_valid_004377.png,640,640,3,1,JPEG,PNG,27.18,2.27,27672,0.067559
valid,valid/images/nail_valid_004385.jpg,valid/masks/nail_valid_004385.png,640,640,3,1,JPEG,PNG,36.62,1.34,5048,0.012324
valid,valid/images/nail_valid_004401.jpg,valid/masks/nail_valid_004401.png,640,640,3,1,JPEG,PNG,43.23,1.14,8009,0.019553
valid,valid/images/nail_valid_004437.jpg,valid/masks/nail_valid_004437.png,640,640,3,1,JPEG,PNG,33.63,1.52,8729,0.021311
valid,valid/images/nail_valid_004477.jpg,valid/masks/nail_valid_004477.png,640,640,3,1,JPEG,PNG,24.77,1.53,3995,0.009753
valid,valid/images/nail_valid_004507.jpg,valid/masks/nail_valid_004507.png,640,640,3,1,JPEG,PNG,32.8,3.81,52294,0.127671
valid,valid/images/nail_valid_004511.jpg,valid/masks/nail_valid_004511.png,640,640,3,1,JPEG,PNG,23.4,1.49,11203,0.027351
valid,valid/images/nail_valid_004553.jpg,valid/masks/nail_valid_004553.png,640,640,3,1,JPEG,PNG,24.44,2.01,19852,0.048467
valid,valid/images/nail_valid_004557.jpg,valid/masks/nail_valid_004557.png,640,640,3,1,JPEG,PNG,20.57,1.34,6819,0.016648
valid,valid/images/nail_valid_004563.jpg,valid/masks/nail_valid_004563.png,640,640,3,1,JPEG,PNG,27.72,0.47,0,0
valid,valid/images/nail_valid_004607.jpg,valid/masks/nail_valid_004607.png,640,640,3,1,JPEG,PNG,49.75,1.23,2667,0.006511
valid,valid/images/nail_valid_004608.jpg,valid/masks/nail_valid_004608.png,640,640,3,1,JPEG,PNG,58.63,1.04,2677,0.006536
valid,valid/images/nail_valid_004615.jpg,valid/masks/nail_valid_004615.png,640,640,3,1,JPEG,PNG,30.4,1.22,4212,0.010283
valid,valid/images/nail_valid_004635.jpg,valid/masks/nail_valid_004635.png,640,640,3,1,JPEG,PNG,31.05,1.24,3749,0.009153
valid,valid/images/nail_valid_004703.jpg,valid/masks/nail_valid_004703.png,640,640,3,1,JPEG,PNG,50.68,2.89,32462,0.079253
valid,valid/images/nail_valid_004704.jpg,valid/masks/nail_valid_004704.png,640,640,3,1,JPEG,PNG,43.11,2.59,32408,0.079121
valid,valid/images/nail_valid_004713.jpg,valid/masks/nail_valid_004713.png,640,640,3,1,JPEG,PNG,57.14,3.94,59932,0.146318
valid,valid/images/nail_valid_004714.jpg,valid/masks/nail_valid_004714.png,640,640,3,1,JPEG,PNG,50.03,4.13,59943,0.146345
valid,valid/images/nail_valid_004724.jpg,valid/masks/nail_valid_004724.png,640,640,3,1,JPEG,PNG,18.75,1.29,3585,0.008752
valid,valid/images/nail_valid_004729.jpg,valid/masks/nail_valid_004729.png,640,640,3,1,JPEG,PNG,20.21,1.39,5259,0.012839
valid,valid/images/nail_valid_004745.jpg,valid/masks/nail_valid_004745.png,640,640,3,1,JPEG,PNG,21.13,1.19,3735,0.009119
valid,valid/images/nail_valid_004770.jpg,valid/masks/nail_valid_004770.png,640,640,3,1,JPEG,PNG,19.63,1.1,2147,0.005242
valid,valid/images/nail_valid_004786.jpg,valid/masks/nail_valid_004786.png,640,640,3,1,JPEG,PNG,19.1,1.19,2760,0.006738
valid,valid/images/nail_valid_004790.jpg,valid/masks/nail_valid_004790.png,640,640,3,1,JPEG,PNG,17.89,1.1,2698,0.006587
valid,valid/images/nail_valid_004792.jpg,valid/masks/nail_valid_004792.png,640,640,3,1,JPEG,PNG,19.92,1.24,2751,0.006716
valid,valid/images/nail_valid_004801.jpg,valid/masks/nail_valid_004801.png,640,640,3,1,JPEG,PNG,21.51,1.08,1848,0.004512
valid,valid/images/nail_valid_004805.jpg,valid/masks/nail_valid_004805.png,640,640,3,1,JPEG,PNG,15.51,1.2,2658,0.006489
valid,valid/images/nail_valid_004821.jpg,valid/masks/nail_valid_004821.png,640,640,3,1,JPEG,PNG,21.06,1.17,2930,0.007153
valid,valid/images/nail_valid_004839.jpg,valid/masks/nail_valid_004839.png,640,640,3,1,JPEG,PNG,19.9,1.17,2448,0.005977
valid,valid/images/nail_valid_004848.jpg,valid/masks/nail_valid_004848.png,640,640,3,1,JPEG,PNG,21.37,1.25,3185,0.007776
valid,valid/images/nail_valid_004861.jpg,valid/masks/nail_valid_004861.png,640,640,3,1,JPEG,PNG,22.74,1.23,2806,0.006851
valid,valid/images/nail_valid_004864.jpg,valid/masks/nail_valid_004864.png,640,640,3,1,JPEG,PNG,20.62,1.22,3538,0.008638
valid,valid/images/nail_valid_004867.jpg,valid/masks/nail_valid_004867.png,640,640,3,1,JPEG,PNG,22.33,1.24,2990,0.0073
valid,valid/images/nail_valid_004875.jpg,valid/masks/nail_valid_004875.png,640,640,3,1,JPEG,PNG,18.96,1.26,3247,0.007927
valid,valid/images/nail_valid_004887.jpg,valid/masks/nail_valid_004887.png,640,640,3,1,JPEG,PNG,22.46,1.11,2429,0.00593
valid,valid/images/nail_valid_004909.jpg,valid/masks/nail_valid_004909.png,640,640,3,1,JPEG,PNG,40.22,1.17,17339,0.042332
valid,valid/images/nail_valid_004931.jpg,valid/masks/nail_valid_004931.png,640,640,3,1,JPEG,PNG,27.4,0.47,0,0
valid,valid/images/nail_valid_004961.jpg,valid/masks/nail_valid_004961.png,640,640,3,1,JPEG,PNG,25.97,2.37,30404,0.074229
valid,valid/images/nail_valid_004983.jpg,valid/masks/nail_valid_004983.png,640,640,3,1,JPEG,PNG,18.91,1.48,31958,0.078022
valid,valid/images/nail_valid_004989.jpg,valid/masks/nail_valid_004989.png,640,640,3,1,JPEG,PNG,34.8,2.13,101298,0.24731
valid,valid/images/nail_valid_005011.jpg,valid/masks/nail_valid_005011.png,640,640,3,1,JPEG,PNG,18.43,2.18,94341,0.230325
valid,valid/images/nail_valid_005012.jpg,valid/masks/nail_valid_005012.png,640,640,3,1,JPEG,PNG,18,2.06,94352,0.230352
valid,valid/images/nail_valid_005038.jpg,valid/masks/nail_valid_005038.png,640,640,3,1,JPEG,PNG,19.34,2.53,91057,0.222307
valid,valid/images/nail_valid_005043.jpg,valid/masks/nail_valid_005043.png,640,640,3,1,JPEG,PNG,18.36,2.72,105621,0.257864
valid,valid/images/nail_valid_005049.jpg,valid/masks/nail_valid_005049.png,640,640,3,1,JPEG,PNG,30.71,3.21,98786,0.241177
valid,valid/images/nail_valid_005063.jpg,valid/masks/nail_valid_005063.png,640,640,3,1,JPEG,PNG,25.73,4.59,89980,0.219678
valid,valid/images/nail_valid_005067.jpg,valid/masks/nail_valid_005067.png,640,640,3,1,JPEG,PNG,54.2,3.13,46278,0.112983
valid,valid/images/nail_valid_005096.jpg,valid/masks/nail_valid_005096.png,640,640,3,1,JPEG,PNG,27.03,0.93,1972,0.004814
valid,valid/images/nail_valid_005116.jpg,valid/masks/nail_valid_005116.png,640,640,3,1,JPEG,PNG,79.85,0.91,4606,0.011245
valid,valid/images/nail_valid_005121.jpg,valid/masks/nail_valid_005121.png,640,640,3,1,JPEG,PNG,14.26,1.58,49318,0.120405
valid,valid/images/nail_valid_005127.jpg,valid/masks/nail_valid_005127.png,640,640,3,1,JPEG,PNG,18.95,0.83,3293,0.00804
valid,valid/images/nail_valid_005143.jpg,valid/masks/nail_valid_005143.png,640,640,3,1,JPEG,PNG,22.7,1.79,31190,0.076147
valid,valid/images/nail_valid_005168.jpg,valid/masks/nail_valid_005168.png,640,640,3,1,JPEG,PNG,23.31,4.17,125417,0.306194
valid,valid/images/nail_valid_005176.jpg,valid/masks/nail_valid_005176.png,640,640,3,1,JPEG,PNG,13.91,1.88,16324,0.039854
valid,valid/images/nail_valid_005186.jpg,valid/masks/nail_valid_005186.png,640,640,3,1,JPEG,PNG,22.13,1.7,28913,0.070588
valid,valid/images/nail_valid_005197.jpg,valid/masks/nail_valid_005197.png,640,640,3,1,JPEG,PNG,19.77,0.73,2345,0.005725
valid,valid/images/nail_valid_005204.jpg,valid/masks/nail_valid_005204.png,640,640,3,1,JPEG,PNG,21.41,0.99,5148,0.012568
valid,valid/images/nail_valid_005217.jpg,valid/masks/nail_valid_005217.png,640,640,3,1,JPEG,PNG,26.54,1.94,72118,0.176069
valid,valid/images/nail_valid_005231.jpg,valid/masks/nail_valid_005231.png,640,640,3,1,JPEG,PNG,31.26,1.51,22336,0.054531
valid,valid/images/nail_valid_005262.jpg,valid/masks/nail_valid_005262.png,640,640,3,1,JPEG,PNG,33.94,2.02,34474,0.084165
valid,valid/images/nail_valid_005279.jpg,valid/masks/nail_valid_005279.png,640,640,3,1,JPEG,PNG,23.58,1.2,4252,0.010381
valid,valid/images/nail_valid_005297.jpg,valid/masks/nail_valid_005297.png,640,640,3,1,JPEG,PNG,23.24,1.75,35870,0.087573
valid,valid/images/nail_valid_005329.jpg,valid/masks/nail_valid_005329.png,640,640,3,1,JPEG,PNG,27.72,1.07,9106,0.022231
valid,valid/images/nail_valid_005335.jpg,valid/masks/nail_valid_005335.png,640,640,3,1,JPEG,PNG,23.42,1.11,6990,0.017065
valid,valid/images/nail_valid_005349.jpg,valid/masks/nail_valid_005349.png,640,640,3,1,JPEG,PNG,17.73,1.57,26726,0.065249
valid,valid/images/nail_valid_005351.jpg,valid/masks/nail_valid_005351.png,640,640,3,1,JPEG,PNG,18,1.65,26599,0.064939
valid,valid/images/nail_valid_005359.jpg,valid/masks/nail_valid_005359.png,640,640,3,1,JPEG,PNG,34.58,0.79,5110,0.012476
valid,valid/images/nail_valid_005365.jpg,valid/masks/nail_valid_005365.png,640,640,3,1,JPEG,PNG,25.77,1.22,16035,0.039148
valid,valid/images/nail_valid_005386.jpg,valid/masks/nail_valid_005386.png,640,640,3,1,JPEG,PNG,19.31,1.63,30188,0.073701
valid,valid/images/nail_valid_005393.jpg,valid/masks/nail_valid_005393.png,640,640,3,1,JPEG,PNG,40.56,0.87,3544,0.008652
valid,valid/images/nail_valid_005403.jpg,valid/masks/nail_valid_005403.png,640,640,3,1,JPEG,PNG,19.4,3.93,226859,0.553855
valid,valid/images/nail_valid_005422.jpg,valid/masks/nail_valid_005422.png,640,640,3,1,JPEG,PNG,26.63,0.94,7885,0.01925
valid,valid/images/nail_valid_005429.jpg,valid/masks/nail_valid_005429.png,640,640,3,1,JPEG,PNG,25.71,1.6,33454,0.081675
valid,valid/images/nail_valid_005442.jpg,valid/masks/nail_valid_005442.png,640,640,3,1,JPEG,PNG,56.5,1.08,11757,0.028704
valid,valid/images/nail_valid_005447.jpg,valid/masks/nail_valid_005447.png,640,640,3,1,JPEG,PNG,34.8,1.89,11594,0.028306
valid,valid/images/nail_valid_005463.jpg,valid/masks/nail_valid_005463.png,640,640,3,1,JPEG,PNG,26.51,1.5,44869,0.109543
valid,valid/images/nail_valid_005464.jpg,valid/masks/nail_valid_005464.png,640,640,3,1,JPEG,PNG,23.75,1.48,44901,0.109622
valid,valid/images/nail_valid_005491.jpg,valid/masks/nail_valid_005491.png,640,640,3,1,JPEG,PNG,19.33,1.06,6586,0.016079
valid,valid/images/nail_valid_005536.jpg,valid/masks/nail_valid_005536.png,640,640,3,1,JPEG,PNG,19.25,1.89,63038,0.153901
valid,valid/images/nail_valid_005543.jpg,valid/masks/nail_valid_005543.png,640,640,3,1,JPEG,PNG,23.07,0.86,2709,0.006614
valid,valid/images/nail_valid_005547.jpg,valid/masks/nail_valid_005547.png,640,640,3,1,JPEG,PNG,23.93,0.92,5864,0.014316
valid,valid/images/nail_valid_005548.jpg,valid/masks/nail_valid_005548.png,640,640,3,1,JPEG,PNG,24.17,1.05,5860,0.014307
valid,valid/images/nail_valid_005552.jpg,valid/masks/nail_valid_005552.png,640,640,3,1,JPEG,PNG,23.19,0.82,2348,0.005732
valid,valid/images/nail_valid_005561.jpg,valid/masks/nail_valid_005561.png,640,640,3,1,JPEG,PNG,21.12,1.22,9136,0.022305
valid,valid/images/nail_valid_005566.jpg,valid/masks/nail_valid_005566.png,640,640,3,1,JPEG,PNG,25.36,0.85,3420,0.00835
valid,valid/images/nail_valid_005586.jpg,valid/masks/nail_valid_005586.png,640,640,3,1,JPEG,PNG,31.09,0.84,5294,0.012925
valid,valid/images/nail_valid_005610.jpg,valid/masks/nail_valid_005610.png,640,640,3,1,JPEG,PNG,25.73,0.94,6021,0.0147
valid,valid/images/nail_valid_005611.jpg,valid/masks/nail_valid_005611.png,640,640,3,1,JPEG,PNG,21.54,1.33,12565,0.030676
valid,valid/images/nail_valid_005627.jpg,valid/masks/nail_valid_005627.png,640,640,3,1,JPEG,PNG,19.09,1.02,5894,0.01439
valid,valid/images/nail_valid_005632.jpg,valid/masks/nail_valid_005632.png,640,640,3,1,JPEG,PNG,15.5,0.87,3513,0.008577
valid,valid/images/nail_valid_005638.jpg,valid/masks/nail_valid_005638.png,640,640,3,1,JPEG,PNG,25.54,0.89,3662,0.00894
valid,valid/images/nail_valid_005640.jpg,valid/masks/nail_valid_005640.png,640,640,3,1,JPEG,PNG,30.76,3.44,36638,0.089448
valid,valid/images/nail_valid_005643.jpg,valid/masks/nail_valid_005643.png,640,640,3,1,JPEG,PNG,27.45,2.43,16328,0.039863
valid,valid/images/nail_valid_005648.jpg,valid/masks/nail_valid_005648.png,640,640,3,1,JPEG,PNG,28.33,1.27,4941,0.012063
valid,valid/images/nail_valid_005658.jpg,valid/masks/nail_valid_005658.png,640,640,3,1,JPEG,PNG,15,1.4,13556,0.033096
valid,valid/images/nail_valid_005664.jpg,valid/masks/nail_valid_005664.png,640,640,3,1,JPEG,PNG,22.28,1.02,6226,0.0152
valid,valid/images/nail_valid_005668.jpg,valid/masks/nail_valid_005668.png,640,640,3,1,JPEG,PNG,19.47,0.82,2543,0.006208
valid,valid/images/nail_valid_005720.jpg,valid/masks/nail_valid_005720.png,640,640,3,1,JPEG,PNG,26.92,1.44,15179,0.037058
valid,valid/images/nail_valid_005751.jpg,valid/masks/nail_valid_005751.png,640,640,3,1,JPEG,PNG,34.53,0.9,8975,0.021912
valid,valid/images/nail_valid_005759.jpg,valid/masks/nail_valid_005759.png,640,640,3,1,JPEG,PNG,28.85,1.11,11264,0.0275
valid,valid/images/nail_valid_005785.jpg,valid/masks/nail_valid_005785.png,640,640,3,1,JPEG,PNG,16.38,0.63,1852,0.004521
valid,valid/images/nail_valid_005789.jpg,valid/masks/nail_valid_005789.png,640,640,3,1,JPEG,PNG,31.93,0.98,8391,0.020486
valid,valid/images/nail_valid_005796.jpg,valid/masks/nail_valid_005796.png,640,640,3,1,JPEG,PNG,35.99,1.22,16345,0.039905
valid,valid/images/nail_valid_005820.jpg,valid/masks/nail_valid_005820.png,640,640,3,1,JPEG,PNG,17.02,2.16,96344,0.235215
valid,valid/images/nail_valid_005835.jpg,valid/masks/nail_valid_005835.png,640,640,3,1,JPEG,PNG,33.06,2.34,103517,0.252727
valid,valid/images/nail_valid_005887.jpg,valid/masks/nail_valid_005887.png,640,640,3,1,JPEG,PNG,27.56,1.95,41071,0.100271
valid,valid/images/nail_valid_005892.jpg,valid/masks/nail_valid_005892.png,640,640,3,1,JPEG,PNG,32.81,2.16,51146,0.124868
valid,valid/images/nail_valid_005919.jpg,valid/masks/nail_valid_005919.png,640,640,3,1,JPEG,PNG,34.09,1.16,4601,0.011233
valid,valid/images/nail_valid_005936.jpg,valid/masks/nail_valid_005936.png,640,640,3,1,JPEG,PNG,45.34,0.47,0,0
valid,valid/images/nail_valid_005952.jpg,valid/masks/nail_valid_005952.png,640,640,3,1,JPEG,PNG,31.7,1.54,6432,0.015703
valid,valid/images/nail_valid_005955.jpg,valid/masks/nail_valid_005955.png,640,640,3,1,JPEG,PNG,26.99,2.58,22811,0.055691
valid,valid/images/nail_valid_005978.jpg,valid/masks/nail_valid_005978.png,640,640,3,1,JPEG,PNG,42.39,2.11,87172,0.212822
valid,valid/images/nail_valid_006014.jpg,valid/masks/nail_valid_006014.png,640,640,3,1,JPEG,PNG,55.06,2.84,22902,0.055913
valid,valid/images/nail_valid_006031.jpg,valid/masks/nail_valid_006031.png,640,640,3,1,JPEG,PNG,58.11,3.34,54935,0.134119
valid,valid/images/nail_valid_006032.jpg,valid/masks/nail_valid_006032.png,640,640,3,1,JPEG,PNG,58.11,3.33,54808,0.133809
valid,valid/images/nail_valid_006070.jpg,valid/masks/nail_valid_006070.png,640,640,3,1,JPEG,PNG,31.04,1.02,1346,0.003286
valid,valid/images/nail_valid_006074.jpg,valid/masks/nail_valid_006074.png,640,640,3,1,JPEG,PNG,37.21,1.73,10708,0.026143
valid,valid/images/nail_valid_006082.jpg,valid/masks/nail_valid_006082.png,640,640,3,1,JPEG,PNG,31.74,1.29,2874,0.007017
valid,valid/images/nail_valid_006099.jpg,valid/masks/nail_valid_006099.png,640,640,3,1,JPEG,PNG,36.03,0.55,189,0.000461
valid,valid/images/nail_valid_006101.jpg,valid/masks/nail_valid_006101.png,640,640,3,1,JPEG,PNG,30.47,1.2,3517,0.008586
valid,valid/images/nail_valid_006133.jpg,valid/masks/nail_valid_006133.png,640,640,3,1,JPEG,PNG,50.94,4.13,93613,0.228547
valid,valid/images/nail_valid_006170.jpg,valid/masks/nail_valid_006170.png,640,640,3,1,JPEG,PNG,19.81,1.55,11405,0.027844
valid,valid/images/nail_valid_006187.jpg,valid/masks/nail_valid_006187.png,640,640,3,1,JPEG,PNG,24.15,2.17,12150,0.029663
valid,valid/images/nail_valid_006191.jpg,valid/masks/nail_valid_006191.png,640,640,3,1,JPEG,PNG,27.46,1.55,8653,0.021125
valid,valid/images/nail_valid_006195.jpg,valid/masks/nail_valid_006195.png,640,640,3,1,JPEG,PNG,17.88,1.82,11842,0.028911
valid,valid/images/nail_valid_006214.jpg,valid/masks/nail_valid_006214.png,640,640,3,1,JPEG,PNG,34.36,2.24,16767,0.040935
valid,valid/images/nail_valid_006219.jpg,valid/masks/nail_valid_006219.png,640,640,3,1,JPEG,PNG,23.91,2.73,22084,0.053916
valid,valid/images/nail_valid_006221.jpg,valid/masks/nail_valid_006221.png,640,640,3,1,JPEG,PNG,25.28,2.76,23043,0.056257
valid,valid/images/nail_valid_006229.jpg,valid/masks/nail_valid_006229.png,640,640,3,1,JPEG,PNG,35.69,2.33,13000,0.031738
valid,valid/images/nail_valid_006231.jpg,valid/masks/nail_valid_006231.png,640,640,3,1,JPEG,PNG,37.93,0.76,4213,0.010286
valid,valid/images/nail_valid_006251.jpg,valid/masks/nail_valid_006251.png,640,640,3,1,JPEG,PNG,32.12,1.43,4796,0.011709
valid,valid/images/nail_valid_006268.jpg,valid/masks/nail_valid_006268.png,640,640,3,1,JPEG,PNG,30.42,2.19,15952,0.038945
valid,valid/images/nail_valid_006273.jpg,valid/masks/nail_valid_006273.png,640,640,3,1,JPEG,PNG,27.65,1.46,8546,0.020864
valid,valid/images/nail_valid_006321.jpg,valid/masks/nail_valid_006321.png,640,640,3,1,JPEG,PNG,27.59,1.4,8132,0.019854
valid,valid/images/nail_valid_006348.jpg,valid/masks/nail_valid_006348.png,640,640,3,1,JPEG,PNG,32.68,1.6,12494,0.030503
valid,valid/images/nail_valid_006360.jpg,valid/masks/nail_valid_006360.png,640,640,3,1,JPEG,PNG,23.81,2.39,80819,0.197312
valid,valid/images/nail_valid_006366.jpg,valid/masks/nail_valid_006366.png,640,640,3,1,JPEG,PNG,20.72,2.66,231901,0.566165
valid,valid/images/nail_valid_006382.jpg,valid/masks/nail_valid_006382.png,640,640,3,1,JPEG,PNG,28.12,2.19,16010,0.039087
valid,valid/images/nail_valid_006404.jpg,valid/masks/nail_valid_006404.png,640,640,3,1,JPEG,PNG,20.03,2.04,7957,0.019426
valid,valid/images/nail_valid_006412.jpg,valid/masks/nail_valid_006412.png,640,640,3,1,JPEG,PNG,31.79,1.44,3252,0.007939
valid,valid/images/nail_valid_006417.jpg,valid/masks/nail_valid_006417.png,640,640,3,1,JPEG,PNG,33.04,1.82,6647,0.016228
valid,valid/images/nail_valid_006425.jpg,valid/masks/nail_valid_006425.png,640,640,3,1,JPEG,PNG,33.61,1.58,6507,0.015886
valid,valid/images/nail_valid_006432.jpg,valid/masks/nail_valid_006432.png,640,640,3,1,JPEG,PNG,49.04,1.74,11363,0.027742
valid,valid/images/nail_valid_006440.jpg,valid/masks/nail_valid_006440.png,640,640,3,1,JPEG,PNG,43.03,2.71,16207,0.039568
valid,valid/images/nail_valid_006443.jpg,valid/masks/nail_valid_006443.png,640,640,3,1,JPEG,PNG,33.04,1.97,8175,0.019958
valid,valid/images/nail_valid_006446.jpg,valid/masks/nail_valid_006446.png,640,640,3,1,JPEG,PNG,28.24,1.52,4095,0.009998
valid,valid/images/nail_valid_006484.jpg,valid/masks/nail_valid_006484.png,640,640,3,1,JPEG,PNG,25.94,1.18,5343,0.013044
valid,valid/images/nail_valid_006485.jpg,valid/masks/nail_valid_006485.png,640,640,3,1,JPEG,PNG,41.27,0.47,0,0
valid,valid/images/nail_valid_006487.jpg,valid/masks/nail_valid_006487.png,640,640,3,1,JPEG,PNG,18.24,0.47,0,0
valid,valid/images/nail_valid_006496.jpg,valid/masks/nail_valid_006496.png,640,640,3,1,JPEG,PNG,34.03,0.47,0,0
valid,valid/images/nail_valid_006502.jpg,valid/masks/nail_valid_006502.png,640,640,3,1,JPEG,PNG,45.34,0.47,0,0
valid,valid/images/nail_valid_006503.jpg,valid/masks/nail_valid_006503.png,640,640,3,1,JPEG,PNG,48.96,0.7,1483,0.003621
valid,valid/images/nail_valid_006508.jpg,valid/masks/nail_valid_006508.png,640,640,3,1,JPEG,PNG,24.65,0.47,0,0
valid,valid/images/nail_valid_006509.jpg,valid/masks/nail_valid_006509.png,640,640,3,1,JPEG,PNG,26.15,1.12,4132,0.010088
valid,valid/images/nail_valid_006534.jpg,valid/masks/nail_valid_006534.png,640,640,3,1,JPEG,PNG,21.75,1.11,1747,0.004265
valid,valid/images/nail_valid_006548.jpg,valid/masks/nail_valid_006548.png,640,640,3,1,JPEG,PNG,36.19,0.47,0,0
valid,valid/images/nail_valid_006553.jpg,valid/masks/nail_valid_006553.png,640,640,3,1,JPEG,PNG,28.56,0.47,0,0
valid,valid/images/nail_valid_006639.jpg,valid/masks/nail_valid_006639.png,640,640,3,1,JPEG,PNG,37.23,1.39,4813,0.01175
valid,valid/images/nail_valid_006654.jpg,valid/masks/nail_valid_006654.png,640,640,3,1,JPEG,PNG,34.93,1.37,5075,0.01239
valid,valid/images/nail_valid_006676.jpg,valid/masks/nail_valid_006676.png,640,640,3,1,JPEG,PNG,40.92,1.13,2658,0.006489
valid,valid/images/nail_valid_006677.jpg,valid/masks/nail_valid_006677.png,640,640,3,1,JPEG,PNG,32,1.07,1809,0.004417
valid,valid/images/nail_valid_006681.jpg,valid/masks/nail_valid_006681.png,640,640,3,1,JPEG,PNG,35.53,1.21,2846,0.006948
valid,valid/images/nail_valid_006686.jpg,valid/masks/nail_valid_006686.png,640,640,3,1,JPEG,PNG,38.77,1.04,3382,0.008257
valid,valid/images/nail_valid_006714.jpg,valid/masks/nail_valid_006714.png,640,640,3,1,JPEG,PNG,26.91,2.03,10447,0.025505
valid,valid/images/nail_valid_006719.jpg,valid/masks/nail_valid_006719.png,640,640,3,1,JPEG,PNG,30.73,1.03,3285,0.00802
valid,valid/images/nail_valid_006726.jpg,valid/masks/nail_valid_006726.png,640,640,3,1,JPEG,PNG,53.6,4.83,56328,0.13752
valid,valid/images/nail_valid_006768.jpg,valid/masks/nail_valid_006768.png,640,640,3,1,JPEG,PNG,23.72,1.27,4106,0.010024
valid,valid/images/nail_valid_000001.jpg,valid/masks/nail_valid_000001.png,640,640,3,1,JPEG,PNG,22.98,3.86,222409,0.542991
valid,valid/images/nail_valid_000002.jpg,valid/masks/nail_valid_000002.png,640,640,3,1,JPEG,PNG,25.52,3.2,237844,0.580674
valid,valid/images/nail_valid_000003.jpg,valid/masks/nail_valid_000003.png,640,640,3,1,JPEG,PNG,24.74,2.93,242326,0.591616
valid,valid/images/nail_valid_000004.jpg,valid/masks/nail_valid_000004.png,640,640,3,1,JPEG,PNG,26.05,2.75,223477,0.545598
valid,valid/images/nail_valid_000005.jpg,valid/masks/nail_valid_000005.png,640,640,3,1,JPEG,PNG,36.8,2.46,47273,0.115413
valid,valid/images/nail_valid_000006.jpg,valid/masks/nail_valid_000006.png,640,640,3,1,JPEG,PNG,24.58,4.17,209150,0.51062
valid,valid/images/nail_valid_000007.jpg,valid/masks/nail_valid_000007.png,640,640,3,1,JPEG,PNG,22.31,4.29,238392,0.582012
valid,valid/images/nail_valid_000008.jpg,valid/masks/nail_valid_000008.png,640,640,3,1,JPEG,PNG,23.52,4.07,196144,0.478867
valid,valid/images/nail_valid_000009.jpg,valid/masks/nail_valid_000009.png,640,640,3,1,JPEG,PNG,22.44,4.15,185982,0.454058
valid,valid/images/nail_valid_000010.jpg,valid/masks/nail_valid_000010.png,640,640,3,1,JPEG,PNG,22.21,3.88,189925,0.463684
valid,valid/images/nail_valid_000011.jpg,valid/masks/nail_valid_000011.png,640,640,3,1,JPEG,PNG,28.81,3.6,40491,0.098855
valid,valid/images/nail_valid_000012.jpg,valid/masks/nail_valid_000012.png,640,640,3,1,JPEG,PNG,38.85,3.59,43019,0.105027
valid,valid/images/nail_valid_000013.jpg,valid/masks/nail_valid_000013.png,640,640,3,1,JPEG,PNG,30.42,2.41,22285,0.054407
valid,valid/images/nail_valid_000014.jpg,valid/masks/nail_valid_000014.png,640,640,3,1,JPEG,PNG,35.69,2.84,20826,0.050845
valid,valid/images/nail_valid_000015.jpg,valid/masks/nail_valid_000015.png,640,640,3,1,JPEG,PNG,49.64,2.22,13585,0.033167
valid,valid/images/nail_valid_000016.jpg,valid/masks/nail_valid_000016.png,640,640,3,1,JPEG,PNG,46.23,1.79,10720,0.026172
valid,valid/images/nail_valid_000017.jpg,valid/masks/nail_valid_000017.png,640,640,3,1,JPEG,PNG,34.93,4.11,62636,0.15292
valid,valid/images/nail_valid_000018.jpg,valid/masks/nail_valid_000018.png,640,640,3,1,JPEG,PNG,17.65,3.24,260350,0.63562
valid,valid/images/nail_valid_000019.jpg,valid/masks/nail_valid_000019.png,640,640,3,1,JPEG,PNG,34.77,2.15,17691,0.043191
valid,valid/images/nail_valid_000020.jpg,valid/masks/nail_valid_000020.png,640,640,3,1,JPEG,PNG,48.97,2.52,17829,0.043528
valid,valid/images/nail_valid_000021.jpg,valid/masks/nail_valid_000021.png,640,640,3,1,JPEG,PNG,37.15,2.48,18545,0.045276
valid,valid/images/nail_valid_000022.jpg,valid/masks/nail_valid_000022.png,640,640,3,1,JPEG,PNG,48.16,2.59,26690,0.065161
valid,valid/images/nail_valid_000023.jpg,valid/masks/nail_valid_000023.png,640,640,3,1,JPEG,PNG,30.99,2.65,20529,0.05012
valid,valid/images/nail_valid_000024.jpg,valid/masks/nail_valid_000024.png,640,640,3,1,JPEG,PNG,35.38,3.33,40430,0.098706
valid,valid/images/nail_valid_000025.jpg,valid/masks/nail_valid_000025.png,640,640,3,1,JPEG,PNG,38,3.61,41980,0.10249
valid,valid/images/nail_valid_000026.jpg,valid/masks/nail_valid_000026.png,640,640,3,1,JPEG,PNG,31.71,2.25,18704,0.045664
valid,valid/images/nail_valid_000027.jpg,valid/masks/nail_valid_000027.png,640,640,3,1,JPEG,PNG,45.05,3.99,58584,0.143027
valid,valid/images/nail_valid_000028.jpg,valid/masks/nail_valid_000028.png,640,640,3,1,JPEG,PNG,35.74,1.81,7463,0.01822
valid,valid/images/nail_valid_000029.jpg,valid/masks/nail_valid_000029.png,640,640,3,1,JPEG,PNG,47.36,4.73,61982,0.151323
valid,valid/images/nail_valid_000030.jpg,valid/masks/nail_valid_000030.png,640,640,3,1,JPEG,PNG,33.17,3.1,36809,0.089866
valid,valid/images/nail_valid_000031.jpg,valid/masks/nail_valid_000031.png,640,640,3,1,JPEG,PNG,52.89,3.13,34911,0.085232
valid,valid/images/nail_valid_000032.jpg,valid/masks/nail_valid_000032.png,640,640,3,1,JPEG,PNG,43.56,3.39,37553,0.091682
valid,valid/images/nail_valid_000033.jpg,valid/masks/nail_valid_000033.png,640,640,3,1,JPEG,PNG,36.31,1.87,13408,0.032734
valid,valid/images/nail_valid_000034.jpg,valid/masks/nail_valid_000034.png,640,640,3,1,JPEG,PNG,25.74,1.6,7605,0.018567
valid,valid/images/nail_valid_000035.jpg,valid/masks/nail_valid_000035.png,640,640,3,1,JPEG,PNG,27.37,3.15,38134,0.093101
valid,valid/images/nail_valid_000036.jpg,valid/masks/nail_valid_000036.png,640,640,3,1,JPEG,PNG,26.87,2.84,31958,0.078022
valid,valid/images/nail_valid_000037.jpg,valid/masks/nail_valid_000037.png,640,640,3,1,JPEG,PNG,54.52,1.52,7471,0.01824
valid,valid/images/nail_valid_000038.jpg,valid/masks/nail_valid_000038.png,640,640,3,1,JPEG,PNG,37.02,4.4,86917,0.2122
valid,valid/images/nail_valid_000039.jpg,valid/masks/nail_valid_000039.png,640,640,3,1,JPEG,PNG,40.49,3.28,36592,0.089336
valid,valid/images/nail_valid_000040.jpg,valid/masks/nail_valid_000040.png,640,640,3,1,JPEG,PNG,42.89,2.55,25909,0.063254
valid,valid/images/nail_valid_000041.jpg,valid/masks/nail_valid_000041.png,640,640,3,1,JPEG,PNG,44.86,3.73,37743,0.092146
valid,valid/images/nail_valid_000042.jpg,valid/masks/nail_valid_000042.png,640,640,3,1,JPEG,PNG,39.74,3.51,44315,0.108191
valid,valid/images/nail_valid_000043.jpg,valid/masks/nail_valid_000043.png,640,640,3,1,JPEG,PNG,39.8,3.98,55060,0.134424
valid,valid/images/nail_valid_000044.jpg,valid/masks/nail_valid_000044.png,640,640,3,1,JPEG,PNG,35.18,1.79,14055,0.034314
valid,valid/images/nail_valid_000045.jpg,valid/masks/nail_valid_000045.png,640,640,3,1,JPEG,PNG,34.22,2.23,19865,0.048499
valid,valid/images/nail_valid_000046.jpg,valid/masks/nail_valid_000046.png,640,640,3,1,JPEG,PNG,64.93,3.06,16421,0.04009
valid,valid/images/nail_valid_000047.jpg,valid/masks/nail_valid_000047.png,640,640,3,1,JPEG,PNG,26.08,1.6,9262,0.022612
valid,valid/images/nail_valid_000048.jpg,valid/masks/nail_valid_000048.png,640,640,3,1,JPEG,PNG,38.48,3.02,23903,0.058357
valid,valid/images/nail_valid_000049.jpg,valid/masks/nail_valid_000049.png,640,640,3,1,JPEG,PNG,46.31,2.29,21838,0.053315
valid,valid/images/nail_valid_000050.jpg,valid/masks/nail_valid_000050.png,640,640,3,1,JPEG,PNG,38.81,2.65,25715,0.062781
valid,valid/images/nail_valid_000051.jpg,valid/masks/nail_valid_000051.png,640,640,3,1,JPEG,PNG,50.77,3.51,33690,0.082251
valid,valid/images/nail_valid_000052.jpg,valid/masks/nail_valid_000052.png,640,640,3,1,JPEG,PNG,29.26,3,23925,0.058411
valid,valid/images/nail_valid_000053.jpg,valid/masks/nail_valid_000053.png,640,640,3,1,JPEG,PNG,42.34,2.94,22375,0.054626
valid,valid/images/nail_valid_000054.jpg,valid/masks/nail_valid_000054.png,640,640,3,1,JPEG,PNG,21.45,2.38,29431,0.071853
valid,valid/images/nail_valid_000055.jpg,valid/masks/nail_valid_000055.png,640,640,3,1,JPEG,PNG,38.84,1.73,18249,0.044553
valid,valid/images/nail_valid_000056.jpg,valid/masks/nail_valid_000056.png,640,640,3,1,JPEG,PNG,42.92,2.82,28327,0.069158
valid,valid/images/nail_valid_000057.jpg,valid/masks/nail_valid_000057.png,640,640,3,1,JPEG,PNG,48.67,2.83,19082,0.046587
valid,valid/images/nail_valid_000058.jpg,valid/masks/nail_valid_000058.png,640,640,3,1,JPEG,PNG,37.17,2.93,23375,0.057068
valid,valid/images/nail_valid_000059.jpg,valid/masks/nail_valid_000059.png,640,640,3,1,JPEG,PNG,45.03,4.14,54785,0.133752
valid,valid/images/nail_valid_000060.jpg,valid/masks/nail_valid_000060.png,640,640,3,1,JPEG,PNG,47.5,2.92,24859,0.060691
valid,valid/images/nail_valid_000061.jpg,valid/masks/nail_valid_000061.png,640,640,3,1,JPEG,PNG,39.14,3.76,43765,0.106848
valid,valid/images/nail_valid_000062.jpg,valid/masks/nail_valid_000062.png,640,640,3,1,JPEG,PNG,40.34,3.06,33748,0.082393
valid,valid/images/nail_valid_000063.jpg,valid/masks/nail_valid_000063.png,640,640,3,1,JPEG,PNG,46.07,3.64,31837,0.077727
valid,valid/images/nail_valid_000064.jpg,valid/masks/nail_valid_000064.png,640,640,3,1,JPEG,PNG,66.1,1.87,8381,0.020461
valid,valid/images/nail_valid_000065.jpg,valid/masks/nail_valid_000065.png,640,640,3,1,JPEG,PNG,41.01,2.28,45722,0.111626
valid,valid/images/nail_valid_000066.jpg,valid/masks/nail_valid_000066.png,640,640,3,1,JPEG,PNG,36.64,3.65,47083,0.114949
valid,valid/images/nail_valid_000067.jpg,valid/masks/nail_valid_000067.png,640,640,3,1,JPEG,PNG,50.81,2.41,15819,0.038621
valid,valid/images/nail_valid_000068.jpg,valid/masks/nail_valid_000068.png,640,640,3,1,JPEG,PNG,30.67,2.34,17658,0.04311
valid,valid/images/nail_valid_000069.jpg,valid/masks/nail_valid_000069.png,640,640,3,1,JPEG,PNG,46.04,4.42,54811,0.133816
valid,valid/images/nail_valid_000070.jpg,valid/masks/nail_valid_000070.png,640,640,3,1,JPEG,PNG,40.86,2.33,24631,0.060134
valid,valid/images/nail_valid_000071.jpg,valid/masks/nail_valid_000071.png,640,640,3,1,JPEG,PNG,44.46,4.18,57031,0.139236
valid,valid/images/nail_valid_000072.jpg,valid/masks/nail_valid_000072.png,640,640,3,1,JPEG,PNG,103.21,2.33,17759,0.043357
valid,valid/images/nail_valid_000073.jpg,valid/masks/nail_valid_000073.png,640,640,3,1,JPEG,PNG,69.38,2.19,16947,0.041375
valid,valid/images/nail_valid_000074.jpg,valid/masks/nail_valid_000074.png,640,640,3,1,JPEG,PNG,33.96,2.58,26071,0.06365
valid,valid/images/nail_valid_000075.jpg,valid/masks/nail_valid_000075.png,640,640,3,1,JPEG,PNG,31.69,2.25,17940,0.043799
valid,valid/images/nail_valid_000076.jpg,valid/masks/nail_valid_000076.png,640,640,3,1,JPEG,PNG,39.5,3.78,41861,0.1022
valid,valid/images/nail_valid_000077.jpg,valid/masks/nail_valid_000077.png,640,640,3,1,JPEG,PNG,41.77,2.74,21984,0.053672
valid,valid/images/nail_valid_000078.jpg,valid/masks/nail_valid_000078.png,640,640,3,1,JPEG,PNG,37.59,2.13,35882,0.087603
valid,valid/images/nail_valid_000079.jpg,valid/masks/nail_valid_000079.png,640,640,3,1,JPEG,PNG,29.41,2.66,22351,0.054568
valid,valid/images/nail_valid_000080.jpg,valid/masks/nail_valid_000080.png,640,640,3,1,JPEG,PNG,38.71,2.59,21151,0.051638
valid,valid/images/nail_valid_000081.jpg,valid/masks/nail_valid_000081.png,640,640,3,1,JPEG,PNG,41.51,1.89,10652,0.026006
valid,valid/images/nail_valid_000082.jpg,valid/masks/nail_valid_000082.png,640,640,3,1,JPEG,PNG,31.89,1.96,13446,0.032827
valid,valid/images/nail_valid_000083.jpg,valid/masks/nail_valid_000083.png,640,640,3,1,JPEG,PNG,51.93,2.22,26155,0.063855
valid,valid/images/nail_valid_000084.jpg,valid/masks/nail_valid_000084.png,640,640,3,1,JPEG,PNG,24.6,2.57,22494,0.054917
valid,valid/images/nail_valid_000085.jpg,valid/masks/nail_valid_000085.png,640,640,3,1,JPEG,PNG,47.51,3.91,49492,0.12083
valid,valid/images/nail_valid_000086.jpg,valid/masks/nail_valid_000086.png,640,640,3,1,JPEG,PNG,36.63,4.15,50990,0.124487
valid,valid/images/nail_valid_000087.jpg,valid/masks/nail_valid_000087.png,640,640,3,1,JPEG,PNG,39.12,2.98,28895,0.070544
valid,valid/images/nail_valid_000088.jpg,valid/masks/nail_valid_000088.png,640,640,3,1,JPEG,PNG,30.48,5.14,161087,0.393279
valid,valid/images/nail_valid_000089.jpg,valid/masks/nail_valid_000089.png,640,640,3,1,JPEG,PNG,26.2,1.61,6957,0.016985
valid,valid/images/nail_valid_000090.jpg,valid/masks/nail_valid_000090.png,640,640,3,1,JPEG,PNG,23.87,1.89,9350,0.022827
valid,valid/images/nail_valid_000091.jpg,valid/masks/nail_valid_000091.png,640,640,3,1,JPEG,PNG,72.89,2.29,14859,0.036277
valid,valid/images/nail_valid_000092.jpg,valid/masks/nail_valid_000092.png,640,640,3,1,JPEG,PNG,63.1,3.27,29042,0.070903
valid,valid/images/nail_valid_000093.jpg,valid/masks/nail_valid_000093.png,640,640,3,1,JPEG,PNG,36.32,2.25,15084,0.036826
valid,valid/images/nail_valid_000094.jpg,valid/masks/nail_valid_000094.png,640,640,3,1,JPEG,PNG,45.02,4.33,59102,0.144292
valid,valid/images/nail_valid_000095.jpg,valid/masks/nail_valid_000095.png,640,640,3,1,JPEG,PNG,90.75,3.62,57795,0.141101
valid,valid/images/nail_valid_000096.jpg,valid/masks/nail_valid_000096.png,640,640,3,1,JPEG,PNG,40.84,2.2,14136,0.034512
valid,valid/images/nail_valid_000097.jpg,valid/masks/nail_valid_000097.png,640,640,3,1,JPEG,PNG,40.24,3.17,45070,0.110034
valid,valid/images/nail_valid_000098.jpg,valid/masks/nail_valid_000098.png,640,640,3,1,JPEG,PNG,66.24,4.18,52716,0.128701
valid,valid/images/nail_valid_000099.jpg,valid/masks/nail_valid_000099.png,640,640,3,1,JPEG,PNG,53.54,3.61,26532,0.064775
valid,valid/images/nail_valid_000100.jpg,valid/masks/nail_valid_000100.png,640,640,3,1,JPEG,PNG,25.56,3.11,50376,0.122988
valid,valid/images/nail_valid_000101.jpg,valid/masks/nail_valid_000101.png,640,640,3,1,JPEG,PNG,33.81,2.08,13404,0.032725
valid,valid/images/nail_valid_000102.jpg,valid/masks/nail_valid_000102.png,640,640,3,1,JPEG,PNG,37.93,3.03,36204,0.088389
valid,valid/images/nail_valid_000103.jpg,valid/masks/nail_valid_000103.png,640,640,3,1,JPEG,PNG,35.27,3.82,43922,0.107231
valid,valid/images/nail_valid_000104.jpg,valid/masks/nail_valid_000104.png,640,640,3,1,JPEG,PNG,44.9,4.1,36887,0.090056
valid,valid/images/nail_valid_000105.jpg,valid/masks/nail_valid_000105.png,640,640,3,1,JPEG,PNG,63.08,2.51,19563,0.047761
valid,valid/images/nail_valid_000106.jpg,valid/masks/nail_valid_000106.png,640,640,3,1,JPEG,PNG,61.86,1.14,2819,0.006882
valid,valid/images/nail_valid_000107.jpg,valid/masks/nail_valid_000107.png,640,640,3,1,JPEG,PNG,43.9,3.65,39620,0.096729
valid,valid/images/nail_valid_000108.jpg,valid/masks/nail_valid_000108.png,640,640,3,1,JPEG,PNG,25.99,1.59,22850,0.055786
valid,valid/images/nail_valid_000109.jpg,valid/masks/nail_valid_000109.png,640,640,3,1,JPEG,PNG,57.58,1.6,10050,0.024536
valid,valid/images/nail_valid_000110.jpg,valid/masks/nail_valid_000110.png,640,640,3,1,JPEG,PNG,46.94,3.44,32677,0.079778
valid,valid/images/nail_valid_000111.jpg,valid/masks/nail_valid_000111.png,640,640,3,1,JPEG,PNG,43.84,3.47,32803,0.080085
valid,valid/images/nail_valid_000112.jpg,valid/masks/nail_valid_000112.png,640,640,3,1,JPEG,PNG,40.75,3.93,52055,0.127087
valid,valid/images/nail_valid_000113.jpg,valid/masks/nail_valid_000113.png,640,640,3,1,JPEG,PNG,46.77,4.24,60282,0.147173
valid,valid/images/nail_valid_000114.jpg,valid/masks/nail_valid_000114.png,640,640,3,1,JPEG,PNG,29.18,2.03,12486,0.030483
valid,valid/images/nail_valid_000115.jpg,valid/masks/nail_valid_000115.png,640,640,3,1,JPEG,PNG,41.32,1.78,9299,0.022703
valid,valid/images/nail_valid_000116.jpg,valid/masks/nail_valid_000116.png,640,640,3,1,JPEG,PNG,54.16,2.1,14875,0.036316
valid,valid/images/nail_valid_000117.jpg,valid/masks/nail_valid_000117.png,640,640,3,1,JPEG,PNG,33.01,2.32,22147,0.05407
valid,valid/images/nail_valid_000118.jpg,valid/masks/nail_valid_000118.png,640,640,3,1,JPEG,PNG,38.24,3.36,36949,0.090208
valid,valid/images/nail_valid_000119.jpg,valid/masks/nail_valid_000119.png,640,640,3,1,JPEG,PNG,35.12,2.73,33621,0.082083
valid,valid/images/nail_valid_000120.jpg,valid/masks/nail_valid_000120.png,640,640,3,1,JPEG,PNG,42.63,3.36,43435,0.106042
valid,valid/images/nail_valid_000121.jpg,valid/masks/nail_valid_000121.png,640,640,3,1,JPEG,PNG,89.14,1.73,13577,0.033147
valid,valid/images/nail_valid_000122.jpg,valid/masks/nail_valid_000122.png,640,640,3,1,JPEG,PNG,52.54,2.7,27616,0.067422
valid,valid/images/nail_valid_000123.jpg,valid/masks/nail_valid_000123.png,640,640,3,1,JPEG,PNG,87.73,2.2,12854,0.031382
valid,valid/images/nail_valid_000124.jpg,valid/masks/nail_valid_000124.png,640,640,3,1,JPEG,PNG,32.88,3.06,36539,0.089207
valid,valid/images/nail_valid_000125.jpg,valid/masks/nail_valid_000125.png,640,640,3,1,JPEG,PNG,38.67,3.55,40814,0.099644
valid,valid/images/nail_valid_000126.jpg,valid/masks/nail_valid_000126.png,640,640,3,1,JPEG,PNG,32.29,2.42,24845,0.060657
valid,valid/images/nail_valid_000127.jpg,valid/masks/nail_valid_000127.png,640,640,3,1,JPEG,PNG,44.19,3.53,42048,0.102656
valid,valid/images/nail_valid_000128.jpg,valid/masks/nail_valid_000128.png,640,640,3,1,JPEG,PNG,36.9,4.61,64128,0.156562
valid,valid/images/nail_valid_000129.jpg,valid/masks/nail_valid_000129.png,640,640,3,1,JPEG,PNG,31.32,2.53,27594,0.067368
valid,valid/images/nail_valid_000130.jpg,valid/masks/nail_valid_000130.png,640,640,3,1,JPEG,PNG,34.59,2.55,41387,0.101042
valid,valid/images/nail_valid_000131.jpg,valid/masks/nail_valid_000131.png,640,640,3,1,JPEG,PNG,48.14,3.87,49507,0.120867
valid,valid/images/nail_valid_000132.jpg,valid/masks/nail_valid_000132.png,640,640,3,1,JPEG,PNG,78.31,1.85,9074,0.022153
valid,valid/images/nail_valid_000133.jpg,valid/masks/nail_valid_000133.png,640,640,3,1,JPEG,PNG,64.64,2.58,18135,0.044275
valid,valid/images/nail_valid_000134.jpg,valid/masks/nail_valid_000134.png,640,640,3,1,JPEG,PNG,25.99,2.8,23608,0.057637
valid,valid/images/nail_valid_000135.jpg,valid/masks/nail_valid_000135.png,640,640,3,1,JPEG,PNG,49.09,2.14,14382,0.035112
valid,valid/images/nail_valid_000136.jpg,valid/masks/nail_valid_000136.png,640,640,3,1,JPEG,PNG,34.38,2.54,22322,0.054497
valid,valid/images/nail_valid_000137.jpg,valid/masks/nail_valid_000137.png,640,640,3,1,JPEG,PNG,44.61,3.85,49268,0.120283
valid,valid/images/nail_valid_000138.jpg,valid/masks/nail_valid_000138.png,640,640,3,1,JPEG,PNG,30.64,1.55,5589,0.013645
valid,valid/images/nail_valid_000139.jpg,valid/masks/nail_valid_000139.png,640,640,3,1,JPEG,PNG,44.26,2.45,23440,0.057227
valid,valid/images/nail_valid_000140.jpg,valid/masks/nail_valid_000140.png,640,640,3,1,JPEG,PNG,44.96,3.41,47564,0.116123
valid,valid/images/nail_valid_000141.jpg,valid/masks/nail_valid_000141.png,640,640,3,1,JPEG,PNG,84.51,2.5,16619,0.040574
valid,valid/images/nail_valid_000142.jpg,valid/masks/nail_valid_000142.png,640,640,3,1,JPEG,PNG,41.28,2.71,17251,0.042117
valid,valid/images/nail_valid_000143.jpg,valid/masks/nail_valid_000143.png,640,640,3,1,JPEG,PNG,43.99,4.74,68499,0.167234
valid,valid/images/nail_valid_000144.jpg,valid/masks/nail_valid_000144.png,640,640,3,1,JPEG,PNG,44.78,2.9,25084,0.06124
valid,valid/images/nail_valid_000145.jpg,valid/masks/nail_valid_000145.png,640,640,3,1,JPEG,PNG,40.82,3.13,35293,0.086165
valid,valid/images/nail_valid_000146.jpg,valid/masks/nail_valid_000146.png,640,640,3,1,JPEG,PNG,45.29,3.55,42768,0.104414
valid,valid/images/nail_valid_000147.jpg,valid/masks/nail_valid_000147.png,640,640,3,1,JPEG,PNG,39.93,2.12,18514,0.0452
valid,valid/images/nail_valid_000148.jpg,valid/masks/nail_valid_000148.png,640,640,3,1,JPEG,PNG,95.29,2.6,22165,0.054114
valid,valid/images/nail_valid_000149.jpg,valid/masks/nail_valid_000149.png,640,640,3,1,JPEG,PNG,33.38,2.22,12304,0.030039
valid,valid/images/nail_valid_000150.jpg,valid/masks/nail_valid_000150.png,640,640,3,1,JPEG,PNG,54.83,1.7,7894,0.019272
valid,valid/images/nail_valid_000151.jpg,valid/masks/nail_valid_000151.png,640,640,3,1,JPEG,PNG,41.92,3.41,33927,0.08283
valid,valid/images/nail_valid_000152.jpg,valid/masks/nail_valid_000152.png,640,640,3,1,JPEG,PNG,35.65,1.9,14324,0.034971
valid,valid/images/nail_valid_000153.jpg,valid/masks/nail_valid_000153.png,640,640,3,1,JPEG,PNG,25.37,2.42,26680,0.065137
valid,valid/images/nail_valid_000154.jpg,valid/masks/nail_valid_000154.png,640,640,3,1,JPEG,PNG,42.26,2.49,32221,0.078665
valid,valid/images/nail_valid_000155.jpg,valid/masks/nail_valid_000155.png,640,640,3,1,JPEG,PNG,44.65,3.53,39264,0.095859
valid,valid/images/nail_valid_000156.jpg,valid/masks/nail_valid_000156.png,640,640,3,1,JPEG,PNG,35.14,1.55,6805,0.016614
valid,valid/images/nail_valid_000157.jpg,valid/masks/nail_valid_000157.png,640,640,3,1,JPEG,PNG,45.16,3.83,41390,0.10105
valid,valid/images/nail_valid_000158.jpg,valid/masks/nail_valid_000158.png,640,640,3,1,JPEG,PNG,57.24,1.83,10213,0.024934
valid,valid/images/nail_valid_000159.jpg,valid/masks/nail_valid_000159.png,640,640,3,1,JPEG,PNG,41.01,2.73,31097,0.07592
valid,valid/images/nail_valid_000160.jpg,valid/masks/nail_valid_000160.png,640,640,3,1,JPEG,PNG,45.19,2.03,13206,0.032241
valid,valid/images/nail_valid_000161.jpg,valid/masks/nail_valid_000161.png,640,640,3,1,JPEG,PNG,79.37,2.73,25850,0.06311
valid,valid/images/nail_valid_000162.jpg,valid/masks/nail_valid_000162.png,640,640,3,1,JPEG,PNG,40.78,3.13,37748,0.092158
valid,valid/images/nail_valid_000163.jpg,valid/masks/nail_valid_000163.png,640,640,3,1,JPEG,PNG,40.36,3.35,38628,0.094307
valid,valid/images/nail_valid_000164.jpg,valid/masks/nail_valid_000164.png,640,640,3,1,JPEG,PNG,43.94,3.87,32663,0.079744
valid,valid/images/nail_valid_000165.jpg,valid/masks/nail_valid_000165.png,640,640,3,1,JPEG,PNG,40.6,3.19,37788,0.092256
valid,valid/images/nail_valid_000166.jpg,valid/masks/nail_valid_000166.png,640,640,3,1,JPEG,PNG,34.3,2.18,25112,0.061309
valid,valid/images/nail_valid_000167.jpg,valid/masks/nail_valid_000167.png,640,640,3,1,JPEG,PNG,20.49,3.59,219706,0.536392
valid,valid/images/nail_valid_000168.jpg,valid/masks/nail_valid_000168.png,640,640,3,1,JPEG,PNG,20.13,3.67,214215,0.522986
valid,valid/images/nail_valid_000169.jpg,valid/masks/nail_valid_000169.png,640,640,3,1,JPEG,PNG,30.78,1.35,10666,0.02604
valid,valid/images/nail_valid_000170.jpg,valid/masks/nail_valid_000170.png,640,640,3,1,JPEG,PNG,18.22,4.08,192116,0.469033
valid,valid/images/nail_valid_000171.jpg,valid/masks/nail_valid_000171.png,640,640,3,1,JPEG,PNG,24.01,2.24,23366,0.057046
valid,valid/images/nail_valid_000172.jpg,valid/masks/nail_valid_000172.png,640,640,3,1,JPEG,PNG,28.12,1.74,10238,0.024995
valid,valid/images/nail_valid_000173.jpg,valid/masks/nail_valid_000173.png,640,640,3,1,JPEG,PNG,29.23,1.98,10597,0.025872
valid,valid/images/nail_valid_000174.jpg,valid/masks/nail_valid_000174.png,640,640,3,1,JPEG,PNG,19.05,3.93,191011,0.466335
valid,valid/images/nail_valid_000175.jpg,valid/masks/nail_valid_000175.png,640,640,3,1,JPEG,PNG,29.82,1.15,3949,0.009641
valid,valid/images/nail_valid_000176.jpg,valid/masks/nail_valid_000176.png,640,640,3,1,JPEG,PNG,26.58,1.24,4822,0.011772
valid,valid/images/nail_valid_000177.jpg,valid/masks/nail_valid_000177.png,640,640,3,1,JPEG,PNG,40.49,1.19,3583,0.008748
valid,valid/images/nail_valid_000178.jpg,valid/masks/nail_valid_000178.png,640,640,3,1,JPEG,PNG,34.09,1.38,5341,0.01304
valid,valid/images/nail_valid_000179.jpg,valid/masks/nail_valid_000179.png,640,640,3,1,JPEG,PNG,29.09,2.68,52298,0.127681
valid,valid/images/nail_valid_000180.jpg,valid/masks/nail_valid_000180.png,640,640,3,1,JPEG,PNG,38.73,1.53,5032,0.012285
valid,valid/images/nail_valid_000181.jpg,valid/masks/nail_valid_000181.png,640,640,3,1,JPEG,PNG,27.03,2.42,25096,0.06127
valid,valid/images/nail_valid_000182.jpg,valid/masks/nail_valid_000182.png,640,640,3,1,JPEG,PNG,36.36,0.94,1142,0.002788
valid,valid/images/nail_valid_000183.jpg,valid/masks/nail_valid_000183.png,640,640,3,1,JPEG,PNG,21.7,3.77,220673,0.538752
valid,valid/images/nail_valid_000184.jpg,valid/masks/nail_valid_000184.png,640,640,3,1,JPEG,PNG,19.35,3.33,222031,0.542068
valid,valid/images/nail_valid_000185.jpg,valid/masks/nail_valid_000185.png,640,640,3,1,JPEG,PNG,32.41,2.5,27993,0.068342
valid,valid/images/nail_valid_000186.jpg,valid/masks/nail_valid_000186.png,640,640,3,1,JPEG,PNG,27.89,2.57,25130,0.061353
valid,valid/images/nail_valid_000187.jpg,valid/masks/nail_valid_000187.png,640,640,3,1,JPEG,PNG,35.39,2.04,16542,0.040386
valid,valid/images/nail_valid_000188.jpg,valid/masks/nail_valid_000188.png,640,640,3,1,JPEG,PNG,29.6,4.01,195500,0.477295
valid,valid/images/nail_valid_000189.jpg,valid/masks/nail_valid_000189.png,640,640,3,1,JPEG,PNG,30.56,3.98,197180,0.481396
valid,valid/images/nail_valid_000190.jpg,valid/masks/nail_valid_000190.png,640,640,3,1,JPEG,PNG,24.11,2.78,287393,0.701643
valid,valid/images/nail_valid_000191.jpg,valid/masks/nail_valid_000191.png,640,640,3,1,JPEG,PNG,23.06,3.14,238469,0.5822
valid,valid/images/nail_valid_000192.jpg,valid/masks/nail_valid_000192.png,640,640,3,1,JPEG,PNG,32.46,4.37,82722,0.201958
valid,valid/images/nail_valid_000193.jpg,valid/masks/nail_valid_000193.png,640,640,3,1,JPEG,PNG,21.18,3.86,205622,0.502007
valid,valid/images/nail_valid_000194.jpg,valid/masks/nail_valid_000194.png,640,640,3,1,JPEG,PNG,26.54,4.1,198906,0.48561
valid,valid/images/nail_valid_000195.jpg,valid/masks/nail_valid_000195.png,640,640,3,1,JPEG,PNG,23.66,4.36,215993,0.527327
valid,valid/images/nail_valid_000196.jpg,valid/masks/nail_valid_000196.png,640,640,3,1,JPEG,PNG,23.25,3.92,197554,0.48231
valid,valid/images/nail_valid_000197.jpg,valid/masks/nail_valid_000197.png,640,640,3,1,JPEG,PNG,19.32,4.29,212329,0.518381
valid,valid/images/nail_valid_000198.jpg,valid/masks/nail_valid_000198.png,640,640,3,1,JPEG,PNG,24.21,4.07,216302,0.528081
valid,valid/images/nail_valid_000199.jpg,valid/masks/nail_valid_000199.png,640,640,3,1,JPEG,PNG,25.57,3.88,178653,0.436165
valid,valid/images/nail_valid_000200.jpg,valid/masks/nail_valid_000200.png,640,640,3,1,JPEG,PNG,27.24,3.59,196250,0.479126
valid,valid/images/nail_valid_000201.jpg,valid/masks/nail_valid_000201.png,640,640,3,1,JPEG,PNG,35.83,1.39,7150,0.017456
valid,valid/images/nail_valid_000202.jpg,valid/masks/nail_valid_000202.png,640,640,3,1,JPEG,PNG,22.96,3.71,247862,0.605132
valid,valid/images/nail_valid_000203.jpg,valid/masks/nail_valid_000203.png,640,640,3,1,JPEG,PNG,25.24,3.63,214804,0.524424
valid,valid/images/nail_valid_000204.jpg,valid/masks/nail_valid_000204.png,640,640,3,1,JPEG,PNG,54.11,3.09,60687,0.148162
valid,valid/images/nail_valid_000205.jpg,valid/masks/nail_valid_000205.png,640,640,3,1,JPEG,PNG,22.06,3.79,233641,0.570413
valid,valid/images/nail_valid_000206.jpg,valid/masks/nail_valid_000206.png,640,640,3,1,JPEG,PNG,25.61,4.12,219452,0.535771
valid,valid/images/nail_valid_000207.jpg,valid/masks/nail_valid_000207.png,640,640,3,1,JPEG,PNG,28.09,3.19,42821,0.104543
valid,valid/images/nail_valid_000208.jpg,valid/masks/nail_valid_000208.png,640,640,3,1,JPEG,PNG,28.51,4.1,149743,0.365583
valid,valid/images/nail_valid_000209.jpg,valid/masks/nail_valid_000209.png,640,640,3,1,JPEG,PNG,33.88,4.29,149886,0.365933
valid,valid/images/nail_valid_000210.jpg,valid/masks/nail_valid_000210.png,640,640,3,1,JPEG,PNG,21.19,3.72,189815,0.463416
valid,valid/images/nail_valid_000211.jpg,valid/masks/nail_valid_000211.png,640,640,3,1,JPEG,PNG,19.75,3.76,136158,0.332417
valid,valid/images/nail_valid_000212.jpg,valid/masks/nail_valid_000212.png,640,640,3,1,JPEG,PNG,39.87,2.02,11203,0.027351
valid,valid/images/nail_valid_000213.jpg,valid/masks/nail_valid_000213.png,640,640,3,1,JPEG,PNG,30.42,2.28,25840,0.063086
valid,valid/images/nail_valid_000214.jpg,valid/masks/nail_valid_000214.png,640,640,3,1,JPEG,PNG,47.39,2.34,20387,0.049773
valid,valid/images/nail_valid_000215.jpg,valid/masks/nail_valid_000215.png,640,640,3,1,JPEG,PNG,30.83,2.03,19404,0.047373
valid,valid/images/nail_valid_000216.jpg,valid/masks/nail_valid_000216.png,640,640,3,1,JPEG,PNG,23.8,3.34,246716,0.602334
valid,valid/images/nail_valid_000217.jpg,valid/masks/nail_valid_000217.png,640,640,3,1,JPEG,PNG,29.38,1.58,12722,0.03106
valid,valid/images/nail_valid_000218.jpg,valid/masks/nail_valid_000218.png,640,640,3,1,JPEG,PNG,26.03,3.63,188375,0.4599
valid,valid/images/nail_valid_000219.jpg,valid/masks/nail_valid_000219.png,640,640,3,1,JPEG,PNG,28.34,3.72,173959,0.424705
valid,valid/images/nail_valid_000220.jpg,valid/masks/nail_valid_000220.png,640,640,3,1,JPEG,PNG,31.29,1.48,7155,0.017468
valid,valid/images/nail_valid_000221.jpg,valid/masks/nail_valid_000221.png,640,640,3,1,JPEG,PNG,34.03,1.56,6359,0.015525
valid,valid/images/nail_valid_000222.jpg,valid/masks/nail_valid_000222.png,640,640,3,1,JPEG,PNG,30.93,1.86,11248,0.027461
valid,valid/images/nail_valid_000223.jpg,valid/masks/nail_valid_000223.png,640,640,3,1,JPEG,PNG,40.15,2.15,10331,0.025222
valid,valid/images/nail_valid_000224.jpg,valid/masks/nail_valid_000224.png,640,640,3,1,JPEG,PNG,37.13,1.34,8077,0.019719
valid,valid/images/nail_valid_000225.jpg,valid/masks/nail_valid_000225.png,640,640,3,1,JPEG,PNG,27.4,0.91,2729,0.006663
valid,valid/images/nail_valid_000226.jpg,valid/masks/nail_valid_000226.png,640,640,3,1,JPEG,PNG,20.37,1.37,5574,0.013608
valid,valid/images/nail_valid_000227.jpg,valid/masks/nail_valid_000227.png,640,640,3,1,JPEG,PNG,22.36,4.26,182325,0.445129
valid,valid/images/nail_valid_000228.jpg,valid/masks/nail_valid_000228.png,640,640,3,1,JPEG,PNG,15.68,4.13,224604,0.54835
valid,valid/images/nail_valid_000229.jpg,valid/masks/nail_valid_000229.png,640,640,3,1,JPEG,PNG,15.51,2.92,222918,0.544233
valid,valid/images/nail_valid_000230.jpg,valid/masks/nail_valid_000230.png,640,640,3,1,JPEG,PNG,16.3,3.53,240268,0.586592
valid,valid/images/nail_valid_000231.jpg,valid/masks/nail_valid_000231.png,640,640,3,1,JPEG,PNG,20.5,4.11,180512,0.440703
test,test/images/nail_test_000001.jpg,test/masks/nail_test_000001.png,640,640,3,1,JPEG,PNG,22.96,2.31,28068,0.068525
test,test/images/nail_test_000002.jpg,test/masks/nail_test_000002.png,640,640,3,1,JPEG,PNG,28.5,0.65,1255,0.003064
test,test/images/nail_test_000003.jpg,test/masks/nail_test_000003.png,640,640,3,1,JPEG,PNG,23.47,0.65,559,0.001365
test,test/images/nail_test_000004.jpg,test/masks/nail_test_000004.png,640,640,3,1,JPEG,PNG,39.3,1.36,4353,0.010627
test,test/images/nail_test_000005.jpg,test/masks/nail_test_000005.png,640,640,3,1,JPEG,PNG,38.95,1.38,4806,0.011733
test,test/images/nail_test_000006.jpg,test/masks/nail_test_000006.png,640,640,3,1,JPEG,PNG,30.09,0.71,3095,0.007556
test,test/images/nail_test_000007.jpg,test/masks/nail_test_000007.png,640,640,3,1,JPEG,PNG,32.78,1.63,13412,0.032744
test,test/images/nail_test_000008.jpg,test/masks/nail_test_000008.png,640,640,3,1,JPEG,PNG,22.48,3.4,100558,0.245503
test,test/images/nail_test_000007.jpg,test/masks/nail_test_000007.png,640,640,3,1,JPEG,PNG,25.96,1.2,4632,0.011309
test,test/images/nail_test_000011.jpg,test/masks/nail_test_000011.png,640,640,3,1,JPEG,PNG,32.45,1.56,6925,0.016907
test,test/images/nail_test_000018.jpg,test/masks/nail_test_000018.png,640,640,3,1,JPEG,PNG,42.26,1.83,9913,0.024202
test,test/images/nail_test_000026.jpg,test/masks/nail_test_000026.png,640,640,3,1,JPEG,PNG,23.21,1.63,8115,0.019812
test,test/images/nail_test_000030.jpg,test/masks/nail_test_000030.png,640,640,3,1,JPEG,PNG,40.97,1.56,6938,0.016938
test,test/images/nail_test_000038.jpg,test/masks/nail_test_000038.png,640,640,3,1,JPEG,PNG,25.97,2.63,28428,0.069404
test,test/images/nail_test_000046.jpg,test/masks/nail_test_000046.png,640,640,3,1,JPEG,PNG,28.19,2.07,16058,0.039204
test,test/images/nail_test_000051.jpg,test/masks/nail_test_000051.png,640,640,3,1,JPEG,PNG,30.36,2.23,24497,0.059807
test,test/images/nail_test_000067.jpg,test/masks/nail_test_000067.png,640,640,3,1,JPEG,PNG,21.42,1.92,20543,0.050154
test,test/images/nail_test_000079.jpg,test/masks/nail_test_000079.png,640,640,3,1,JPEG,PNG,34.56,2.08,20843,0.050886
test,test/images/nail_test_000080.jpg,test/masks/nail_test_000080.png,640,640,3,1,JPEG,PNG,24.08,2.43,20814,0.050815
test,test/images/nail_test_000091.jpg,test/masks/nail_test_000091.png,640,640,3,1,JPEG,PNG,20.9,1.05,1849,0.004514
test,test/images/nail_test_000112.jpg,test/masks/nail_test_000112.png,640,640,3,1,JPEG,PNG,29.4,2.07,13656,0.03334
test,test/images/nail_test_000115.jpg,test/masks/nail_test_000115.png,640,640,3,1,JPEG,PNG,26.78,2.93,45553,0.111213
test,test/images/nail_test_000126.jpg,test/masks/nail_test_000126.png,640,640,3,1,JPEG,PNG,21.92,2.39,20793,0.050764
test,test/images/nail_test_000131.jpg,test/masks/nail_test_000131.png,640,640,3,1,JPEG,PNG,40.84,1.46,7901,0.01929
test,test/images/nail_test_000135.jpg,test/masks/nail_test_000135.png,640,640,3,1,JPEG,PNG,39.24,2.7,41767,0.10197
test,test/images/nail_test_000178.jpg,test/masks/nail_test_000178.png,640,640,3,1,JPEG,PNG,30.31,2.37,21198,0.051753
test,test/images/nail_test_000211.jpg,test/masks/nail_test_000211.png,640,640,3,1,JPEG,PNG,19.08,1.34,4755,0.011609
test,test/images/nail_test_000237.jpg,test/masks/nail_test_000237.png,640,640,3,1,JPEG,PNG,23.96,1.52,6293,0.015364
test,test/images/nail_test_000252.jpg,test/masks/nail_test_000252.png,640,640,3,1,JPEG,PNG,29.05,1.59,5944,0.014512
test,test/images/nail_test_000283.jpg,test/masks/nail_test_000283.png,640,640,3,1,JPEG,PNG,20.93,1.21,5039,0.012302
test,test/images/nail_test_000285.jpg,test/masks/nail_test_000285.png,640,640,3,1,JPEG,PNG,22.53,1.15,3376,0.008242
test,test/images/nail_test_000290.jpg,test/masks/nail_test_000290.png,640,640,3,1,JPEG,PNG,47.42,0.47,0,0
test,test/images/nail_test_000291.jpg,test/masks/nail_test_000291.png,640,640,3,1,JPEG,PNG,23.78,1.15,2880,0.007031
test,test/images/nail_test_000307.jpg,test/masks/nail_test_000307.png,640,640,3,1,JPEG,PNG,37.1,3.06,45170,0.110278
test,test/images/nail_test_000317.jpg,test/masks/nail_test_000317.png,640,640,3,1,JPEG,PNG,28.52,0.47,0,0
test,test/images/nail_test_000320.jpg,test/masks/nail_test_000320.png,640,640,3,1,JPEG,PNG,24.34,0.61,1219,0.002976
test,test/images/nail_test_000335.jpg,test/masks/nail_test_000335.png,640,640,3,1,JPEG,PNG,33.86,1.21,6148,0.01501
test,test/images/nail_test_000344.jpg,test/masks/nail_test_000344.png,640,640,3,1,JPEG,PNG,25.62,1.27,5576,0.013613
test,test/images/nail_test_000348.jpg,test/masks/nail_test_000348.png,640,640,3,1,JPEG,PNG,33.83,1.38,8549,0.020872
test,test/images/nail_test_000351.jpg,test/masks/nail_test_000351.png,640,640,3,1,JPEG,PNG,23.45,1.16,3286,0.008022
test,test/images/nail_test_000366.jpg,test/masks/nail_test_000366.png,640,640,3,1,JPEG,PNG,26.21,2.52,155137,0.378752
test,test/images/nail_test_000384.jpg,test/masks/nail_test_000384.png,640,640,3,1,JPEG,PNG,34.64,1.4,6483,0.015828
test,test/images/nail_test_000395.jpg,test/masks/nail_test_000395.png,640,640,3,1,JPEG,PNG,30.03,1.28,4754,0.011606
test,test/images/nail_test_000398.jpg,test/masks/nail_test_000398.png,640,640,3,1,JPEG,PNG,25.83,1.34,4654,0.011362
test,test/images/nail_test_000406.jpg,test/masks/nail_test_000406.png,640,640,3,1,JPEG,PNG,30.17,1.71,13409,0.032737
test,test/images/nail_test_000411.jpg,test/masks/nail_test_000411.png,640,640,3,1,JPEG,PNG,19.36,1.29,5425,0.013245
test,test/images/nail_test_000414.jpg,test/masks/nail_test_000414.png,640,640,3,1,JPEG,PNG,27,1.93,11265,0.027502
test,test/images/nail_test_000430.jpg,test/masks/nail_test_000430.png,640,640,3,1,JPEG,PNG,29.01,1.3,7509,0.018333
test,test/images/nail_test_000431.jpg,test/masks/nail_test_000431.png,640,640,3,1,JPEG,PNG,22.4,1.15,5228,0.012764
test,test/images/nail_test_000446.jpg,test/masks/nail_test_000446.png,640,640,3,1,JPEG,PNG,33.29,1.68,7987,0.0195
test,test/images/nail_test_000449.jpg,test/masks/nail_test_000449.png,640,640,3,1,JPEG,PNG,24.48,1.59,5916,0.014443
test,test/images/nail_test_000450.jpg,test/masks/nail_test_000450.png,640,640,3,1,JPEG,PNG,26.51,1.09,4268,0.01042
test,test/images/nail_test_000475.jpg,test/masks/nail_test_000475.png,640,640,3,1,JPEG,PNG,41.44,2.7,37324,0.091123
test,test/images/nail_test_000480.jpg,test/masks/nail_test_000480.png,640,640,3,1,JPEG,PNG,25.41,1.42,6281,0.015334
test,test/images/nail_test_000487.jpg,test/masks/nail_test_000487.png,640,640,3,1,JPEG,PNG,31.89,1.52,5412,0.013213
test,test/images/nail_test_000497.jpg,test/masks/nail_test_000497.png,640,640,3,1,JPEG,PNG,31.05,1.32,3538,0.008638
test,test/images/nail_test_000510.jpg,test/masks/nail_test_000510.png,640,640,3,1,JPEG,PNG,25.33,1.47,7544,0.018418
test,test/images/nail_test_000530.jpg,test/masks/nail_test_000530.png,640,640,3,1,JPEG,PNG,19.06,1.31,5301,0.012942
test,test/images/nail_test_000569.jpg,test/masks/nail_test_000569.png,640,640,3,1,JPEG,PNG,56.42,1.22,4123,0.010066
test,test/images/nail_test_000577.jpg,test/masks/nail_test_000577.png,640,640,3,1,JPEG,PNG,23.87,1.37,4191,0.010232
test,test/images/nail_test_000601.jpg,test/masks/nail_test_000601.png,640,640,3,1,JPEG,PNG,26.69,1.26,4970,0.012134
test,test/images/nail_test_000609.jpg,test/masks/nail_test_000609.png,640,640,3,1,JPEG,PNG,29.37,1.44,8187,0.019988
test,test/images/nail_test_000611.jpg,test/masks/nail_test_000611.png,640,640,3,1,JPEG,PNG,26.74,1.43,4891,0.011941
test,test/images/nail_test_000619.jpg,test/masks/nail_test_000619.png,640,640,3,1,JPEG,PNG,24.91,1.63,7194,0.017563
test,test/images/nail_test_000624.jpg,test/masks/nail_test_000624.png,640,640,3,1,JPEG,PNG,35.05,1.59,11066,0.027017
test,test/images/nail_test_000629.jpg,test/masks/nail_test_000629.png,640,640,3,1,JPEG,PNG,22.96,1.82,19392,0.047344
test,test/images/nail_test_000631.jpg,test/masks/nail_test_000631.png,640,640,3,1,JPEG,PNG,26.32,1.35,4351,0.010623
test,test/images/nail_test_000634.jpg,test/masks/nail_test_000634.png,640,640,3,1,JPEG,PNG,29.87,1.76,7395,0.018054
test,test/images/nail_test_000637.jpg,test/masks/nail_test_000637.png,640,640,3,1,JPEG,PNG,31.96,2.02,16051,0.039187
test,test/images/nail_test_000639.jpg,test/masks/nail_test_000639.png,640,640,3,1,JPEG,PNG,26.78,1.48,6511,0.015896
test,test/images/nail_test_000662.jpg,test/masks/nail_test_000662.png,640,640,3,1,JPEG,PNG,23.15,1.09,4731,0.01155
test,test/images/nail_test_000668.jpg,test/masks/nail_test_000668.png,640,640,3,1,JPEG,PNG,18.71,1.35,4569,0.011155
test,test/images/nail_test_000675.jpg,test/masks/nail_test_000675.png,640,640,3,1,JPEG,PNG,24.89,1.86,13262,0.032378
test,test/images/nail_test_000698.jpg,test/masks/nail_test_000698.png,640,640,3,1,JPEG,PNG,44.38,1.88,11859,0.028953
test,test/images/nail_test_000707.jpg,test/masks/nail_test_000707.png,640,640,3,1,JPEG,PNG,23.63,1.55,7782,0.018999
test,test/images/nail_test_000709.jpg,test/masks/nail_test_000709.png,640,640,3,1,JPEG,PNG,56.1,1.5,6830,0.016675
test,test/images/nail_test_000711.jpg,test/masks/nail_test_000711.png,640,640,3,1,JPEG,PNG,30.43,1.35,5467,0.013347
test,test/images/nail_test_000715.jpg,test/masks/nail_test_000715.png,640,640,3,1,JPEG,PNG,73.06,1.65,10244,0.02501
test,test/images/nail_test_000716.jpg,test/masks/nail_test_000716.png,640,640,3,1,JPEG,PNG,50.93,1.98,10174,0.024839
test,test/images/nail_test_000719.jpg,test/masks/nail_test_000719.png,640,640,3,1,JPEG,PNG,49.42,2.5,13140,0.03208
test,test/images/nail_test_000723.jpg,test/masks/nail_test_000723.png,640,640,3,1,JPEG,PNG,26.1,1.91,15557,0.037981
test,test/images/nail_test_000731.jpg,test/masks/nail_test_000731.png,640,640,3,1,JPEG,PNG,34.7,1.82,12450,0.030396
test,test/images/nail_test_000734.jpg,test/masks/nail_test_000734.png,640,640,3,1,JPEG,PNG,34.49,1.74,12419,0.03032
test,test/images/nail_test_000735.jpg,test/masks/nail_test_000735.png,640,640,3,1,JPEG,PNG,25.19,1.22,3007,0.007341
test,test/images/nail_test_000761.jpg,test/masks/nail_test_000761.png,640,640,3,1,JPEG,PNG,31.16,1.84,8035,0.019617
test,test/images/nail_test_000765.jpg,test/masks/nail_test_000765.png,640,640,3,1,JPEG,PNG,28.02,1.37,6425,0.015686
test,test/images/nail_test_000784.jpg,test/masks/nail_test_000784.png,640,640,3,1,JPEG,PNG,18.07,2.55,183239,0.447361
test,test/images/nail_test_000785.jpg,test/masks/nail_test_000785.png,640,640,3,1,JPEG,PNG,33.99,2.33,22030,0.053784
test,test/images/nail_test_000793.jpg,test/masks/nail_test_000793.png,640,640,3,1,JPEG,PNG,23.03,1.32,5050,0.012329
test,test/images/nail_test_000802.jpg,test/masks/nail_test_000802.png,640,640,3,1,JPEG,PNG,29.33,1.82,9002,0.021978
test,test/images/nail_test_000816.jpg,test/masks/nail_test_000816.png,640,640,3,1,JPEG,PNG,26.55,1.62,14837,0.036223
test,test/images/nail_test_000817.jpg,test/masks/nail_test_000817.png,640,640,3,1,JPEG,PNG,24.03,1.78,14916,0.036416
test,test/images/nail_test_000835.jpg,test/masks/nail_test_000835.png,640,640,3,1,JPEG,PNG,26.88,1.58,7643,0.01866
test,test/images/nail_test_000838.jpg,test/masks/nail_test_000838.png,640,640,3,1,JPEG,PNG,27.18,1.47,6712,0.016387
test,test/images/nail_test_000843.jpg,test/masks/nail_test_000843.png,640,640,3,1,JPEG,PNG,22.71,1.38,7934,0.01937
test,test/images/nail_test_000877.jpg,test/masks/nail_test_000877.png,640,640,3,1,JPEG,PNG,29.9,1.21,5441,0.013284
test,test/images/nail_test_000894.jpg,test/masks/nail_test_000894.png,640,640,3,1,JPEG,PNG,23.99,1.35,4635,0.011316
test,test/images/nail_test_000930.jpg,test/masks/nail_test_000930.png,640,640,3,1,JPEG,PNG,26.68,1.54,10278,0.025093
test,test/images/nail_test_000933.jpg,test/masks/nail_test_000933.png,640,640,3,1,JPEG,PNG,33.49,3,17745,0.043323
test,test/images/nail_test_000939.jpg,test/masks/nail_test_000939.png,640,640,3,1,JPEG,PNG,33.21,1.66,10326,0.02521
test,test/images/nail_test_000942.jpg,test/masks/nail_test_000942.png,640,640,3,1,JPEG,PNG,28.91,1.33,4548,0.011104
test,test/images/nail_test_000945.jpg,test/masks/nail_test_000945.png,640,640,3,1,JPEG,PNG,24.19,1.61,7180,0.017529
test,test/images/nail_test_000956.jpg,test/masks/nail_test_000956.png,640,640,3,1,JPEG,PNG,25.4,1.75,8924,0.021787
test,test/images/nail_test_000964.jpg,test/masks/nail_test_000964.png,640,640,3,1,JPEG,PNG,33,2.51,20058,0.04897
test,test/images/nail_test_000969.jpg,test/masks/nail_test_000969.png,640,640,3,1,JPEG,PNG,24.35,1.47,10559,0.025779
test,test/images/nail_test_000974.jpg,test/masks/nail_test_000974.png,640,640,3,1,JPEG,PNG,33.54,1.43,7120,0.017383
test,test/images/nail_test_000992.jpg,test/masks/nail_test_000992.png,640,640,3,1,JPEG,PNG,42.18,1.76,10355,0.025281
test,test/images/nail_test_001002.jpg,test/masks/nail_test_001002.png,640,640,3,1,JPEG,PNG,22.63,1.32,3238,0.007905
test,test/images/nail_test_001015.jpg,test/masks/nail_test_001015.png,640,640,3,1,JPEG,PNG,27.24,2.12,10419,0.025437
test,test/images/nail_test_001017.jpg,test/masks/nail_test_001017.png,640,640,3,1,JPEG,PNG,24.92,2.37,17845,0.043567
test,test/images/nail_test_001060.jpg,test/masks/nail_test_001060.png,640,640,3,1,JPEG,PNG,42.17,1.14,3605,0.008801
test,test/images/nail_test_001097.jpg,test/masks/nail_test_001097.png,640,640,3,1,JPEG,PNG,21.78,1.31,4590,0.011206
test,test/images/nail_test_001106.jpg,test/masks/nail_test_001106.png,640,640,3,1,JPEG,PNG,15.63,1.41,5421,0.013235
test,test/images/nail_test_001108.jpg,test/masks/nail_test_001108.png,640,640,3,1,JPEG,PNG,23.36,1.43,5748,0.014033
test,test/images/nail_test_001109.jpg,test/masks/nail_test_001109.png,640,640,3,1,JPEG,PNG,30.35,1.21,3396,0.008291
test,test/images/nail_test_001133.jpg,test/masks/nail_test_001133.png,640,640,3,1,JPEG,PNG,40.91,2.81,17933,0.043782
test,test/images/nail_test_001137.jpg,test/masks/nail_test_001137.png,640,640,3,1,JPEG,PNG,23.56,1.64,6951,0.01697
test,test/images/nail_test_001141.jpg,test/masks/nail_test_001141.png,640,640,3,1,JPEG,PNG,30.82,2.08,17652,0.043096
test,test/images/nail_test_001154.jpg,test/masks/nail_test_001154.png,640,640,3,1,JPEG,PNG,37.81,1.56,7183,0.017537
test,test/images/nail_test_001160.jpg,test/masks/nail_test_001160.png,640,640,3,1,JPEG,PNG,26.36,1.3,5680,0.013867
test,test/images/nail_test_001163.jpg,test/masks/nail_test_001163.png,640,640,3,1,JPEG,PNG,26.35,1.49,6297,0.015374
test,test/images/nail_test_001167.jpg,test/masks/nail_test_001167.png,640,640,3,1,JPEG,PNG,38.39,1.46,6110,0.014917
test,test/images/nail_test_001171.jpg,test/masks/nail_test_001171.png,640,640,3,1,JPEG,PNG,44.75,1.32,3902,0.009526
test,test/images/nail_test_001181.jpg,test/masks/nail_test_001181.png,640,640,3,1,JPEG,PNG,78.51,1.22,5814,0.014194
test,test/images/nail_test_001184.jpg,test/masks/nail_test_001184.png,640,640,3,1,JPEG,PNG,37.48,1.14,3988,0.009736
test,test/images/nail_test_001186.jpg,test/masks/nail_test_001186.png,640,640,3,1,JPEG,PNG,20.15,1.16,2863,0.00699
test,test/images/nail_test_001197.jpg,test/masks/nail_test_001197.png,640,640,3,1,JPEG,PNG,37.39,2.25,10144,0.024766
test,test/images/nail_test_001210.jpg,test/masks/nail_test_001210.png,640,640,3,1,JPEG,PNG,36.85,1.24,5157,0.01259
test,test/images/nail_test_001218.jpg,test/masks/nail_test_001218.png,640,640,3,1,JPEG,PNG,25,1.46,4885,0.011926
test,test/images/nail_test_001232.jpg,test/masks/nail_test_001232.png,640,640,3,1,JPEG,PNG,32.64,1.36,3952,0.009648
test,test/images/nail_test_001248.jpg,test/masks/nail_test_001248.png,640,640,3,1,JPEG,PNG,27.07,1.03,2143,0.005232
test,test/images/nail_test_001250.jpg,test/masks/nail_test_001250.png,640,640,3,1,JPEG,PNG,19.57,2.19,17298,0.042231
test,test/images/nail_test_001256.jpg,test/masks/nail_test_001256.png,640,640,3,1,JPEG,PNG,35.96,1.12,5133,0.012532
test,test/images/nail_test_001265.jpg,test/masks/nail_test_001265.png,640,640,3,1,JPEG,PNG,28.75,0.61,168,0.00041
test,test/images/nail_test_001274.jpg,test/masks/nail_test_001274.png,640,640,3,1,JPEG,PNG,28.36,1.52,10670,0.02605
test,test/images/nail_test_001284.jpg,test/masks/nail_test_001284.png,640,640,3,1,JPEG,PNG,24.75,2.17,12795,0.031238
test,test/images/nail_test_001291.jpg,test/masks/nail_test_001291.png,640,640,3,1,JPEG,PNG,24.42,2.04,16714,0.040806
test,test/images/nail_test_001302.jpg,test/masks/nail_test_001302.png,640,640,3,1,JPEG,PNG,49.59,3.32,27876,0.068057
test,test/images/nail_test_001306.jpg,test/masks/nail_test_001306.png,640,640,3,1,JPEG,PNG,30.91,1.56,11100,0.0271
test,test/images/nail_test_001312.jpg,test/masks/nail_test_001312.png,640,640,3,1,JPEG,PNG,25.27,2.16,12933,0.031575
test,test/images/nail_test_001321.jpg,test/masks/nail_test_001321.png,640,640,3,1,JPEG,PNG,28.5,1.82,12803,0.031257
test,test/images/nail_test_001339.jpg,test/masks/nail_test_001339.png,640,640,3,1,JPEG,PNG,28.24,1.76,8563,0.020906
test,test/images/nail_test_001342.jpg,test/masks/nail_test_001342.png,640,640,3,1,JPEG,PNG,52.75,4.16,63714,0.155552
test,test/images/nail_test_001350.jpg,test/masks/nail_test_001350.png,640,640,3,1,JPEG,PNG,35.32,1.89,18964,0.046299
test,test/images/nail_test_001363.jpg,test/masks/nail_test_001363.png,640,640,3,1,JPEG,PNG,32.25,2.44,22882,0.055864
test,test/images/nail_test_001364.jpg,test/masks/nail_test_001364.png,640,640,3,1,JPEG,PNG,29.85,2.49,22901,0.055911
test,test/images/nail_test_001368.jpg,test/masks/nail_test_001368.png,640,640,3,1,JPEG,PNG,32.79,3.56,53449,0.130491
test,test/images/nail_test_001376.jpg,test/masks/nail_test_001376.png,640,640,3,1,JPEG,PNG,44.78,2.33,20959,0.051169
test,test/images/nail_test_001381.jpg,test/masks/nail_test_001381.png,640,640,3,1,JPEG,PNG,24.98,1.52,5136,0.012539
test,test/images/nail_test_001393.jpg,test/masks/nail_test_001393.png,640,640,3,1,JPEG,PNG,33.27,3.23,73761,0.180081
test,test/images/nail_test_001410.jpg,test/masks/nail_test_001410.png,640,640,3,1,JPEG,PNG,36.92,4.57,67867,0.165691
test,test/images/nail_test_001438.jpg,test/masks/nail_test_001438.png,640,640,3,1,JPEG,PNG,51.14,3.82,38515,0.094031
test,test/images/nail_test_001451.jpg,test/masks/nail_test_001451.png,640,640,3,1,JPEG,PNG,50.26,2.19,23221,0.056692
test,test/images/nail_test_001462.jpg,test/masks/nail_test_001462.png,640,640,3,1,JPEG,PNG,29.97,1.99,6737,0.016448
test,test/images/nail_test_001474.jpg,test/masks/nail_test_001474.png,640,640,3,1,JPEG,PNG,32.39,3.37,37288,0.091035
test,test/images/nail_test_001476.jpg,test/masks/nail_test_001476.png,640,640,3,1,JPEG,PNG,34.27,3.06,28438,0.069429
test,test/images/nail_test_001479.jpg,test/masks/nail_test_001479.png,640,640,3,1,JPEG,PNG,28.8,2.38,13637,0.033293
test,test/images/nail_test_001480.jpg,test/masks/nail_test_001480.png,640,640,3,1,JPEG,PNG,27.16,2.65,13729,0.033518
test,test/images/nail_test_001502.jpg,test/masks/nail_test_001502.png,640,640,3,1,JPEG,PNG,26.99,2.75,15008,0.036641
test,test/images/nail_test_001516.jpg,test/masks/nail_test_001516.png,640,640,3,1,JPEG,PNG,24.26,2.02,10120,0.024707
test,test/images/nail_test_001523.jpg,test/masks/nail_test_001523.png,640,640,3,1,JPEG,PNG,27.72,2.38,26585,0.064905
test,test/images/nail_test_001525.jpg,test/masks/nail_test_001525.png,640,640,3,1,JPEG,PNG,27.28,1.35,5713,0.013948
test,test/images/nail_test_001530.jpg,test/masks/nail_test_001530.png,640,640,3,1,JPEG,PNG,30.22,3.13,29284,0.071494
test,test/images/nail_test_001534.jpg,test/masks/nail_test_001534.png,640,640,3,1,JPEG,PNG,44.03,1.5,4016,0.009805
test,test/images/nail_test_001538.jpg,test/masks/nail_test_001538.png,640,640,3,1,JPEG,PNG,23.76,1.59,5518,0.013472
test,test/images/nail_test_001549.jpg,test/masks/nail_test_001549.png,640,640,3,1,JPEG,PNG,32.34,4.64,113920,0.278125
test,test/images/nail_test_001561.jpg,test/masks/nail_test_001561.png,640,640,3,1,JPEG,PNG,30.36,1.83,13530,0.033032
test,test/images/nail_test_001568.jpg,test/masks/nail_test_001568.png,640,640,3,1,JPEG,PNG,22,1.95,7842,0.019146
test,test/images/nail_test_001580.jpg,test/masks/nail_test_001580.png,640,640,3,1,JPEG,PNG,18.22,3.52,213004,0.520029
test,test/images/nail_test_001602.jpg,test/masks/nail_test_001602.png,640,640,3,1,JPEG,PNG,40.03,1.2,5092,0.012432
test,test/images/nail_test_001603.jpg,test/masks/nail_test_001603.png,640,640,3,1,JPEG,PNG,25.6,1.36,4966,0.012124
test,test/images/nail_test_001612.jpg,test/masks/nail_test_001612.png,640,640,3,1,JPEG,PNG,23.49,1.77,12898,0.031489
test,test/images/nail_test_001613.jpg,test/masks/nail_test_001613.png,640,640,3,1,JPEG,PNG,30.02,1.67,12968,0.03166
test,test/images/nail_test_001617.jpg,test/masks/nail_test_001617.png,640,640,3,1,JPEG,PNG,20.98,1.78,11578,0.028267
test,test/images/nail_test_001632.jpg,test/masks/nail_test_001632.png,640,640,3,1,JPEG,PNG,30.81,1.36,4933,0.012043
test,test/images/nail_test_001636.jpg,test/masks/nail_test_001636.png,640,640,3,1,JPEG,PNG,46.43,2.13,23568,0.057539
test,test/images/nail_test_001643.jpg,test/masks/nail_test_001643.png,640,640,3,1,JPEG,PNG,35.81,2.47,17006,0.041519
test,test/images/nail_test_001647.jpg,test/masks/nail_test_001647.png,640,640,3,1,JPEG,PNG,44.76,1.28,5606,0.013687
test,test/images/nail_test_001649.jpg,test/masks/nail_test_001649.png,640,640,3,1,JPEG,PNG,25.55,1.4,5497,0.01342
test,test/images/nail_test_001652.jpg,test/masks/nail_test_001652.png,640,640,3,1,JPEG,PNG,29.38,1.65,8447,0.020623
test,test/images/nail_test_001657.jpg,test/masks/nail_test_001657.png,640,640,3,1,JPEG,PNG,26.65,2.11,8174,0.019956
test,test/images/nail_test_001674.jpg,test/masks/nail_test_001674.png,640,640,3,1,JPEG,PNG,26.99,1.58,5246,0.012808
test,test/images/nail_test_001675.jpg,test/masks/nail_test_001675.png,640,640,3,1,JPEG,PNG,23.06,1.55,8837,0.021575
test,test/images/nail_test_001676.jpg,test/masks/nail_test_001676.png,640,640,3,1,JPEG,PNG,34.26,1.79,9421,0.023
test,test/images/nail_test_001680.jpg,test/masks/nail_test_001680.png,640,640,3,1,JPEG,PNG,27.86,1.91,13987,0.034148
test,test/images/nail_test_001686.jpg,test/masks/nail_test_001686.png,640,640,3,1,JPEG,PNG,34,1.52,6496,0.015859
test,test/images/nail_test_001704.jpg,test/masks/nail_test_001704.png,640,640,3,1,JPEG,PNG,18.77,3.47,206930,0.5052
test,test/images/nail_test_001714.jpg,test/masks/nail_test_001714.png,640,640,3,1,JPEG,PNG,25.72,1.83,7939,0.019382
test,test/images/nail_test_001718.jpg,test/masks/nail_test_001718.png,640,640,3,1,JPEG,PNG,18.23,1.36,5570,0.013599
test,test/images/nail_test_001742.jpg,test/masks/nail_test_001742.png,640,640,3,1,JPEG,PNG,26.08,1.04,8002,0.019536
test,test/images/nail_test_001749.jpg,test/masks/nail_test_001749.png,640,640,3,1,JPEG,PNG,27.54,1.55,4690,0.01145
test,test/images/nail_test_001750.jpg,test/masks/nail_test_001750.png,640,640,3,1,JPEG,PNG,23.29,1.36,4250,0.010376
test,test/images/nail_test_001757.jpg,test/masks/nail_test_001757.png,640,640,3,1,JPEG,PNG,29.67,1.26,6245,0.015247
test,test/images/nail_test_001763.jpg,test/masks/nail_test_001763.png,640,640,3,1,JPEG,PNG,25.03,2.82,202460,0.494287
test,test/images/nail_test_001766.jpg,test/masks/nail_test_001766.png,640,640,3,1,JPEG,PNG,27.51,2.02,113562,0.277251
test,test/images/nail_test_001770.jpg,test/masks/nail_test_001770.png,640,640,3,1,JPEG,PNG,22.84,3.24,35784,0.087363
test,test/images/nail_test_001782.jpg,test/masks/nail_test_001782.png,640,640,3,1,JPEG,PNG,24.61,3.33,165611,0.404324
test,test/images/nail_test_001788.jpg,test/masks/nail_test_001788.png,640,640,3,1,JPEG,PNG,24.58,2.74,95725,0.233704
test,test/images/nail_test_001795.jpg,test/masks/nail_test_001795.png,640,640,3,1,JPEG,PNG,26.05,1.38,5704,0.013926
test,test/images/nail_test_001801.jpg,test/masks/nail_test_001801.png,640,640,3,1,JPEG,PNG,29.64,3.63,40605,0.099133
test,test/images/nail_test_001803.jpg,test/masks/nail_test_001803.png,640,640,3,1,JPEG,PNG,26.86,3.4,42606,0.104019
test,test/images/nail_test_001809.jpg,test/masks/nail_test_001809.png,640,640,3,1,JPEG,PNG,35.08,2.13,17787,0.043425
test,test/images/nail_test_001815.jpg,test/masks/nail_test_001815.png,640,640,3,1,JPEG,PNG,32.58,0.96,3190,0.007788
test,test/images/nail_test_001820.jpg,test/masks/nail_test_001820.png,640,640,3,1,JPEG,PNG,35.81,4.14,36970,0.090259
test,test/images/nail_test_001833.jpg,test/masks/nail_test_001833.png,640,640,3,1,JPEG,PNG,26.65,1.3,4444,0.01085
test,test/images/nail_test_001864.jpg,test/masks/nail_test_001864.png,640,640,3,1,JPEG,PNG,32.01,3.53,65453,0.159797
test,test/images/nail_test_001868.jpg,test/masks/nail_test_001868.png,640,640,3,1,JPEG,PNG,22.37,1.23,4165,0.010168
test,test/images/nail_test_001876.jpg,test/masks/nail_test_001876.png,640,640,3,1,JPEG,PNG,60.36,1.33,5710,0.01394
test,test/images/nail_test_001883.jpg,test/masks/nail_test_001883.png,640,640,3,1,JPEG,PNG,33.36,2.19,12119,0.029587
test,test/images/nail_test_001895.jpg,test/masks/nail_test_001895.png,640,640,3,1,JPEG,PNG,34.87,3.74,32468,0.079268
test,test/images/nail_test_001903.jpg,test/masks/nail_test_001903.png,640,640,3,1,JPEG,PNG,32.4,3.06,27335,0.066736
test,test/images/nail_test_001905.jpg,test/masks/nail_test_001905.png,640,640,3,1,JPEG,PNG,41.65,3.56,36446,0.088979
test,test/images/nail_test_001911.jpg,test/masks/nail_test_001911.png,640,640,3,1,JPEG,PNG,27.11,1.28,5314,0.012974
test,test/images/nail_test_001912.jpg,test/masks/nail_test_001912.png,640,640,3,1,JPEG,PNG,29.83,1.23,5604,0.013682
test,test/images/nail_test_001914.jpg,test/masks/nail_test_001914.png,640,640,3,1,JPEG,PNG,46.51,2.19,17639,0.043064
test,test/images/nail_test_001933.jpg,test/masks/nail_test_001933.png,640,640,3,1,JPEG,PNG,46.06,2,13162,0.032134
test,test/images/nail_test_001938.jpg,test/masks/nail_test_001938.png,640,640,3,1,JPEG,PNG,28.1,1.4,6130,0.014966
test,test/images/nail_test_001966.jpg,test/masks/nail_test_001966.png,640,640,3,1,JPEG,PNG,22.35,3.25,225319,0.550095
test,test/images/nail_test_001972.jpg,test/masks/nail_test_001972.png,640,640,3,1,JPEG,PNG,30.02,1.23,5366,0.013101
test,test/images/nail_test_001977.jpg,test/masks/nail_test_001977.png,640,640,3,1,JPEG,PNG,18.58,1.01,5225,0.012756
test,test/images/nail_test_001993.jpg,test/masks/nail_test_001993.png,640,640,3,1,JPEG,PNG,54.5,1.5,7840,0.019141
test,test/images/nail_test_001994.jpg,test/masks/nail_test_001994.png,640,640,3,1,JPEG,PNG,25.18,1.29,5150,0.012573
test,test/images/nail_test_002012.jpg,test/masks/nail_test_002012.png,640,640,3,1,JPEG,PNG,28.84,2.64,18176,0.044375
test,test/images/nail_test_002018.jpg,test/masks/nail_test_002018.png,640,640,3,1,JPEG,PNG,27.22,1.38,6581,0.016067
test,test/images/nail_test_002019.jpg,test/masks/nail_test_002019.png,640,640,3,1,JPEG,PNG,37.77,3.67,42109,0.102805
test,test/images/nail_test_002024.jpg,test/masks/nail_test_002024.png,640,640,3,1,JPEG,PNG,21.43,1.61,10346,0.025259
test,test/images/nail_test_002037.jpg,test/masks/nail_test_002037.png,640,640,3,1,JPEG,PNG,30,1.3,4709,0.011497
test,test/images/nail_test_002039.jpg,test/masks/nail_test_002039.png,640,640,3,1,JPEG,PNG,31.6,2.16,11087,0.027068
test,test/images/nail_test_002051.jpg,test/masks/nail_test_002051.png,640,640,3,1,JPEG,PNG,19.69,2.62,208227,0.508367
test,test/images/nail_test_002066.jpg,test/masks/nail_test_002066.png,640,640,3,1,JPEG,PNG,45.56,1.27,3878,0.009468
test,test/images/nail_test_002072.jpg,test/masks/nail_test_002072.png,640,640,3,1,JPEG,PNG,41.78,1.3,4751,0.011599
test,test/images/nail_test_002075.jpg,test/masks/nail_test_002075.png,640,640,3,1,JPEG,PNG,37.94,1.37,4375,0.010681
test,test/images/nail_test_002094.jpg,test/masks/nail_test_002094.png,640,640,3,1,JPEG,PNG,42.82,1.63,6625,0.016174
test,test/images/nail_test_002100.jpg,test/masks/nail_test_002100.png,640,640,3,1,JPEG,PNG,35.14,1.79,9855,0.02406
test,test/images/nail_test_002104.jpg,test/masks/nail_test_002104.png,640,640,3,1,JPEG,PNG,28.67,2.03,18134,0.044272
test,test/images/nail_test_002117.jpg,test/masks/nail_test_002117.png,640,640,3,1,JPEG,PNG,21.85,2.09,15380,0.037549
test,test/images/nail_test_002123.jpg,test/masks/nail_test_002123.png,640,640,3,1,JPEG,PNG,30.39,1.73,9394,0.022935
test,test/images/nail_test_002149.jpg,test/masks/nail_test_002149.png,640,640,3,1,JPEG,PNG,22.71,1.26,4935,0.012048
test,test/images/nail_test_002159.jpg,test/masks/nail_test_002159.png,640,640,3,1,JPEG,PNG,25.88,1.63,10174,0.024839
test,test/images/nail_test_002166.jpg,test/masks/nail_test_002166.png,640,640,3,1,JPEG,PNG,15.51,3.36,210580,0.514111
test,test/images/nail_test_002168.jpg,test/masks/nail_test_002168.png,640,640,3,1,JPEG,PNG,22.63,2.88,152789,0.37302
test,test/images/nail_test_002175.jpg,test/masks/nail_test_002175.png,640,640,3,1,JPEG,PNG,26.91,1.82,12372,0.030205
test,test/images/nail_test_002182.jpg,test/masks/nail_test_002182.png,640,640,3,1,JPEG,PNG,30.26,1.46,7098,0.017329
test,test/images/nail_test_002193.jpg,test/masks/nail_test_002193.png,640,640,3,1,JPEG,PNG,33.56,1.24,4108,0.010029
test,test/images/nail_test_002201.jpg,test/masks/nail_test_002201.png,640,640,3,1,JPEG,PNG,20.79,1.15,2864,0.006992
test,test/images/nail_test_002213.jpg,test/masks/nail_test_002213.png,640,640,3,1,JPEG,PNG,29.05,3.18,45683,0.111531
test,test/images/nail_test_002216.jpg,test/masks/nail_test_002216.png,640,640,3,1,JPEG,PNG,23.31,1.21,4405,0.010754
test,test/images/nail_test_002218.jpg,test/masks/nail_test_002218.png,640,640,3,1,JPEG,PNG,33.36,4.69,55394,0.135239
test,test/images/nail_test_002222.jpg,test/masks/nail_test_002222.png,640,640,3,1,JPEG,PNG,30.76,1.95,13931,0.034011
test,test/images/nail_test_002227.jpg,test/masks/nail_test_002227.png,640,640,3,1,JPEG,PNG,27.51,1.77,14458,0.035298
test,test/images/nail_test_002241.jpg,test/masks/nail_test_002241.png,640,640,3,1,JPEG,PNG,39.12,1.28,5726,0.013979
test,test/images/nail_test_002265.jpg,test/masks/nail_test_002265.png,640,640,3,1,JPEG,PNG,21.21,1.26,7078,0.01728
test,test/images/nail_test_002273.jpg,test/masks/nail_test_002273.png,640,640,3,1,JPEG,PNG,15.14,2.78,261584,0.638633
test,test/images/nail_test_002279.jpg,test/masks/nail_test_002279.png,640,640,3,1,JPEG,PNG,22,2.02,48013,0.117219
test,test/images/nail_test_002286.jpg,test/masks/nail_test_002286.png,640,640,3,1,JPEG,PNG,24.31,1.21,4523,0.011042
test,test/images/nail_test_002289.jpg,test/masks/nail_test_002289.png,640,640,3,1,JPEG,PNG,34.54,1.15,4776,0.01166
test,test/images/nail_test_002297.jpg,test/masks/nail_test_002297.png,640,640,3,1,JPEG,PNG,23.35,1.5,11219,0.02739
test,test/images/nail_test_002321.jpg,test/masks/nail_test_002321.png,640,640,3,1,JPEG,PNG,31.06,1.69,11477,0.02802
test,test/images/nail_test_002336.jpg,test/masks/nail_test_002336.png,640,640,3,1,JPEG,PNG,48.6,1.7,7813,0.019075
test,test/images/nail_test_002355.jpg,test/masks/nail_test_002355.png,640,640,3,1,JPEG,PNG,26.07,1.86,7715,0.018835
test,test/images/nail_test_002376.jpg,test/masks/nail_test_002376.png,640,640,3,1,JPEG,PNG,25.04,1.44,6023,0.014705
test,test/images/nail_test_002377.jpg,test/masks/nail_test_002377.png,640,640,3,1,JPEG,PNG,21.28,1.42,4833,0.011799
test,test/images/nail_test_002382.jpg,test/masks/nail_test_002382.png,640,640,3,1,JPEG,PNG,32.2,1.68,9771,0.023855
test,test/images/nail_test_002385.jpg,test/masks/nail_test_002385.png,640,640,3,1,JPEG,PNG,38.87,1.24,6653,0.016243
test,test/images/nail_test_002391.jpg,test/masks/nail_test_002391.png,640,640,3,1,JPEG,PNG,19.99,2.54,98334,0.240073
test,test/images/nail_test_002419.jpg,test/masks/nail_test_002419.png,640,640,3,1,JPEG,PNG,20.43,2.99,165435,0.403894
test,test/images/nail_test_002430.jpg,test/masks/nail_test_002430.png,640,640,3,1,JPEG,PNG,24.63,1.92,16401,0.040042
test,test/images/nail_test_002433.jpg,test/masks/nail_test_002433.png,640,640,3,1,JPEG,PNG,31.15,1.54,9304,0.022715
test,test/images/nail_test_002442.jpg,test/masks/nail_test_002442.png,640,640,3,1,JPEG,PNG,41.34,2.94,16025,0.039124
test,test/images/nail_test_002447.jpg,test/masks/nail_test_002447.png,640,640,3,1,JPEG,PNG,28.14,1.25,4977,0.012151
test,test/images/nail_test_002449.jpg,test/masks/nail_test_002449.png,640,640,3,1,JPEG,PNG,35.87,0.47,0,0
test,test/images/nail_test_002462.jpg,test/masks/nail_test_002462.png,640,640,3,1,JPEG,PNG,60,1.49,7546,0.018423
test,test/images/nail_test_002472.jpg,test/masks/nail_test_002472.png,640,640,3,1,JPEG,PNG,29.97,1.1,3850,0.009399
test,test/images/nail_test_002540.jpg,test/masks/nail_test_002540.png,640,640,3,1,JPEG,PNG,26.05,1.29,3961,0.00967
test,test/images/nail_test_002557.jpg,test/masks/nail_test_002557.png,640,640,3,1,JPEG,PNG,21.4,3.85,235620,0.575244
test,test/images/nail_test_002567.jpg,test/masks/nail_test_002567.png,640,640,3,1,JPEG,PNG,21.7,1.4,7744,0.018906
test,test/images/nail_test_002569.jpg,test/masks/nail_test_002569.png,640,640,3,1,JPEG,PNG,28.04,1.5,6030,0.014722
test,test/images/nail_test_002575.jpg,test/masks/nail_test_002575.png,640,640,3,1,JPEG,PNG,40.81,1.59,13712,0.033477
test,test/images/nail_test_002576.jpg,test/masks/nail_test_002576.png,640,640,3,1,JPEG,PNG,35.79,1.66,13723,0.033503
test,test/images/nail_test_002578.jpg,test/masks/nail_test_002578.png,640,640,3,1,JPEG,PNG,24.82,1.24,5220,0.012744
test,test/images/nail_test_002586.jpg,test/masks/nail_test_002586.png,640,640,3,1,JPEG,PNG,17.93,3.31,198204,0.483896
test,test/images/nail_test_002592.jpg,test/masks/nail_test_002592.png,640,640,3,1,JPEG,PNG,22.26,1.88,112008,0.273457
test,test/images/nail_test_002594.jpg,test/masks/nail_test_002594.png,640,640,3,1,JPEG,PNG,19.1,3.62,194981,0.476028
test,test/images/nail_test_002604.jpg,test/masks/nail_test_002604.png,640,640,3,1,JPEG,PNG,20.39,1.11,4246,0.010366
test,test/images/nail_test_002628.jpg,test/masks/nail_test_002628.png,640,640,3,1,JPEG,PNG,25.53,1.3,6459,0.015769
test,test/images/nail_test_002646.jpg,test/masks/nail_test_002646.png,640,640,3,1,JPEG,PNG,30.72,1.16,4635,0.011316
test,test/images/nail_test_002649.jpg,test/masks/nail_test_002649.png,640,640,3,1,JPEG,PNG,25.5,1.4,5340,0.013037
test,test/images/nail_test_002651.jpg,test/masks/nail_test_002651.png,640,640,3,1,JPEG,PNG,34.78,1.95,15379,0.037546
test,test/images/nail_test_002657.jpg,test/masks/nail_test_002657.png,640,640,3,1,JPEG,PNG,25.68,1.78,7867,0.019207
test,test/images/nail_test_002659.jpg,test/masks/nail_test_002659.png,640,640,3,1,JPEG,PNG,25.08,1.35,5495,0.013416
test,test/images/nail_test_002671.jpg,test/masks/nail_test_002671.png,640,640,3,1,JPEG,PNG,25.11,1.39,5515,0.013464
test,test/images/nail_test_002685.jpg,test/masks/nail_test_002685.png,640,640,3,1,JPEG,PNG,33.23,2.08,16392,0.04002
test,test/images/nail_test_002686.jpg,test/masks/nail_test_002686.png,640,640,3,1,JPEG,PNG,27.69,2.5,16486,0.040249
test,test/images/nail_test_002702.jpg,test/masks/nail_test_002702.png,640,640,3,1,JPEG,PNG,86.96,1.25,3394,0.008286
test,test/images/nail_test_002718.jpg,test/masks/nail_test_002718.png,640,640,3,1,JPEG,PNG,39.69,2.37,47370,0.115649
test,test/images/nail_test_002721.jpg,test/masks/nail_test_002721.png,640,640,3,1,JPEG,PNG,38.25,3.19,47458,0.115864
test,test/images/nail_test_002729.jpg,test/masks/nail_test_002729.png,640,640,3,1,JPEG,PNG,31.55,1.96,15372,0.037529
test,test/images/nail_test_002744.jpg,test/masks/nail_test_002744.png,640,640,3,1,JPEG,PNG,23.37,1.85,13094,0.031968
test,test/images/nail_test_002765.jpg,test/masks/nail_test_002765.png,640,640,3,1,JPEG,PNG,67.68,1.35,6320,0.01543
test,test/images/nail_test_002776.jpg,test/masks/nail_test_002776.png,640,640,3,1,JPEG,PNG,28.81,1.23,7583,0.018513
test,test/images/nail_test_002785.jpg,test/masks/nail_test_002785.png,640,640,3,1,JPEG,PNG,23.89,3.04,196029,0.478586
test,test/images/nail_test_002801.jpg,test/masks/nail_test_002801.png,640,640,3,1,JPEG,PNG,37.67,1.84,8256,0.020156
test,test/images/nail_test_002820.jpg,test/masks/nail_test_002820.png,640,640,3,1,JPEG,PNG,29.07,2.36,27651,0.067507
test,test/images/nail_test_002845.jpg,test/masks/nail_test_002845.png,640,640,3,1,JPEG,PNG,23.72,0.67,854,0.002085
test,test/images/nail_test_002847.jpg,test/masks/nail_test_002847.png,640,640,3,1,JPEG,PNG,58.21,0.95,2692,0.006572
test,test/images/nail_test_002850.jpg,test/masks/nail_test_002850.png,640,640,3,1,JPEG,PNG,50.52,1.97,7033,0.01717
test,test/images/nail_test_002871.jpg,test/masks/nail_test_002871.png,640,640,3,1,JPEG,PNG,18.29,2.89,135256,0.330215
test,test/images/nail_test_002874.jpg,test/masks/nail_test_002874.png,640,640,3,1,JPEG,PNG,28.02,1.83,11325,0.027649
test,test/images/nail_test_002898.jpg,test/masks/nail_test_002898.png,640,640,3,1,JPEG,PNG,21.81,1.52,6013,0.01468
test,test/images/nail_test_002906.jpg,test/masks/nail_test_002906.png,640,640,3,1,JPEG,PNG,21.41,1.13,3772,0.009209
test,test/images/nail_test_002914.jpg,test/masks/nail_test_002914.png,640,640,3,1,JPEG,PNG,28.11,1.18,4135,0.010095
test,test/images/nail_test_002939.jpg,test/masks/nail_test_002939.png,640,640,3,1,JPEG,PNG,19.87,1.03,2531,0.006179
test,test/images/nail_test_002950.jpg,test/masks/nail_test_002950.png,640,640,3,1,JPEG,PNG,24.39,1.05,1804,0.004404
test,test/images/nail_test_002958.jpg,test/masks/nail_test_002958.png,640,640,3,1,JPEG,PNG,23.62,1.03,2737,0.006682
test,test/images/nail_test_002991.jpg,test/masks/nail_test_002991.png,640,640,3,1,JPEG,PNG,23.21,2.94,206848,0.505
test,test/images/nail_test_003003.jpg,test/masks/nail_test_003003.png,640,640,3,1,JPEG,PNG,26.1,1.39,5560,0.013574
test,test/images/nail_test_003006.jpg,test/masks/nail_test_003006.png,640,640,3,1,JPEG,PNG,26.03,1.57,7527,0.018376
test,test/images/nail_test_003008.jpg,test/masks/nail_test_003008.png,640,640,3,1,JPEG,PNG,25.12,1.62,7523,0.018367
test,test/images/nail_test_003009.jpg,test/masks/nail_test_003009.png,640,640,3,1,JPEG,PNG,24.97,2.14,17774,0.043394
test,test/images/nail_test_003013.jpg,test/masks/nail_test_003013.png,640,640,3,1,JPEG,PNG,28.5,1.77,9916,0.024209
test,test/images/nail_test_003028.jpg,test/masks/nail_test_003028.png,640,640,3,1,JPEG,PNG,33.55,1.49,11664,0.028477
test,test/images/nail_test_003032.jpg,test/masks/nail_test_003032.png,640,640,3,1,JPEG,PNG,18.96,3.14,256573,0.626399
test,test/images/nail_test_003036.jpg,test/masks/nail_test_003036.png,640,640,3,1,JPEG,PNG,24.27,3.02,192118,0.469038
test,test/images/nail_test_003050.jpg,test/masks/nail_test_003050.png,640,640,3,1,JPEG,PNG,43.49,1.31,4449,0.010862
test,test/images/nail_test_003053.jpg,test/masks/nail_test_003053.png,640,640,3,1,JPEG,PNG,27.16,1.2,9557,0.023333
test,test/images/nail_test_003061.jpg,test/masks/nail_test_003061.png,640,640,3,1,JPEG,PNG,26.4,1.48,7458,0.018208
test,test/images/nail_test_003073.jpg,test/masks/nail_test_003073.png,640,640,3,1,JPEG,PNG,33.81,1.5,11213,0.027375
test,test/images/nail_test_003087.jpg,test/masks/nail_test_003087.png,640,640,3,1,JPEG,PNG,32.91,0.72,1715,0.004187
test,test/images/nail_test_003095.jpg,test/masks/nail_test_003095.png,640,640,3,1,JPEG,PNG,21.29,1.52,7036,0.017178
test,test/images/nail_test_003097.jpg,test/masks/nail_test_003097.png,640,640,3,1,JPEG,PNG,44.64,1.23,4964,0.012119
test,test/images/nail_test_003130.jpg,test/masks/nail_test_003130.png,640,640,3,1,JPEG,PNG,22.56,1.81,9740,0.023779
test,test/images/nail_test_003142.jpg,test/masks/nail_test_003142.png,640,640,3,1,JPEG,PNG,19.58,1.62,8430,0.020581
test,test/images/nail_test_003155.jpg,test/masks/nail_test_003155.png,640,640,3,1,JPEG,PNG,24.72,1.35,4655,0.011365
test,test/images/nail_test_003159.jpg,test/masks/nail_test_003159.png,640,640,3,1,JPEG,PNG,22.59,1.29,4319,0.010544
test,test/images/nail_test_003160.jpg,test/masks/nail_test_003160.png,640,640,3,1,JPEG,PNG,23.56,1.25,4316,0.010537
test,test/images/nail_test_003178.jpg,test/masks/nail_test_003178.png,640,640,3,1,JPEG,PNG,51.5,1.22,4463,0.010896
test,test/images/nail_test_003188.jpg,test/masks/nail_test_003188.png,640,640,3,1,JPEG,PNG,21.22,1.57,6371,0.015554
test,test/images/nail_test_003194.jpg,test/masks/nail_test_003194.png,640,640,3,1,JPEG,PNG,23.13,1.81,13256,0.032363
test,test/images/nail_test_003202.jpg,test/masks/nail_test_003202.png,640,640,3,1,JPEG,PNG,19.11,2.69,262436,0.640713
test,test/images/nail_test_003203.jpg,test/masks/nail_test_003203.png,640,640,3,1,JPEG,PNG,24.89,2.19,18994,0.046372
test,test/images/nail_test_003210.jpg,test/masks/nail_test_003210.png,640,640,3,1,JPEG,PNG,24.17,1.85,19341,0.047219
test,test/images/nail_test_003215.jpg,test/masks/nail_test_003215.png,640,640,3,1,JPEG,PNG,26.04,1.62,5919,0.014451
test,test/images/nail_test_003216.jpg,test/masks/nail_test_003216.png,640,640,3,1,JPEG,PNG,25.31,1.56,5848,0.014277
test,test/images/nail_test_003236.jpg,test/masks/nail_test_003236.png,640,640,3,1,JPEG,PNG,28.12,1.63,8154,0.019907
test,test/images/nail_test_003237.jpg,test/masks/nail_test_003237.png,640,640,3,1,JPEG,PNG,55.36,1.05,3936,0.009609
test,test/images/nail_test_003270.jpg,test/masks/nail_test_003270.png,640,640,3,1,JPEG,PNG,31.01,2.07,10444,0.025498
test,test/images/nail_test_003273.jpg,test/masks/nail_test_003273.png,640,640,3,1,JPEG,PNG,29.23,2.02,10779,0.026316
test,test/images/nail_test_003281.jpg,test/masks/nail_test_003281.png,640,640,3,1,JPEG,PNG,30.51,1.98,14521,0.035452
test,test/images/nail_test_003289.jpg,test/masks/nail_test_003289.png,640,640,3,1,JPEG,PNG,29.82,1.17,3862,0.009429
test,test/images/nail_test_003299.jpg,test/masks/nail_test_003299.png,640,640,3,1,JPEG,PNG,34.43,1.23,3981,0.009719
test,test/images/nail_test_003306.jpg,test/masks/nail_test_003306.png,640,640,3,1,JPEG,PNG,30.04,1.49,5462,0.013335
test,test/images/nail_test_003307.jpg,test/masks/nail_test_003307.png,640,640,3,1,JPEG,PNG,30.5,1.47,4891,0.011941
test,test/images/nail_test_003335.jpg,test/masks/nail_test_003335.png,640,640,3,1,JPEG,PNG,31.95,1.1,2425,0.00592
test,test/images/nail_test_003337.jpg,test/masks/nail_test_003337.png,640,640,3,1,JPEG,PNG,33.63,1.71,7106,0.017349
test,test/images/nail_test_003343.jpg,test/masks/nail_test_003343.png,640,640,3,1,JPEG,PNG,31.91,1.61,5777,0.014104
test,test/images/nail_test_003348.jpg,test/masks/nail_test_003348.png,640,640,3,1,JPEG,PNG,23.55,1.23,4256,0.010391
test,test/images/nail_test_003369.jpg,test/masks/nail_test_003369.png,640,640,3,1,JPEG,PNG,20.63,1.77,10891,0.026589
test,test/images/nail_test_003374.jpg,test/masks/nail_test_003374.png,640,640,3,1,JPEG,PNG,25.49,1.64,9093,0.0222
test,test/images/nail_test_003386.jpg,test/masks/nail_test_003386.png,640,640,3,1,JPEG,PNG,44.48,1.43,4668,0.011396
test,test/images/nail_test_003400.jpg,test/masks/nail_test_003400.png,640,640,3,1,JPEG,PNG,24.19,1.97,16532,0.040361
test,test/images/nail_test_003427.jpg,test/masks/nail_test_003427.png,640,640,3,1,JPEG,PNG,41.84,1.36,12313,0.030061
test,test/images/nail_test_003429.jpg,test/masks/nail_test_003429.png,640,640,3,1,JPEG,PNG,44.81,1.23,7460,0.018213
test,test/images/nail_test_003431.jpg,test/masks/nail_test_003431.png,640,640,3,1,JPEG,PNG,31.49,1.11,3852,0.009404
test,test/images/nail_test_003433.jpg,test/masks/nail_test_003433.png,640,640,3,1,JPEG,PNG,33.07,0.99,3010,0.007349
test,test/images/nail_test_003480.jpg,test/masks/nail_test_003480.png,640,640,3,1,JPEG,PNG,31.86,1.72,12978,0.031685
test,test/images/nail_test_003506.jpg,test/masks/nail_test_003506.png,640,640,3,1,JPEG,PNG,58.33,3.36,55694,0.135972
test,test/images/nail_test_003508.jpg,test/masks/nail_test_003508.png,640,640,3,1,JPEG,PNG,30.62,1.49,7456,0.018203
test,test/images/nail_test_003510.jpg,test/masks/nail_test_003510.png,640,640,3,1,JPEG,PNG,30.16,1.29,4755,0.011609
test,test/images/nail_test_003540.jpg,test/masks/nail_test_003540.png,640,640,3,1,JPEG,PNG,39.57,1.91,26739,0.065281
test,test/images/nail_test_003541.jpg,test/masks/nail_test_003541.png,640,640,3,1,JPEG,PNG,28.51,1.46,6099,0.01489
test,test/images/nail_test_003546.jpg,test/masks/nail_test_003546.png,640,640,3,1,JPEG,PNG,19.68,1.51,6190,0.015112
test,test/images/nail_test_003552.jpg,test/masks/nail_test_003552.png,640,640,3,1,JPEG,PNG,30.28,1.35,6582,0.016069
test,test/images/nail_test_003561.jpg,test/masks/nail_test_003561.png,640,640,3,1,JPEG,PNG,37.81,1.32,5143,0.012556
test,test/images/nail_test_003575.jpg,test/masks/nail_test_003575.png,640,640,3,1,JPEG,PNG,21.04,1.25,4452,0.010869
test,test/images/nail_test_003587.jpg,test/masks/nail_test_003587.png,640,640,3,1,JPEG,PNG,25.76,1.88,18016,0.043984
test,test/images/nail_test_003646.jpg,test/masks/nail_test_003646.png,640,640,3,1,JPEG,PNG,30.58,1.42,9549,0.023313
test,test/images/nail_test_003656.jpg,test/masks/nail_test_003656.png,640,640,3,1,JPEG,PNG,24.94,1.29,5048,0.012324
test,test/images/nail_test_003687.jpg,test/masks/nail_test_003687.png,640,640,3,1,JPEG,PNG,29.51,1.87,5114,0.012485
test,test/images/nail_test_003698.jpg,test/masks/nail_test_003698.png,640,640,3,1,JPEG,PNG,35.28,1.57,8508,0.020771
test,test/images/nail_test_003708.jpg,test/masks/nail_test_003708.png,640,640,3,1,JPEG,PNG,29.49,2.08,19759,0.04824
test,test/images/nail_test_003712.jpg,test/masks/nail_test_003712.png,640,640,3,1,JPEG,PNG,48.14,1.26,8816,0.021523
test,test/images/nail_test_003717.jpg,test/masks/nail_test_003717.png,640,640,3,1,JPEG,PNG,28.22,1.19,4431,0.010818
test,test/images/nail_test_003722.jpg,test/masks/nail_test_003722.png,640,640,3,1,JPEG,PNG,26.63,2.08,14505,0.035413
test,test/images/nail_test_003732.jpg,test/masks/nail_test_003732.png,640,640,3,1,JPEG,PNG,44.86,1.49,4453,0.010872
test,test/images/nail_test_003733.jpg,test/masks/nail_test_003733.png,640,640,3,1,JPEG,PNG,21.06,2.38,25226,0.061587
test,test/images/nail_test_003750.jpg,test/masks/nail_test_003750.png,640,640,3,1,JPEG,PNG,16.68,1.2,5426,0.013247
test,test/images/nail_test_003755.jpg,test/masks/nail_test_003755.png,640,640,3,1,JPEG,PNG,25.43,1.3,7939,0.019382
test,test/images/nail_test_003759.jpg,test/masks/nail_test_003759.png,640,640,3,1,JPEG,PNG,49.57,1.41,6928,0.016914
test,test/images/nail_test_003786.jpg,test/masks/nail_test_003786.png,640,640,3,1,JPEG,PNG,44.9,1.35,5486,0.013394
test,test/images/nail_test_003792.jpg,test/masks/nail_test_003792.png,640,640,3,1,JPEG,PNG,27.08,1.43,7653,0.018684
test,test/images/nail_test_003821.jpg,test/masks/nail_test_003821.png,640,640,3,1,JPEG,PNG,42.27,1.3,5615,0.013708
test,test/images/nail_test_003824.jpg,test/masks/nail_test_003824.png,640,640,3,1,JPEG,PNG,22.93,1.41,6782,0.016558
test,test/images/nail_test_003831.jpg,test/masks/nail_test_003831.png,640,640,3,1,JPEG,PNG,32.63,1.48,5667,0.013835
test,test/images/nail_test_003832.jpg,test/masks/nail_test_003832.png,640,640,3,1,JPEG,PNG,26.5,1.85,9923,0.024226
test,test/images/nail_test_003836.jpg,test/masks/nail_test_003836.png,640,640,3,1,JPEG,PNG,32.82,2.03,19003,0.046394
test,test/images/nail_test_003838.jpg,test/masks/nail_test_003838.png,640,640,3,1,JPEG,PNG,27.4,2.19,19069,0.046555
test,test/images/nail_test_003867.jpg,test/masks/nail_test_003867.png,640,640,3,1,JPEG,PNG,26.64,1.76,8355,0.020398
test,test/images/nail_test_003868.jpg,test/masks/nail_test_003868.png,640,640,3,1,JPEG,PNG,31.64,1.8,6100,0.014893
test,test/images/nail_test_003874.jpg,test/masks/nail_test_003874.png,640,640,3,1,JPEG,PNG,27.22,1.56,14857,0.036272
test,test/images/nail_test_003875.jpg,test/masks/nail_test_003875.png,640,640,3,1,JPEG,PNG,30.61,2.34,25891,0.06321
test,test/images/nail_test_003889.jpg,test/masks/nail_test_003889.png,640,640,3,1,JPEG,PNG,21.99,1.21,3668,0.008955
test,test/images/nail_test_003894.jpg,test/masks/nail_test_003894.png,640,640,3,1,JPEG,PNG,27.28,1.6,6065,0.014807
test,test/images/nail_test_003909.jpg,test/masks/nail_test_003909.png,640,640,3,1,JPEG,PNG,23.08,2.61,24504,0.059824
test,test/images/nail_test_003918.jpg,test/masks/nail_test_003918.png,640,640,3,1,JPEG,PNG,21.11,2.14,15482,0.037798
test,test/images/nail_test_003925.jpg,test/masks/nail_test_003925.png,640,640,3,1,JPEG,PNG,21.65,1.26,5159,0.012595
test,test/images/nail_test_003930.jpg,test/masks/nail_test_003930.png,640,640,3,1,JPEG,PNG,27.61,1.25,5114,0.012485
test,test/images/nail_test_003933.jpg,test/masks/nail_test_003933.png,640,640,3,1,JPEG,PNG,48.63,1.64,8690,0.021216
test,test/images/nail_test_003936.jpg,test/masks/nail_test_003936.png,640,640,3,1,JPEG,PNG,26.27,1.78,11041,0.026956
test,test/images/nail_test_003944.jpg,test/masks/nail_test_003944.png,640,640,3,1,JPEG,PNG,30.5,1.71,14032,0.034258
test,test/images/nail_test_003950.jpg,test/masks/nail_test_003950.png,640,640,3,1,JPEG,PNG,20.53,1.58,6518,0.015913
test,test/images/nail_test_003982.jpg,test/masks/nail_test_003982.png,640,640,3,1,JPEG,PNG,28.62,1.74,7477,0.018254
test,test/images/nail_test_003983.jpg,test/masks/nail_test_003983.png,640,640,3,1,JPEG,PNG,26.26,1.73,7478,0.018257
test,test/images/nail_test_003990.jpg,test/masks/nail_test_003990.png,640,640,3,1,JPEG,PNG,28.88,1.55,7362,0.017974
test,test/images/nail_test_003992.jpg,test/masks/nail_test_003992.png,640,640,3,1,JPEG,PNG,36.89,1.88,16013,0.039094
test,test/images/nail_test_004004.jpg,test/masks/nail_test_004004.png,640,640,3,1,JPEG,PNG,66.17,1.47,6169,0.015061
test,test/images/nail_test_004006.jpg,test/masks/nail_test_004006.png,640,640,3,1,JPEG,PNG,46.88,1.38,8434,0.020591
test,test/images/nail_test_004017.jpg,test/masks/nail_test_004017.png,640,640,3,1,JPEG,PNG,20.35,1.85,93990,0.229468
test,test/images/nail_test_004031.jpg,test/masks/nail_test_004031.png,640,640,3,1,JPEG,PNG,45.76,3.42,36188,0.08835
test,test/images/nail_test_004048.jpg,test/masks/nail_test_004048.png,640,640,3,1,JPEG,PNG,48.15,1.66,27379,0.066843
test,test/images/nail_test_004054.jpg,test/masks/nail_test_004054.png,640,640,3,1,JPEG,PNG,30.33,1.33,5667,0.013835
test,test/images/nail_test_004087.jpg,test/masks/nail_test_004087.png,640,640,3,1,JPEG,PNG,25.54,1.2,7198,0.017573
test,test/images/nail_test_004089.jpg,test/masks/nail_test_004089.png,640,640,3,1,JPEG,PNG,34.49,1.54,7610,0.018579
test,test/images/nail_test_004100.jpg,test/masks/nail_test_004100.png,640,640,3,1,JPEG,PNG,26.23,1.63,11266,0.027505
test,test/images/nail_test_004109.jpg,test/masks/nail_test_004109.png,640,640,3,1,JPEG,PNG,35.56,1.53,9856,0.024063
test,test/images/nail_test_004118.jpg,test/masks/nail_test_004118.png,640,640,3,1,JPEG,PNG,53.22,1.56,7459,0.01821
test,test/images/nail_test_004143.jpg,test/masks/nail_test_004143.png,640,640,3,1,JPEG,PNG,26.34,1.83,16166,0.039468
test,test/images/nail_test_004144.jpg,test/masks/nail_test_004144.png,640,640,3,1,JPEG,PNG,27.33,1.94,16121,0.039358
test,test/images/nail_test_004145.jpg,test/masks/nail_test_004145.png,640,640,3,1,JPEG,PNG,26.77,1.29,4621,0.011282
test,test/images/nail_test_004149.jpg,test/masks/nail_test_004149.png,640,640,3,1,JPEG,PNG,36.48,3.65,33100,0.080811
test,test/images/nail_test_004163.jpg,test/masks/nail_test_004163.png,640,640,3,1,JPEG,PNG,24.77,1.35,5843,0.014265
test,test/images/nail_test_004178.jpg,test/masks/nail_test_004178.png,640,640,3,1,JPEG,PNG,45.99,0.47,0,0
test,test/images/nail_test_004191.jpg,test/masks/nail_test_004191.png,640,640,3,1,JPEG,PNG,18.49,1.91,14595,0.035632
test,test/images/nail_test_004197.jpg,test/masks/nail_test_004197.png,640,640,3,1,JPEG,PNG,63.86,1.7,8109,0.019797
test,test/images/nail_test_004210.jpg,test/masks/nail_test_004210.png,640,640,3,1,JPEG,PNG,31.79,1.51,7148,0.017451
test,test/images/nail_test_004211.jpg,test/masks/nail_test_004211.png,640,640,3,1,JPEG,PNG,23.08,1.51,13508,0.032979
test,test/images/nail_test_004216.jpg,test/masks/nail_test_004216.png,640,640,3,1,JPEG,PNG,14.48,2.63,288697,0.704827
test,test/images/nail_test_004217.jpg,test/masks/nail_test_004217.png,640,640,3,1,JPEG,PNG,20.1,2.95,242690,0.592505
test,test/images/nail_test_004219.jpg,test/masks/nail_test_004219.png,640,640,3,1,JPEG,PNG,20.08,3.59,279193,0.681624
test,test/images/nail_test_004262.jpg,test/masks/nail_test_004262.png,640,640,3,1,JPEG,PNG,27.03,2.07,13753,0.033577
test,test/images/nail_test_004264.jpg,test/masks/nail_test_004264.png,640,640,3,1,JPEG,PNG,30.98,1.22,4576,0.011172
test,test/images/nail_test_004266.jpg,test/masks/nail_test_004266.png,640,640,3,1,JPEG,PNG,27.22,1.43,6658,0.016255
test,test/images/nail_test_004276.jpg,test/masks/nail_test_004276.png,640,640,3,1,JPEG,PNG,25.31,1.48,6393,0.015608
test,test/images/nail_test_004287.jpg,test/masks/nail_test_004287.png,640,640,3,1,JPEG,PNG,20.95,1.5,10059,0.024558
test,test/images/nail_test_004294.jpg,test/masks/nail_test_004294.png,640,640,3,1,JPEG,PNG,25.1,1.42,4427,0.010808
test,test/images/nail_test_004300.jpg,test/masks/nail_test_004300.png,640,640,3,1,JPEG,PNG,29.88,1.77,10757,0.026262
test,test/images/nail_test_004304.jpg,test/masks/nail_test_004304.png,640,640,3,1,JPEG,PNG,24.1,1.16,3695,0.009021
test,test/images/nail_test_004307.jpg,test/masks/nail_test_004307.png,640,640,3,1,JPEG,PNG,25.02,1.91,11763,0.028718
test,test/images/nail_test_004327.jpg,test/masks/nail_test_004327.png,640,640,3,1,JPEG,PNG,35.76,1.95,8528,0.02082
test,test/images/nail_test_004334.jpg,test/masks/nail_test_004334.png,640,640,3,1,JPEG,PNG,39.3,1.5,9047,0.022087
test,test/images/nail_test_004335.jpg,test/masks/nail_test_004335.png,640,640,3,1,JPEG,PNG,33.03,1.06,4541,0.011086
test,test/images/nail_test_004347.jpg,test/masks/nail_test_004347.png,640,640,3,1,JPEG,PNG,24.99,1.46,9036,0.022061
test,test/images/nail_test_004358.jpg,test/masks/nail_test_004358.png,640,640,3,1,JPEG,PNG,36.17,1.26,5612,0.013701
test,test/images/nail_test_004366.jpg,test/masks/nail_test_004366.png,640,640,3,1,JPEG,PNG,34.85,1.46,6686,0.016323
test,test/images/nail_test_004384.jpg,test/masks/nail_test_004384.png,640,640,3,1,JPEG,PNG,39.39,1.3,5352,0.013066
test,test/images/nail_test_004387.jpg,test/masks/nail_test_004387.png,640,640,3,1,JPEG,PNG,20.33,1.23,4020,0.009814
test,test/images/nail_test_004396.jpg,test/masks/nail_test_004396.png,640,640,3,1,JPEG,PNG,23.27,1.27,6351,0.015505
test,test/images/nail_test_004411.jpg,test/masks/nail_test_004411.png,640,640,3,1,JPEG,PNG,27.7,2.23,17771,0.043386
test,test/images/nail_test_004419.jpg,test/masks/nail_test_004419.png,640,640,3,1,JPEG,PNG,26.2,1.71,11749,0.028684
test,test/images/nail_test_004443.jpg,test/masks/nail_test_004443.png,640,640,3,1,JPEG,PNG,33.09,1.66,6233,0.015217
test,test/images/nail_test_004446.jpg,test/masks/nail_test_004446.png,640,640,3,1,JPEG,PNG,34.55,0.72,870,0.002124
test,test/images/nail_test_004456.jpg,test/masks/nail_test_004456.png,640,640,3,1,JPEG,PNG,21.18,2.98,160728,0.392402
test,test/images/nail_test_004458.jpg,test/masks/nail_test_004458.png,640,640,3,1,JPEG,PNG,22.45,2.74,160634,0.392173
test,test/images/nail_test_004466.jpg,test/masks/nail_test_004466.png,640,640,3,1,JPEG,PNG,30.36,3.97,40189,0.098118
test,test/images/nail_test_004502.jpg,test/masks/nail_test_004502.png,640,640,3,1,JPEG,PNG,27.37,2.43,24193,0.059065
test,test/images/nail_test_004506.jpg,test/masks/nail_test_004506.png,640,640,3,1,JPEG,PNG,31.25,1.8,13442,0.032817
test,test/images/nail_test_004514.jpg,test/masks/nail_test_004514.png,640,640,3,1,JPEG,PNG,23.81,1.38,4568,0.011152
test,test/images/nail_test_004527.jpg,test/masks/nail_test_004527.png,640,640,3,1,JPEG,PNG,20.61,1.52,5359,0.013083
test,test/images/nail_test_004535.jpg,test/masks/nail_test_004535.png,640,640,3,1,JPEG,PNG,30.07,1.14,3997,0.009758
test,test/images/nail_test_004554.jpg,test/masks/nail_test_004554.png,640,640,3,1,JPEG,PNG,23.39,1.76,19792,0.04832
test,test/images/nail_test_004566.jpg,test/masks/nail_test_004566.png,640,640,3,1,JPEG,PNG,30.62,1.3,11691,0.028542
test,test/images/nail_test_004571.jpg,test/masks/nail_test_004571.png,640,640,3,1,JPEG,PNG,60.9,1.07,3837,0.009368
test,test/images/nail_test_004575.jpg,test/masks/nail_test_004575.png,640,640,3,1,JPEG,PNG,32.03,2.03,11037,0.026946
test,test/images/nail_test_004580.jpg,test/masks/nail_test_004580.png,640,640,3,1,JPEG,PNG,23.66,1.26,3665,0.008948
test,test/images/nail_test_004619.jpg,test/masks/nail_test_004619.png,640,640,3,1,JPEG,PNG,29.62,1.35,6048,0.014766
test,test/images/nail_test_004638.jpg,test/masks/nail_test_004638.png,640,640,3,1,JPEG,PNG,35.67,1.46,7016,0.017129
test,test/images/nail_test_004644.jpg,test/masks/nail_test_004644.png,640,640,3,1,JPEG,PNG,22.09,1.4,5838,0.014253
test,test/images/nail_test_004651.jpg,test/masks/nail_test_004651.png,640,640,3,1,JPEG,PNG,31.78,1.88,18456,0.045059
test,test/images/nail_test_004671.jpg,test/masks/nail_test_004671.png,640,640,3,1,JPEG,PNG,22.64,1.43,5550,0.01355
test,test/images/nail_test_004683.jpg,test/masks/nail_test_004683.png,640,640,3,1,JPEG,PNG,23.65,2.16,65519,0.159958
test,test/images/nail_test_004684.jpg,test/masks/nail_test_004684.png,640,640,3,1,JPEG,PNG,24.94,2.97,159886,0.390347
test,test/images/nail_test_004700.jpg,test/masks/nail_test_004700.png,640,640,3,1,JPEG,PNG,26.69,2.13,23319,0.056931
test,test/images/nail_test_004707.jpg,test/masks/nail_test_004707.png,640,640,3,1,JPEG,PNG,25.52,3.43,60029,0.146555
test,test/images/nail_test_004716.jpg,test/masks/nail_test_004716.png,640,640,3,1,JPEG,PNG,38.2,2.56,35275,0.086121
test,test/images/nail_test_004718.jpg,test/masks/nail_test_004718.png,640,640,3,1,JPEG,PNG,32.46,4.19,78579,0.191843
test,test/images/nail_test_004731.jpg,test/masks/nail_test_004731.png,640,640,3,1,JPEG,PNG,21.37,1.18,2968,0.007246
test,test/images/nail_test_004733.jpg,test/masks/nail_test_004733.png,640,640,3,1,JPEG,PNG,26.47,1.19,3162,0.00772
test,test/images/nail_test_004736.jpg,test/masks/nail_test_004736.png,640,640,3,1,JPEG,PNG,19.41,1.26,3839,0.009373
test,test/images/nail_test_004743.jpg,test/masks/nail_test_004743.png,640,640,3,1,JPEG,PNG,20.75,1.25,3738,0.009126
test,test/images/nail_test_004744.jpg,test/masks/nail_test_004744.png,640,640,3,1,JPEG,PNG,20.1,1.29,3753,0.009163
test,test/images/nail_test_004747.jpg,test/masks/nail_test_004747.png,640,640,3,1,JPEG,PNG,21.1,1.22,3167,0.007732
test,test/images/nail_test_004749.jpg,test/masks/nail_test_004749.png,640,640,3,1,JPEG,PNG,18.13,1.22,3078,0.007515
test,test/images/nail_test_004751.jpg,test/masks/nail_test_004751.png,640,640,3,1,JPEG,PNG,20.16,1.2,3095,0.007556
test,test/images/nail_test_004752.jpg,test/masks/nail_test_004752.png,640,640,3,1,JPEG,PNG,17.29,1.23,3104,0.007578
test,test/images/nail_test_004756.jpg,test/masks/nail_test_004756.png,640,640,3,1,JPEG,PNG,16.03,1.1,2439,0.005955
test,test/images/nail_test_004775.jpg,test/masks/nail_test_004775.png,640,640,3,1,JPEG,PNG,18.68,1.22,3107,0.007585
test,test/images/nail_test_004798.jpg,test/masks/nail_test_004798.png,640,640,3,1,JPEG,PNG,20.27,1.19,3087,0.007537
test,test/images/nail_test_004803.jpg,test/masks/nail_test_004803.png,640,640,3,1,JPEG,PNG,20.1,0.97,1576,0.003848
test,test/images/nail_test_004808.jpg,test/masks/nail_test_004808.png,640,640,3,1,JPEG,PNG,21.06,1.25,3082,0.007524
test,test/images/nail_test_004816.jpg,test/masks/nail_test_004816.png,640,640,3,1,JPEG,PNG,17.85,1.19,3012,0.007354
test,test/images/nail_test_004842.jpg,test/masks/nail_test_004842.png,640,640,3,1,JPEG,PNG,18.81,1.16,2435,0.005945
test,test/images/nail_test_004845.jpg,test/masks/nail_test_004845.png,640,640,3,1,JPEG,PNG,23.02,1.18,2930,0.007153
test,test/images/nail_test_004866.jpg,test/masks/nail_test_004866.png,640,640,3,1,JPEG,PNG,22.1,1.19,3122,0.007622
test,test/images/nail_test_004895.jpg,test/masks/nail_test_004895.png,640,640,3,1,JPEG,PNG,35.92,1.71,67103,0.163826
test,test/images/nail_test_004900.jpg,test/masks/nail_test_004900.png,640,640,3,1,JPEG,PNG,27.81,1.76,49759,0.121482
test,test/images/nail_test_004902.jpg,test/masks/nail_test_004902.png,640,640,3,1,JPEG,PNG,43.88,1.86,56662,0.138335
test,test/images/nail_test_004926.jpg,test/masks/nail_test_004926.png,640,640,3,1,JPEG,PNG,19.97,0.47,0,0
test,test/images/nail_test_004941.jpg,test/masks/nail_test_004941.png,640,640,3,1,JPEG,PNG,30.45,0.47,0,0
test,test/images/nail_test_004966.jpg,test/masks/nail_test_004966.png,640,640,3,1,JPEG,PNG,20.7,3.18,118946,0.290396
test,test/images/nail_test_004976.jpg,test/masks/nail_test_004976.png,640,640,3,1,JPEG,PNG,21.59,2.17,121166,0.295815
test,test/images/nail_test_004994.jpg,test/masks/nail_test_004994.png,640,640,3,1,JPEG,PNG,25.01,1.93,93392,0.228008
test,test/images/nail_test_005014.jpg,test/masks/nail_test_005014.png,640,640,3,1,JPEG,PNG,17.4,1.95,106006,0.258804
test,test/images/nail_test_005018.jpg,test/masks/nail_test_005018.png,640,640,3,1,JPEG,PNG,26.9,3.05,105042,0.25645
test,test/images/nail_test_005019.jpg,test/masks/nail_test_005019.png,640,640,3,1,JPEG,PNG,28.32,2.84,84100,0.205322
test,test/images/nail_test_005033.jpg,test/masks/nail_test_005033.png,640,640,3,1,JPEG,PNG,21.36,2.17,66319,0.161912
test,test/images/nail_test_005052.jpg,test/masks/nail_test_005052.png,640,640,3,1,JPEG,PNG,21.09,1.64,71404,0.174326
test,test/images/nail_test_005053.jpg,test/masks/nail_test_005053.png,640,640,3,1,JPEG,PNG,26.58,1.54,51093,0.124739
test,test/images/nail_test_005060.jpg,test/masks/nail_test_005060.png,640,640,3,1,JPEG,PNG,24.7,3.72,125976,0.307559
test,test/images/nail_test_005070.jpg,test/masks/nail_test_005070.png,640,640,3,1,JPEG,PNG,42.2,3.39,41135,0.100427
test,test/images/nail_test_005079.jpg,test/masks/nail_test_005079.png,640,640,3,1,JPEG,PNG,29.01,1.92,10443,0.025496
test,test/images/nail_test_005086.jpg,test/masks/nail_test_005086.png,640,640,3,1,JPEG,PNG,29.93,2.47,114981,0.280715
test,test/images/nail_test_005089.jpg,test/masks/nail_test_005089.png,640,640,3,1,JPEG,PNG,43.74,1.29,22677,0.055364
test,test/images/nail_test_005094.jpg,test/masks/nail_test_005094.png,640,640,3,1,JPEG,PNG,28.91,1.22,21917,0.053508
test,test/images/nail_test_005105.jpg,test/masks/nail_test_005105.png,640,640,3,1,JPEG,PNG,30.14,1.01,9351,0.02283
test,test/images/nail_test_005130.jpg,test/masks/nail_test_005130.png,640,640,3,1,JPEG,PNG,17.69,2.5,100428,0.245186
test,test/images/nail_test_005145.jpg,test/masks/nail_test_005145.png,640,640,3,1,JPEG,PNG,22.54,1.31,19491,0.047585
test,test/images/nail_test_005155.jpg,test/masks/nail_test_005155.png,640,640,3,1,JPEG,PNG,22.32,1.84,26674,0.065122
test,test/images/nail_test_005156.jpg,test/masks/nail_test_005156.png,640,640,3,1,JPEG,PNG,20.21,1.84,26721,0.065237
test,test/images/nail_test_005170.jpg,test/masks/nail_test_005170.png,640,640,3,1,JPEG,PNG,17.79,1.93,47546,0.116079
test,test/images/nail_test_005172.jpg,test/masks/nail_test_005172.png,640,640,3,1,JPEG,PNG,49.03,2.05,41637,0.101653
test,test/images/nail_test_005174.jpg,test/masks/nail_test_005174.png,640,640,3,1,JPEG,PNG,19.95,1.4,21807,0.05324
test,test/images/nail_test_005183.jpg,test/masks/nail_test_005183.png,640,640,3,1,JPEG,PNG,28.41,2,55365,0.135168
test,test/images/nail_test_005185.jpg,test/masks/nail_test_005185.png,640,640,3,1,JPEG,PNG,22.21,1.25,28902,0.070562
test,test/images/nail_test_005189.jpg,test/masks/nail_test_005189.png,640,640,3,1,JPEG,PNG,32.76,0.94,10323,0.025203
test,test/images/nail_test_005198.jpg,test/masks/nail_test_005198.png,640,640,3,1,JPEG,PNG,21.33,0.75,2346,0.005728
test,test/images/nail_test_005201.jpg,test/masks/nail_test_005201.png,640,640,3,1,JPEG,PNG,49.32,1.19,13621,0.033254
test,test/images/nail_test_005209.jpg,test/masks/nail_test_005209.png,640,640,3,1,JPEG,PNG,19.81,2.16,56656,0.13832
test,test/images/nail_test_005232.jpg,test/masks/nail_test_005232.png,640,640,3,1,JPEG,PNG,33.95,1.44,22382,0.054644
test,test/images/nail_test_005238.jpg,test/masks/nail_test_005238.png,640,640,3,1,JPEG,PNG,28.41,2,31106,0.075942
test,test/images/nail_test_005240.jpg,test/masks/nail_test_005240.png,640,640,3,1,JPEG,PNG,33.35,1.69,55041,0.134377
test,test/images/nail_test_005241.jpg,test/masks/nail_test_005241.png,640,640,3,1,JPEG,PNG,20.51,2.23,19393,0.047346
test,test/images/nail_test_005242.jpg,test/masks/nail_test_005242.png,640,640,3,1,JPEG,PNG,23.29,2.51,19333,0.0472
test,test/images/nail_test_005244.jpg,test/masks/nail_test_005244.png,640,640,3,1,JPEG,PNG,33.03,1.65,37054,0.090464
test,test/images/nail_test_005263.jpg,test/masks/nail_test_005263.png,640,640,3,1,JPEG,PNG,29.83,0.9,5182,0.012651
test,test/images/nail_test_005275.jpg,test/masks/nail_test_005275.png,640,640,3,1,JPEG,PNG,20.86,2.71,103121,0.25176
test,test/images/nail_test_005276.jpg,test/masks/nail_test_005276.png,640,640,3,1,JPEG,PNG,18.75,2.07,103114,0.251743
test,test/images/nail_test_005284.jpg,test/masks/nail_test_005284.png,640,640,3,1,JPEG,PNG,21.71,3.74,115363,0.281648
test,test/images/nail_test_005288.jpg,test/masks/nail_test_005288.png,640,640,3,1,JPEG,PNG,19.09,0.86,3726,0.009097
test,test/images/nail_test_005311.jpg,test/masks/nail_test_005311.png,640,640,3,1,JPEG,PNG,24.81,4.05,97740,0.238623
test,test/images/nail_test_005319.jpg,test/masks/nail_test_005319.png,640,640,3,1,JPEG,PNG,35.86,0.74,2238,0.005464
test,test/images/nail_test_005331.jpg,test/masks/nail_test_005331.png,640,640,3,1,JPEG,PNG,32.97,1.39,13711,0.033474
test,test/images/nail_test_005337.jpg,test/masks/nail_test_005337.png,640,640,3,1,JPEG,PNG,18.55,0.87,3078,0.007515
test,test/images/nail_test_005344.jpg,test/masks/nail_test_005344.png,640,640,3,1,JPEG,PNG,32.9,1.07,7407,0.018083
test,test/images/nail_test_005366.jpg,test/masks/nail_test_005366.png,640,640,3,1,JPEG,PNG,20.12,1.12,16026,0.039126
test,test/images/nail_test_005378.jpg,test/masks/nail_test_005378.png,640,640,3,1,JPEG,PNG,38.88,1.84,39513,0.096467
test,test/images/nail_test_005380.jpg,test/masks/nail_test_005380.png,640,640,3,1,JPEG,PNG,26.43,2.68,109201,0.266604
test,test/images/nail_test_005381.jpg,test/masks/nail_test_005381.png,640,640,3,1,JPEG,PNG,21.74,1.1,15651,0.03821
test,test/images/nail_test_005387.jpg,test/masks/nail_test_005387.png,640,640,3,1,JPEG,PNG,20.83,1.17,17447,0.042595
test,test/images/nail_test_005402.jpg,test/masks/nail_test_005402.png,640,640,3,1,JPEG,PNG,21.44,1.48,31138,0.076021
test,test/images/nail_test_005405.jpg,test/masks/nail_test_005405.png,640,640,3,1,JPEG,PNG,22.14,0.69,2168,0.005293
test,test/images/nail_test_005412.jpg,test/masks/nail_test_005412.png,640,640,3,1,JPEG,PNG,21.9,1.12,9003,0.02198
test,test/images/nail_test_005419.jpg,test/masks/nail_test_005419.png,640,640,3,1,JPEG,PNG,28.78,0.84,3587,0.008757
test,test/images/nail_test_005433.jpg,test/masks/nail_test_005433.png,640,640,3,1,JPEG,PNG,21.1,1.05,8000,0.019531
test,test/images/nail_test_005437.jpg,test/masks/nail_test_005437.png,640,640,3,1,JPEG,PNG,22.99,1.56,26982,0.065874
test,test/images/nail_test_005440.jpg,test/masks/nail_test_005440.png,640,640,3,1,JPEG,PNG,51.83,1.32,31803,0.077644
test,test/images/nail_test_005448.jpg,test/masks/nail_test_005448.png,640,640,3,1,JPEG,PNG,21.05,1.69,11595,0.028308
test,test/images/nail_test_005449.jpg,test/masks/nail_test_005449.png,640,640,3,1,JPEG,PNG,31.61,1.47,17549,0.042844
test,test/images/nail_test_005470.jpg,test/masks/nail_test_005470.png,640,640,3,1,JPEG,PNG,13.56,1.08,7361,0.017971
test,test/images/nail_test_005474.jpg,test/masks/nail_test_005474.png,640,640,3,1,JPEG,PNG,19.18,0.6,295,0.00072
test,test/images/nail_test_005478.jpg,test/masks/nail_test_005478.png,640,640,3,1,JPEG,PNG,22.05,1.84,40752,0.099492
test,test/images/nail_test_005479.jpg,test/masks/nail_test_005479.png,640,640,3,1,JPEG,PNG,18.25,1.63,49086,0.119839
test,test/images/nail_test_005486.jpg,test/masks/nail_test_005486.png,640,640,3,1,JPEG,PNG,26.06,0.99,5124,0.01251
test,test/images/nail_test_005500.jpg,test/masks/nail_test_005500.png,640,640,3,1,JPEG,PNG,16.19,0.83,4067,0.009929
test,test/images/nail_test_005518.jpg,test/masks/nail_test_005518.png,640,640,3,1,JPEG,PNG,15.89,1.12,8775,0.021423
test,test/images/nail_test_005525.jpg,test/masks/nail_test_005525.png,640,640,3,1,JPEG,PNG,30.79,1.91,15168,0.037031
test,test/images/nail_test_005531.jpg,test/masks/nail_test_005531.png,640,640,3,1,JPEG,PNG,27.41,1.3,22289,0.054417
test,test/images/nail_test_005532.jpg,test/masks/nail_test_005532.png,640,640,3,1,JPEG,PNG,30.4,1.4,22131,0.054031
test,test/images/nail_test_005537.jpg,test/masks/nail_test_005537.png,640,640,3,1,JPEG,PNG,27.28,1.98,39224,0.095762
test,test/images/nail_test_005545.jpg,test/masks/nail_test_005545.png,640,640,3,1,JPEG,PNG,17.79,1.56,21762,0.05313
test,test/images/nail_test_005546.jpg,test/masks/nail_test_005546.png,640,640,3,1,JPEG,PNG,17.45,1.51,21792,0.053203
test,test/images/nail_test_005580.jpg,test/masks/nail_test_005580.png,640,640,3,1,JPEG,PNG,25.94,2.07,59589,0.145481
test,test/images/nail_test_005590.jpg,test/masks/nail_test_005590.png,640,640,3,1,JPEG,PNG,24.68,2.24,50236,0.122646
test,test/images/nail_test_005591.jpg,test/masks/nail_test_005591.png,640,640,3,1,JPEG,PNG,20.24,1.9,29604,0.072275
test,test/images/nail_test_005598.jpg,test/masks/nail_test_005598.png,640,640,3,1,JPEG,PNG,15.54,2.13,77062,0.18814
test,test/images/nail_test_005602.jpg,test/masks/nail_test_005602.png,640,640,3,1,JPEG,PNG,25.71,1.04,4412,0.010771
test,test/images/nail_test_005607.jpg,test/masks/nail_test_005607.png,640,640,3,1,JPEG,PNG,24.56,1.82,20595,0.050281
test,test/images/nail_test_005621.jpg,test/masks/nail_test_005621.png,640,640,3,1,JPEG,PNG,25.22,1.09,15064,0.036777
test,test/images/nail_test_005631.jpg,test/masks/nail_test_005631.png,640,640,3,1,JPEG,PNG,16.29,0.88,3497,0.008538
test,test/images/nail_test_005633.jpg,test/masks/nail_test_005633.png,640,640,3,1,JPEG,PNG,18.64,0.83,3573,0.008723
test,test/images/nail_test_005657.jpg,test/masks/nail_test_005657.png,640,640,3,1,JPEG,PNG,17.55,1.42,13633,0.033284
test,test/images/nail_test_005659.jpg,test/masks/nail_test_005659.png,640,640,3,1,JPEG,PNG,26.9,2.12,50851,0.124148
test,test/images/nail_test_005660.jpg,test/masks/nail_test_005660.png,640,640,3,1,JPEG,PNG,34.37,1.98,50951,0.124392
test,test/images/nail_test_005662.jpg,test/masks/nail_test_005662.png,640,640,3,1,JPEG,PNG,20.29,1.8,54253,0.132454
test,test/images/nail_test_005669.jpg,test/masks/nail_test_005669.png,640,640,3,1,JPEG,PNG,17.89,0.97,6273,0.015315
test,test/images/nail_test_005672.jpg,test/masks/nail_test_005672.png,640,640,3,1,JPEG,PNG,41.45,2.01,13713,0.033479
test,test/images/nail_test_005686.jpg,test/masks/nail_test_005686.png,640,640,3,1,JPEG,PNG,18.1,1,7127,0.0174
test,test/images/nail_test_005687.jpg,test/masks/nail_test_005687.png,640,640,3,1,JPEG,PNG,23.6,2.37,102287,0.249724
test,test/images/nail_test_005695.jpg,test/masks/nail_test_005695.png,640,640,3,1,JPEG,PNG,21.83,1.84,39335,0.096033
test,test/images/nail_test_005701.jpg,test/masks/nail_test_005701.png,640,640,3,1,JPEG,PNG,46.14,1.36,14082,0.03438
test,test/images/nail_test_005726.jpg,test/masks/nail_test_005726.png,640,640,3,1,JPEG,PNG,21.68,0.92,3208,0.007832
test,test/images/nail_test_005729.jpg,test/masks/nail_test_005729.png,640,640,3,1,JPEG,PNG,25.34,1.73,26334,0.064292
test,test/images/nail_test_005745.jpg,test/masks/nail_test_005745.png,640,640,3,1,JPEG,PNG,25.78,1,6431,0.015701
test,test/images/nail_test_005760.jpg,test/masks/nail_test_005760.png,640,640,3,1,JPEG,PNG,37.09,1.1,11209,0.027366
test,test/images/nail_test_005763.jpg,test/masks/nail_test_005763.png,640,640,3,1,JPEG,PNG,19.92,0.91,4686,0.01144
test,test/images/nail_test_005766.jpg,test/masks/nail_test_005766.png,640,640,3,1,JPEG,PNG,19,2.08,103714,0.253208
test,test/images/nail_test_005774.jpg,test/masks/nail_test_005774.png,640,640,3,1,JPEG,PNG,18.39,1.49,93298,0.227778
test,test/images/nail_test_005786.jpg,test/masks/nail_test_005786.png,640,640,3,1,JPEG,PNG,19.13,0.66,1862,0.004546
test,test/images/nail_test_005806.jpg,test/masks/nail_test_005806.png,640,640,3,1,JPEG,PNG,36.8,0.74,2627,0.006414
test,test/images/nail_test_005816.jpg,test/masks/nail_test_005816.png,640,640,3,1,JPEG,PNG,31.48,4.13,85321,0.208303
test,test/images/nail_test_005822.jpg,test/masks/nail_test_005822.png,640,640,3,1,JPEG,PNG,21.88,2.12,60863,0.148591
test,test/images/nail_test_005830.jpg,test/masks/nail_test_005830.png,640,640,3,1,JPEG,PNG,14.4,2.37,114075,0.278503
test,test/images/nail_test_005837.jpg,test/masks/nail_test_005837.png,640,640,3,1,JPEG,PNG,22.51,2.64,89723,0.21905
test,test/images/nail_test_005838.jpg,test/masks/nail_test_005838.png,640,640,3,1,JPEG,PNG,20.53,2.2,89501,0.218508
test,test/images/nail_test_005842.jpg,test/masks/nail_test_005842.png,640,640,3,1,JPEG,PNG,26.53,2.14,56695,0.138416
test,test/images/nail_test_005843.jpg,test/masks/nail_test_005843.png,640,640,3,1,JPEG,PNG,20.2,2.74,134790,0.329077
test,test/images/nail_test_005851.jpg,test/masks/nail_test_005851.png,640,640,3,1,JPEG,PNG,29.6,2.7,90525,0.221008
test,test/images/nail_test_005852.jpg,test/masks/nail_test_005852.png,640,640,3,1,JPEG,PNG,26.68,2.27,90572,0.221123
test,test/images/nail_test_005861.jpg,test/masks/nail_test_005861.png,640,640,3,1,JPEG,PNG,16.8,2.71,101284,0.247275
test,test/images/nail_test_005878.jpg,test/masks/nail_test_005878.png,640,640,3,1,JPEG,PNG,16.45,2.22,28245,0.068958
test,test/images/nail_test_005879.jpg,test/masks/nail_test_005879.png,640,640,3,1,JPEG,PNG,19.69,2.13,129503,0.316169
test,test/images/nail_test_005885.jpg,test/masks/nail_test_005885.png,640,640,3,1,JPEG,PNG,21.77,1.62,22838,0.055757
test,test/images/nail_test_005897.jpg,test/masks/nail_test_005897.png,640,640,3,1,JPEG,PNG,23.13,2.28,65462,0.159819
test,test/images/nail_test_005901.jpg,test/masks/nail_test_005901.png,640,640,3,1,JPEG,PNG,18.76,1.62,24921,0.060842
test,test/images/nail_test_005906.jpg,test/masks/nail_test_005906.png,640,640,3,1,JPEG,PNG,29.55,2.37,13844,0.033799
test,test/images/nail_test_005915.jpg,test/masks/nail_test_005915.png,640,640,3,1,JPEG,PNG,13.33,2,43072,0.105156
test,test/images/nail_test_005916.jpg,test/masks/nail_test_005916.png,640,640,3,1,JPEG,PNG,11.68,1.85,43233,0.105549
test,test/images/nail_test_005927.jpg,test/masks/nail_test_005927.png,640,640,3,1,JPEG,PNG,39.67,0.61,359,0.000876
test,test/images/nail_test_005934.jpg,test/masks/nail_test_005934.png,640,640,3,1,JPEG,PNG,49.94,0.47,0,0
test,test/images/nail_test_005951.jpg,test/masks/nail_test_005951.png,640,640,3,1,JPEG,PNG,33.36,1.39,6423,0.015681
test,test/images/nail_test_005961.jpg,test/masks/nail_test_005961.png,640,640,3,1,JPEG,PNG,40.72,1.52,8031,0.019607
test,test/images/nail_test_005964.jpg,test/masks/nail_test_005964.png,640,640,3,1,JPEG,PNG,37.48,1.84,8011,0.019558
test,test/images/nail_test_005973.jpg,test/masks/nail_test_005973.png,640,640,3,1,JPEG,PNG,48.36,1.82,51280,0.125195
test,test/images/nail_test_005979.jpg,test/masks/nail_test_005979.png,640,640,3,1,JPEG,PNG,41.2,1.79,75323,0.183894
test,test/images/nail_test_005991.jpg,test/masks/nail_test_005991.png,640,640,3,1,JPEG,PNG,38.91,1.53,6560,0.016016
test,test/images/nail_test_005997.jpg,test/masks/nail_test_005997.png,640,640,3,1,JPEG,PNG,53.99,3.05,59667,0.145671
test,test/images/nail_test_006000.jpg,test/masks/nail_test_006000.png,640,640,3,1,JPEG,PNG,54.11,3.06,61531,0.150222
test,test/images/nail_test_006006.jpg,test/masks/nail_test_006006.png,640,640,3,1,JPEG,PNG,28.17,2.94,38981,0.095168
test,test/images/nail_test_006043.jpg,test/masks/nail_test_006043.png,640,640,3,1,JPEG,PNG,39.37,1.91,10905,0.026624
test,test/images/nail_test_006058.jpg,test/masks/nail_test_006058.png,640,640,3,1,JPEG,PNG,47.39,2.29,19830,0.048413
test,test/images/nail_test_006065.jpg,test/masks/nail_test_006065.png,640,640,3,1,JPEG,PNG,28.28,2.07,19352,0.047246
test,test/images/nail_test_006075.jpg,test/masks/nail_test_006075.png,640,640,3,1,JPEG,PNG,26.06,1.57,12868,0.031416
test,test/images/nail_test_006076.jpg,test/masks/nail_test_006076.png,640,640,3,1,JPEG,PNG,29.38,1.52,12374,0.03021
test,test/images/nail_test_006091.jpg,test/masks/nail_test_006091.png,640,640,3,1,JPEG,PNG,29.02,2.2,26821,0.065481
test,test/images/nail_test_006092.jpg,test/masks/nail_test_006092.png,640,640,3,1,JPEG,PNG,26.42,2.33,26754,0.065317
test,test/images/nail_test_006097.jpg,test/masks/nail_test_006097.png,640,640,3,1,JPEG,PNG,26.01,1.19,2997,0.007317
test,test/images/nail_test_006098.jpg,test/masks/nail_test_006098.png,640,640,3,1,JPEG,PNG,24.4,1.31,2996,0.007314
test,test/images/nail_test_006120.jpg,test/masks/nail_test_006120.png,640,640,3,1,JPEG,PNG,42.04,2.05,105344,0.257188
test,test/images/nail_test_006127.jpg,test/masks/nail_test_006127.png,640,640,3,1,JPEG,PNG,30.41,1.42,7897,0.01928
test,test/images/nail_test_006142.jpg,test/masks/nail_test_006142.png,640,640,3,1,JPEG,PNG,35.25,3.17,30506,0.074478
test,test/images/nail_test_006153.jpg,test/masks/nail_test_006153.png,640,640,3,1,JPEG,PNG,31.91,0.47,0,0
test,test/images/nail_test_006159.jpg,test/masks/nail_test_006159.png,640,640,3,1,JPEG,PNG,31.33,1.21,5089,0.012424
test,test/images/nail_test_006168.jpg,test/masks/nail_test_006168.png,640,640,3,1,JPEG,PNG,20.07,0.84,4627,0.011296
test,test/images/nail_test_006177.jpg,test/masks/nail_test_006177.png,640,640,3,1,JPEG,PNG,19.24,1.54,10136,0.024746
test,test/images/nail_test_006181.jpg,test/masks/nail_test_006181.png,640,640,3,1,JPEG,PNG,31.63,1.69,9721,0.023733
test,test/images/nail_test_006186.jpg,test/masks/nail_test_006186.png,640,640,3,1,JPEG,PNG,24.62,2.02,12260,0.029932
test,test/images/nail_test_006188.jpg,test/masks/nail_test_006188.png,640,640,3,1,JPEG,PNG,29.51,1.93,12141,0.029641
test,test/images/nail_test_006193.jpg,test/masks/nail_test_006193.png,640,640,3,1,JPEG,PNG,17.97,1.9,12238,0.029878
test,test/images/nail_test_006194.jpg,test/masks/nail_test_006194.png,640,640,3,1,JPEG,PNG,20.76,2.02,12264,0.029941
test,test/images/nail_test_006196.jpg,test/masks/nail_test_006196.png,640,640,3,1,JPEG,PNG,18.03,1.72,11846,0.028921
test,test/images/nail_test_006201.jpg,test/masks/nail_test_006201.png,640,640,3,1,JPEG,PNG,23,1.73,7387,0.018035
test,test/images/nail_test_006226.jpg,test/masks/nail_test_006226.png,640,640,3,1,JPEG,PNG,16.62,1.89,12717,0.031047
test,test/images/nail_test_006234.jpg,test/masks/nail_test_006234.png,640,640,3,1,JPEG,PNG,32.47,1.31,10964,0.026768
test,test/images/nail_test_006256.jpg,test/masks/nail_test_006256.png,640,640,3,1,JPEG,PNG,28.95,1.52,6365,0.01554
test,test/images/nail_test_006290.jpg,test/masks/nail_test_006290.png,640,640,3,1,JPEG,PNG,30.63,1.35,7630,0.018628
test,test/images/nail_test_006304.jpg,test/masks/nail_test_006304.png,640,640,3,1,JPEG,PNG,29.6,1.23,3057,0.007463
test,test/images/nail_test_006312.jpg,test/masks/nail_test_006312.png,640,640,3,1,JPEG,PNG,29.4,1.29,7332,0.0179
test,test/images/nail_test_006314.jpg,test/masks/nail_test_006314.png,640,640,3,1,JPEG,PNG,27.6,1.42,7150,0.017456
test,test/images/nail_test_006326.jpg,test/masks/nail_test_006326.png,640,640,3,1,JPEG,PNG,23.74,1.72,12422,0.030327
test,test/images/nail_test_006331.jpg,test/masks/nail_test_006331.png,640,640,3,1,JPEG,PNG,36.54,1.44,7053,0.017219
test,test/images/nail_test_006333.jpg,test/masks/nail_test_006333.png,640,640,3,1,JPEG,PNG,41.49,1.5,8003,0.019539
test,test/images/nail_test_006338.jpg,test/masks/nail_test_006338.png,640,640,3,1,JPEG,PNG,36.7,1.52,5236,0.012783
test,test/images/nail_test_006342.jpg,test/masks/nail_test_006342.png,640,640,3,1,JPEG,PNG,41.3,1.41,5799,0.014158
test,test/images/nail_test_006347.jpg,test/masks/nail_test_006347.png,640,640,3,1,JPEG,PNG,28.77,2.03,12430,0.030347
test,test/images/nail_test_006374.jpg,test/masks/nail_test_006374.png,640,640,3,1,JPEG,PNG,35.58,1.12,1770,0.004321
test,test/images/nail_test_006385.jpg,test/masks/nail_test_006385.png,640,640,3,1,JPEG,PNG,34.63,1.25,5041,0.012307
test,test/images/nail_test_006402.jpg,test/masks/nail_test_006402.png,640,640,3,1,JPEG,PNG,18.3,2.44,36200,0.088379
test,test/images/nail_test_006416.jpg,test/masks/nail_test_006416.png,640,640,3,1,JPEG,PNG,23.45,1.21,3412,0.00833
test,test/images/nail_test_006427.jpg,test/masks/nail_test_006427.png,640,640,3,1,JPEG,PNG,30.08,2.22,14327,0.034978
test,test/images/nail_test_006448.jpg,test/masks/nail_test_006448.png,640,640,3,1,JPEG,PNG,59.42,1.32,3174,0.007749
test,test/images/nail_test_006463.jpg,test/masks/nail_test_006463.png,640,640,3,1,JPEG,PNG,21.51,3.83,207457,0.506487
test,test/images/nail_test_006468.jpg,test/masks/nail_test_006468.png,640,640,3,1,JPEG,PNG,38.78,2.15,53931,0.131667
test,test/images/nail_test_006476.jpg,test/masks/nail_test_006476.png,640,640,3,1,JPEG,PNG,46.94,0.47,0,0
test,test/images/nail_test_006482.jpg,test/masks/nail_test_006482.png,640,640,3,1,JPEG,PNG,30.55,0.47,0,0
test,test/images/nail_test_006498.jpg,test/masks/nail_test_006498.png,640,640,3,1,JPEG,PNG,32.08,0.47,0,0
test,test/images/nail_test_006517.jpg,test/masks/nail_test_006517.png,640,640,3,1,JPEG,PNG,21.35,0.47,0,0
test,test/images/nail_test_006528.jpg,test/masks/nail_test_006528.png,640,640,3,1,JPEG,PNG,32.33,0.47,0,0
test,test/images/nail_test_006539.jpg,test/masks/nail_test_006539.png,640,640,3,1,JPEG,PNG,39.5,0.47,0,0
test,test/images/nail_test_006542.jpg,test/masks/nail_test_006542.png,640,640,3,1,JPEG,PNG,31.4,0.47,0,0
test,test/images/nail_test_006590.jpg,test/masks/nail_test_006590.png,640,640,3,1,JPEG,PNG,35.27,4.23,50053,0.1222
test,test/images/nail_test_006604.jpg,test/masks/nail_test_006604.png,640,640,3,1,JPEG,PNG,37.22,1.97,10921,0.026663
test,test/images/nail_test_006606.jpg,test/masks/nail_test_006606.png,640,640,3,1,JPEG,PNG,28.97,1.57,7370,0.017993
test,test/images/nail_test_006624.jpg,test/masks/nail_test_006624.png,640,640,3,1,JPEG,PNG,23.38,1.28,4405,0.010754
test,test/images/nail_test_006663.jpg,test/masks/nail_test_006663.png,640,640,3,1,JPEG,PNG,30.15,2.11,13698,0.033442
test,test/images/nail_test_006672.jpg,test/masks/nail_test_006672.png,640,640,3,1,JPEG,PNG,77.15,1.49,5818,0.014204
test,test/images/nail_test_006680.jpg,test/masks/nail_test_006680.png,640,640,3,1,JPEG,PNG,29.87,1.68,14047,0.034294
test,test/images/nail_test_006684.jpg,test/masks/nail_test_006684.png,640,640,3,1,JPEG,PNG,43.59,1.05,2604,0.006357
test,test/images/nail_test_006687.jpg,test/masks/nail_test_006687.png,640,640,3,1,JPEG,PNG,38.32,1.36,5889,0.014377
test,test/images/nail_test_006728.jpg,test/masks/nail_test_006728.png,640,640,3,1,JPEG,PNG,42.76,2.74,31118,0.075972
test,test/images/nail_test_006733.jpg,test/masks/nail_test_006733.png,640,640,3,1,JPEG,PNG,27.34,1.66,10614,0.025913
test,test/images/nail_test_006738.jpg,test/masks/nail_test_006738.png,640,640,3,1,JPEG,PNG,26.67,3.48,43618,0.106489
test,test/images/nail_test_006750.jpg,test/masks/nail_test_006750.png,640,640,3,1,JPEG,PNG,32.61,4,54502,0.133062
test,test/images/nail_test_006763.jpg,test/masks/nail_test_006763.png,640,640,3,1,JPEG,PNG,41.12,1.72,11087,0.027068
test,test/images/nail_test_006769.jpg,test/masks/nail_test_006769.png,640,640,3,1,JPEG,PNG,24.4,1.26,4294,0.010483
test,test/images/nail_test_006781.jpg,test/masks/nail_test_006781.png,640,640,3,1,JPEG,PNG,23.52,1.32,5237,0.012786
